game_count_2023,discounted_ci_lower,Avg_Fumble_Recoveries,game_count_2020,game_count_2024,name,weighted_game_count,ci_upper,Avg_Sacks,Avg_Defensive_TDs,ci_lower,pos,team,weighted_mean,game_count_2022,Player,Avg_Points_Allowed,Avg_Interceptions,game_count_2021
0.0,205.5648,0.0,0.0,0.0,"Jeanty, Ashton",0.05,351.624,0.0,0.0,189.336,,,270.48,0.0,,0.0,0.0,0.0
0.0,138.24,0.0,0.0,0.0,"Ward, Cam",0.05,259.20000000000005,0.0,0.0,124.8,,,192.0,0.0,,0.0,0.0,0.0
0.0,132.848,0.0,0.0,0.0,"Hampton, Omarion",0.05,227.24,0.0,0.0,122.36,,,174.8,0.0,,0.0,0.0,0.0
0.0,129.352,0.0,0.0,0.0,"Johnson, Kaleb",0.05,221.26,0.0,0.0,119.14,,,170.20000000000002,0.0,,0.0,0.0,0.0
0.0,122.36,0.0,0.0,0.0,"Harvey, RJ",0.05,209.3,0.0,0.0,112.7,,,161.0,0.0,,0.0,0.0,0.0
0.0,115.2,0.0,0.0,0.0,"Milroe, Jalen",0.05,216.0,0.0,0.0,104.0,,,160.0,0.0,,0.0,0.0,0.0
0.0,118.864,0.0,0.0,0.0,"Judkins, Quinshon",0.05,203.32,0.0,0.0,109.48,,,156.4,0.0,,0.0,0.0,0.0
0.0,106.56,0.0,0.0,0.0,"Beck, Carson",0.05,199.8,0.0,0.0,96.2,,,148.0,0.0,,0.0,0.0,0.0
0.0,97.2774,0.0,0.0,0.0,"McMillan, Tetairoa",0.05,200.277,0.0,0.0,85.833,,,143.055,0.0,,0.0,0.0,0.0
0.0,104.88,0.0,0.0,0.0,"Skattebo, Cam",0.05,179.4,0.0,0.0,96.6,,,138.0,0.0,,0.0,0.0,0.0
0.0,101.384,0.0,0.0,0.0,"Henderson, TreVeyon",0.05,173.42000000000002,0.0,0.0,93.38,,,133.4,0.0,,0.0,0.0,0.0
0.0,85.11049999999999,0.0,0.0,0.0,"Hunter, Travis",0.05,175.2275,0.0,0.0,75.0975,,,125.1625,0.0,,0.0,0.0,0.0
0.0,80.91999999999999,0.0,0.0,0.0,"Golden, Matthew",0.05,166.6,0.0,0.0,71.39999999999999,,,119.0,0.0,,0.0,0.0,0.0
0.0,87.4,0.0,0.0,0.0,"Brooks, Antwane",0.05,149.5,0.0,0.0,80.5,,,115.0,0.0,,0.0,0.0,0.0
0.0,80.40800000000002,0.0,0.0,0.0,"Thompson, Bryson",0.05,137.54000000000002,0.0,0.0,74.06,,,105.8,0.0,,0.0,0.0,0.0
0.0,63.283199999999994,0.0,0.0,0.0,"Warren, Tyler",0.05,143.376,0.0,0.0,54.38400000000001,,,98.88,0.0,,0.0,0.0,0.0
0.0,66.47,0.0,0.0,0.0,"Neyor, Isaiah",0.05,136.85,0.0,0.0,58.65,,,97.75,0.0,,0.0,0.0,0.0
0.0,63.57999999999999,0.0,0.0,0.0,"Worthy, Ja'Marr",0.05,130.9,0.0,0.0,56.1,,,93.5,0.0,,0.0,0.0,0.0
0.0,60.69,0.0,0.0,0.0,"Wilson, Malachi",0.05,124.95,0.0,0.0,53.55,,,89.25,0.0,,0.0,0.0,0.0
0.0,48.63999999999999,0.0,0.0,0.0,"Sanders, Emeka",0.05,110.2,0.0,0.0,41.8,,,76.0,0.0,,0.0,0.0,0.0
16.0,19.289423076923075,,16.0,15.0,"Allen, Josh",0.3886075949367089,35.72115384615385,,,21.432692307692307,QB,Buffalo,28.576923076923077,15.0,"Allen, Josh",,,16.0
16.0,17.55865384615385,,15.0,15.0,"Mahomes, Patrick",0.3911392405063291,32.51602564102564,,,19.509615384615387,QB,Kansas City,26.012820512820515,16.0,"Mahomes, Patrick",,,16.0
0.0,17.212500000000002,,16.0,0.0,"Brady, Tom",0.1959183673469388,31.875,,,19.125,,,25.5,16.0,"Brady, Tom",,,16.0
32.0,17.145,,30.0,30.0,"Jackson, Lamar",0.4099290780141844,31.75,,,19.049999999999997,QB,Baltimore,25.4,24.0,"Jackson, Lamar",,,24.0
10.0,16.557954545454546,,10.0,15.0,"Burrow, Joe",0.4134328358208955,30.66287878787879,,,18.397727272727273,QB,Cincinnati,24.53030303030303,15.0,"Burrow, Joe",,,16.0
16.0,16.24909090909091,,5.0,8.0,"Prescott, Dak",0.3785714285714285,30.090909090909093,,,18.054545454545455,QB,Dallas,24.07272727272727,11.0,"Prescott, Dak",,,15.0
0.0,16.245,,0.0,15.0,"Daniels, Jayden",0.9375,30.083333333333332,,,18.05,QB,Washington,24.066666666666663,0.0,"Daniels, Jayden",,,0.0
7.0,15.677419354838712,,16.0,15.0,"Murray, Kyler",0.4015873015873016,29.032258064516128,,,17.41935483870968,QB,Arizona,23.225806451612904,11.0,"Murray, Kyler",,,13.0
1.0,15.117857142857144,,16.0,15.0,"Rodgers, Aaron",0.3874999999999999,27.996031746031743,,,16.797619047619047,QB,NY Jets,22.396825396825395,16.0,"Rodgers, Aaron",,,15.0
13.0,15.057,,15.0,15.0,"Herbert, Justin",0.3907894736842105,27.883333333333336,,,16.73,QB,LA Chargers,22.30666666666667,16.0,"Herbert, Justin",,,16.0
16.0,15.053424657534247,,14.0,12.0,"Adams, Davante",0.372972972972973,27.87671232876712,,,16.726027397260275,WR,Las Vegas,22.301369863013697,16.0,"Adams, Davante",,,15.0
16.0,14.908695652173911,,3.0,4.0,"McCaffrey, Christian",0.3595744680851063,27.60869565217391,,,16.565217391304348,RB,San Francisco,22.08695652173913,16.0,"McCaffrey, Christian",,,7.0
16.0,14.85912162162162,,14.0,15.0,"Hurts, Jalen",0.4,27.51689189189189,,,16.510135135135133,QB,Philadelphia,22.013513513513512,14.0,"Hurts, Jalen",,,15.0
9.0,14.718750000000002,,16.0,15.0,"Jefferson, Justin",0.3863013698630137,27.256944444444446,,,16.354166666666668,WR,Minnesota,21.805555555555557,16.0,"Jefferson, Justin",,,16.0
8.0,14.713043478260872,,16.0,14.0,"Cousins, Kirk",0.3799999999999999,27.246376811594203,,,16.347826086956523,QB,Atlanta,21.797101449275363,16.0,"Cousins, Kirk",,,15.0
15.0,14.542105263157897,,0.0,15.0,"Chase, Ja'Marr",0.4741379310344827,26.92982456140351,,,16.157894736842106,WR,Cincinnati,21.54385964912281,11.0,"Chase, Ja'Marr",,,16.0
16.0,14.396785714285716,,16.0,15.0,"Henry, Derrick",0.4098591549295775,26.660714285714285,,,15.996428571428572,RB,Baltimore,21.32857142857143,15.0,"Henry, Derrick",,,8.0
15.0,14.376623376623376,,15.0,15.0,"Hill, Tyreek",0.391025641025641,26.623376623376625,,,15.974025974025974,WR,Miami,21.2987012987013,16.0,"Hill, Tyreek",,,16.0
0.0,14.34375,,12.0,0.0,"Brees, Drew",0.0923076923076923,26.5625,,,15.9375,,,21.25,0.0,"Brees, Drew",,,0.0
15.0,14.18507462686567,,16.0,9.0,"Wilson, Russell",0.3441176470588235,26.26865671641791,,,15.761194029850746,QB,Pittsburgh,21.01492537313433,14.0,"Wilson, Russell",,,13.0
0.0,14.175,,1.0,0.0,"Williams, Antonio",0.05,26.25,,,15.75,,,21.0,0.0,"Williams, Antonio",,,0.0
6.0,13.936764705882354,,16.0,7.0,"Watson, Deshaun",0.3571428571428571,25.808823529411768,,,15.48529411764706,QB,Cleveland,20.647058823529413,5.0,"Watson, Deshaun",,,0.0
16.0,13.814999999999998,,15.0,15.0,"Goff, Jared",0.3986842105263157,25.583333333333332,,,15.349999999999998,QB,Detroit,20.466666666666665,16.0,"Goff, Jared",,,13.0
12.0,13.717741935483872,,15.0,10.0,"Kupp, Cooper",0.3523809523809524,25.403225806451616,,,15.241935483870968,WR,LA Rams,20.322580645161292,9.0,"Kupp, Cooper",,,16.0
16.0,13.629807692307692,,0.0,10.0,"Nacua, Puka",0.6074074074074074,25.240384615384617,,,15.14423076923077,WR,LA Rams,20.192307692307693,0.0,"Nacua, Puka",,,0.0
0.0,13.545000000000002,,0.0,15.0,"Nix, Bo",0.9375,25.083333333333332,,,15.05,QB,Denver,20.066666666666663,0.0,"Nix, Bo",,,0.0
16.0,13.180263157894736,,0.0,14.0,"Purdy, Brock",0.5846153846153846,24.407894736842103,,,14.644736842105264,QB,San Francisco,19.526315789473685,8.0,"Purdy, Brock",,,0.0
16.0,13.031854838709677,,10.0,11.0,"Tagovailoa, Tua",0.3920634920634921,24.133064516129032,,,14.479838709677418,QB,Miami,19.306451612903224,13.0,"Tagovailoa, Tua",,,12.0
15.0,12.958098591549296,,16.0,15.0,"Stafford, Matthew",0.3958333333333333,23.996478873239436,,,14.39788732394366,QB,LA Rams,19.197183098591548,9.0,"Stafford, Matthew",,,16.0
0.0,12.892500000000002,,15.0,0.0,"Roethlisberger, Ben",0.1451612903225806,23.875,,,14.325,,,19.1,0.0,"Roethlisberger, Ben",,,15.0
14.0,12.825,,0.0,15.0,"Stroud, C.J.",0.6866666666666668,23.75,,,14.25,QB,Houston,19.0,0.0,"Stroud, C.J.",,,0.0
13.0,12.775367647058824,,15.0,14.0,"Kamara, Alvin",0.3956521739130434,23.658088235294116,,,14.194852941176473,RB,New Orleans,18.926470588235293,14.0,"Kamara, Alvin",,,12.0
16.0,12.720422535211268,,16.0,8.0,"Diggs, Stefon",0.3291666666666667,23.556338028169016,,,14.133802816901408,WR,Houston,18.845070422535212,15.0,"Diggs, Stefon",,,16.0
16.0,12.646875,,16.0,15.0,"Mayfield, Baker",0.3986301369863014,23.42013888888889,,,14.052083333333332,QB,Tampa Bay,18.73611111111111,11.0,"Mayfield, Baker",,,14.0
10.0,12.636,,0.0,15.0,"Achane, De'Von",0.7307692307692307,23.4,,,14.04,RB,Miami,18.72,0.0,"Achane, De'Von",,,0.0
9.0,12.6,,15.0,12.0,"Taylor, Jonathan",0.36875,23.333333333333336,,,14.0,RB,Indianapolis,18.666666666666668,11.0,"Taylor, Jonathan",,,16.0
16.0,12.59357142857143,,14.0,12.0,"Brown, A.J.",0.380281690140845,23.321428571428573,,,13.992857142857144,WR,Philadelphia,18.65714285714286,16.0,"Brown, A.J.",,,12.0
14.0,12.5415,,1.0,15.0,"Smith, Geno",0.515686274509804,23.225,,,13.935,QB,Seattle,18.58,16.0,"Smith, Geno",,,4.0
0.0,12.4875,,9.0,0.0,"Fitzpatrick, Ryan",0.1,23.125,,,13.875,,,18.5,0.0,"Fitzpatrick, Ryan",,,1.0
16.0,12.392307692307693,,16.0,15.0,"Lamb, CeeDee",0.3898734177215189,22.94871794871795,,,13.769230769230768,WR,Dallas,18.35897435897436,16.0,"Lamb, CeeDee",,,15.0
16.0,12.39041095890411,,16.0,10.0,"Carr, Derek",0.3472972972972973,22.945205479452056,,,13.767123287671232,QB,New Orleans,18.356164383561644,15.0,"Carr, Derek",,,16.0
0.0,12.3609375,,16.0,0.0,"Rivers, Philip",0.0941176470588235,22.890625,,,13.734375,,,18.3125,0.0,"Rivers, Philip",,,0.0
0.0,12.350675675675676,,12.0,1.0,"Wentz, Carson",0.2052631578947368,22.87162162162162,,,13.722972972972974,QB,Kansas City,18.2972972972973,8.0,"Wentz, Carson",,,16.0
14.0,12.31293103448276,,0.0,15.0,"Gibbs, Jahmyr",0.6866666666666668,22.801724137931036,,,13.681034482758625,RB,Detroit,18.24137931034483,0.0,"Gibbs, Jahmyr",,,0.0
5.0,12.278571428571428,,5.0,5.0,"Flacco, Joe",0.4136363636363636,22.738095238095237,,,13.642857142857142,QB,Indianapolis,18.19047619047619,4.0,"Flacco, Joe",,,2.0
0.0,12.226704545454549,,16.0,0.0,"Ryan, Matt",0.1866666666666666,22.642045454545453,,,13.585227272727272,,,18.113636363636363,12.0,"Ryan, Matt",,,16.0
0.0,12.195,,0.0,15.0,"Williams, Caleb",0.9375,22.583333333333332,,,13.55,QB,Chicago,18.066666666666663,0.0,"Williams, Caleb",,,0.0
8.0,12.137019230769232,,16.0,0.0,"Tannehill, Ryan",0.2188679245283019,22.475961538461537,,,13.485576923076923,,,17.98076923076923,12.0,"Tannehill, Ryan",,,16.0
16.0,12.11029411764706,,0.0,1.0,"Howell, Sam",0.4111111111111111,22.426470588235293,,,13.455882352941178,QB,Seattle,17.941176470588236,0.0,"Howell, Sam",,,0.0
13.0,12.080172413793104,,2.0,15.0,"Barkley, Saquon",0.4677966101694915,22.370689655172416,,,13.422413793103448,RB,Philadelphia,17.896551724137932,16.0,"Barkley, Saquon",,,12.0
12.0,11.929591836734692,,0.0,10.0,"Fields, Justin",0.434,22.09183673469388,,,13.255102040816324,QB,Pittsburgh,17.6734693877551,15.0,"Fields, Justin",,,12.0
13.0,11.928515625,,14.0,13.0,"Allen, Keenan",0.3892307692307692,22.08984375,,,13.25390625,WR,Chicago,17.671875,9.0,"Allen, Keenan",,,15.0
0.0,11.904545454545454,,0.0,11.0,"Maye, Drake",0.9166666666666666,22.045454545454547,,,13.227272727272728,QB,New England,17.636363636363637,0.0,"Maye, Drake",,,0.0
16.0,11.839285714285715,,6.0,12.0,"Mixon, Joe",0.4078125,21.924603174603178,,,13.154761904761903,RB,Houston,17.53968253968254,13.0,"Mixon, Joe",,,16.0
15.0,11.830263157894738,,15.0,15.0,"Kelce, Travis",0.3935064935064935,21.907894736842103,,,13.144736842105264,TE,Kansas City,17.526315789473685,16.0,"Kelce, Travis",,,15.0
15.0,11.747368421052633,,0.0,10.0,"Lawrence, Trevor",0.4137931034482758,21.75438596491228,,,13.05263157894737,QB,Jacksonville,17.403508771929825,16.0,"Lawrence, Trevor",,,16.0
16.0,11.639189189189189,,0.0,12.0,"Love, Jordan",0.5421052631578948,21.554054054054053,,,12.932432432432432,QB,Green Bay,17.243243243243242,4.0,"Love, Jordan",,,5.0
0.0,11.578846153846154,,11.0,0.0,"Fuller, Will",0.1071428571428571,21.442307692307693,,,12.865384615384617,,,17.153846153846153,0.0,"Fuller, Will",,,2.0
4.0,11.52,,0.0,11.0,"Richardson, Anthony",0.7875,21.333333333333332,,,12.8,QB,Indianapolis,17.066666666666666,0.0,"Richardson, Anthony",,,0.0
13.0,11.475,,10.0,11.0,"Ekeler, Austin",0.3787878787878788,21.25,,,12.75,RB,Washington,17.0,16.0,"Ekeler, Austin",,,15.0
0.0,11.475,,0.0,13.0,"Nabers, Malik",0.9285714285714286,21.25,,,12.75,WR,NY Giants,17.0,0.0,"Nabers, Malik",,,0.0
0.0,11.382954545454549,,15.0,0.0,"Newton, Cam",0.1260869565217391,21.079545454545453,,,12.647727272727272,,,16.863636363636363,0.0,"Newton, Cam",,,7.0
16.0,11.338175675675677,,16.0,12.0,"Evans, Mike",0.3666666666666666,20.99662162162162,,,12.597972972972974,WR,Tampa Bay,16.7972972972973,15.0,"Evans, Mike",,,15.0
13.0,11.259375000000002,,15.0,14.0,"Jacobs, Josh",0.3876712328767123,20.850694444444446,,,12.510416666666668,RB,Green Bay,16.680555555555557,16.0,"Jacobs, Josh",,,14.0
0.0,11.25,,0.0,15.0,"Thomas, Brian",0.9375,20.833333333333336,,,12.5,WR,Jacksonville,16.666666666666668,0.0,"Thomas, Brian",,,0.0
0.0,11.25,,8.0,0.0,"Brown, Antonio",0.1375,20.833333333333336,,,12.5,,,16.666666666666668,0.0,"Brown, Antonio",,,7.0
16.0,11.126612903225809,,0.0,15.0,"Robinson, Bijan",0.66875,20.60483870967742,,,12.362903225806452,RB,Atlanta,16.483870967741936,0.0,"Robinson, Bijan",,,0.0
6.0,11.09189189189189,,6.0,0.0,"Garoppolo, Jimmy",0.2394736842105263,20.54054054054054,,,12.324324324324325,QB,LA Rams,16.43243243243243,11.0,"Garoppolo, Jimmy",,,14.0
12.0,11.012142857142855,,0.0,15.0,"Williams, Kyren",0.6166666666666667,20.392857142857142,,,12.235714285714284,RB,LA Rams,16.314285714285713,8.0,"Williams, Kyren",,,0.0
2.0,10.89264705882353,,12.0,8.0,"Chubb, Nick",0.3346153846153846,20.17156862745098,,,12.102941176470589,RB,Cleveland,16.137254901960784,16.0,"Chubb, Nick",,,13.0
16.0,10.891216216216218,,0.0,14.0,"Hall, Breece",0.5921052631578947,20.16891891891892,,,12.101351351351353,RB,NY Jets,16.135135135135137,7.0,"Hall, Breece",,,0.0
16.0,10.885714285714286,,12.0,7.0,"Godwin, Chris",0.3375,20.15873015873016,,,12.095238095238097,WR,Tampa Bay,16.126984126984127,14.0,"Godwin, Chris",,,14.0
6.0,10.823684210526316,,14.0,10.0,"Jones, Daniel",0.3586206896551724,20.04385964912281,,,12.026315789473683,QB,NY Giants,16.035087719298247,16.0,"Jones, Daniel",,,11.0
13.0,10.8,,1.0,0.0,"Dobbs, Joshua",0.35,20.0,,,12.0,QB,San Francisco,16.0,1.0,"Dobbs, Joshua",,,0.0
1.0,10.74214285714286,,15.0,0.0,"Bridgewater, Teddy",0.1722222222222222,19.892857142857142,,,11.935714285714289,,,15.914285714285716,5.0,"Bridgewater, Teddy",,,14.0
14.0,10.722540983606557,,7.0,13.0,"Samuel, Deebo",0.4177419354838709,19.856557377049175,,,11.913934426229508,WR,San Francisco,15.885245901639344,12.0,"Samuel, Deebo",,,15.0
11.0,10.691129032258065,,14.0,10.0,"Higgins, Tee",0.3571428571428571,19.798387096774192,,,11.879032258064516,WR,Cincinnati,15.838709677419354,13.0,"Higgins, Tee",,,14.0
0.0,10.485,,0.0,15.0,"Bowers, Brock",0.9375,19.416666666666668,,,11.65,TE,Las Vegas,15.533333333333331,0.0,"Bowers, Brock",,,0.0
16.0,10.4355,,14.0,15.0,"Ridley, Calvin",0.4666666666666667,19.325000000000003,,,11.595,WR,Tennessee,15.46,0.0,"Ridley, Calvin",,,5.0
15.0,10.320394736842104,,16.0,13.0,"Metcalf, D.K.",0.3714285714285714,19.11184210526316,,,11.467105263157894,WR,Seattle,15.289473684210526,16.0,"Metcalf, D.K.",,,16.0
10.0,10.317857142857145,,14.0,15.0,"Jones, Aaron",0.3971830985915492,19.107142857142858,,,11.464285714285715,RB,Minnesota,15.285714285714286,16.0,"Jones, Aaron",,,15.0
12.0,10.30634328358209,,13.0,15.0,"Conner, James",0.4088235294117647,19.08582089552239,,,11.451492537313433,RB,Arizona,15.26865671641791,13.0,"Conner, James",,,14.0
16.0,10.267105263157896,,0.0,3.0,"Rice, Rashee",0.47,19.01315789473684,,,11.407894736842106,WR,Kansas City,15.210526315789474,0.0,"Rice, Rashee",,,0.0
13.0,10.183695652173911,,15.0,14.0,"Montgomery, David",0.3942857142857143,18.85869565217391,,,11.315217391304348,RB,Detroit,15.08695652173913,15.0,"Montgomery, David",,,12.0
16.0,10.125,,8.0,13.0,"Kittle, George",0.4153846153846154,18.75,,,11.25,TE,San Francisco,15.0,14.0,"Kittle, George",,,13.0
15.0,10.08059210526316,,15.0,15.0,"McLaurin, Terry",0.3935064935064935,18.667763157894736,,,11.200657894736842,WR,Washington,14.93421052631579,16.0,"McLaurin, Terry",,,15.0
16.0,10.064423076923076,,15.0,15.0,"Moore, D.J.",0.3911392405063291,18.637820512820515,,,11.182692307692308,WR,Chicago,14.91025641025641,16.0,"Moore, D.J.",,,16.0
16.0,10.032954545454546,,16.0,15.0,"Hopkins, DeAndre",0.4134328358208955,18.579545454545453,,,11.147727272727272,WR,Tennessee,14.863636363636363,9.0,"Hopkins, DeAndre",,,10.0
14.0,9.973706896551723,,14.0,2.0,"Cook, Dalvin",0.2745762711864407,18.469827586206897,,,11.08189655172414,,,14.775862068965518,16.0,"Cook, Dalvin",,,12.0
14.0,9.938793103448276,,0.0,13.0,"Waddle, Jaylen",0.447457627118644,18.405172413793103,,,11.04310344827586,WR,Miami,14.724137931034482,16.0,"Waddle, Jaylen",,,15.0
8.0,9.9225,,0.0,2.0,"Browning, Jake",0.4727272727272727,18.375,,,11.025,QB,Cincinnati,14.7,0.0,"Browning, Jake",,,0.0
5.0,9.9,,1.0,3.0,"Heinicke, Taylor",0.3176470588235294,18.333333333333332,,,11.0,QB,Atlanta,14.666666666666666,9.0,"Heinicke, Taylor",,,15.0
0.0,9.9,,0.0,0.0,"Grayson, Cyril",0.15,18.333333333333332,,,11.0,,,14.666666666666666,0.0,"Grayson, Cyril",,,3.0
15.0,9.883928571428571,,0.0,13.0,"Addison, Jordan",0.6551724137931034,18.303571428571427,,,10.982142857142858,WR,Minnesota,14.642857142857142,0.0,"Addison, Jordan",,,0.0
0.0,9.7875,,0.0,1.0,"Wilkerson, Kristian",0.3999999999999999,18.125,,,10.875,WR,Las Vegas,14.5,0.0,"Wilkerson, Kristian",,,1.0
0.0,9.7875,,0.0,14.0,"McConkey, Ladd",0.9333333333333332,18.125,,,10.875,WR,LA Chargers,14.5,0.0,"McConkey, Ladd",,,0.0
15.0,9.779268292682929,,9.0,10.0,"Minshew, Gardner",0.4476190476190476,18.109756097560975,,,10.865853658536588,QB,Las Vegas,14.48780487804878,5.0,"Minshew, Gardner",,,2.0
15.0,9.745890410958904,,16.0,12.0,"Cooper, Amari",0.3675675675675675,18.04794520547945,,,10.82876712328767,WR,Cleveland,14.438356164383562,16.0,"Cooper, Amari",,,14.0
9.0,9.696634615384616,,12.0,15.0,"Darnold, Sam",0.4433962264150943,17.95673076923077,,,10.774038461538462,QB,Minnesota,14.365384615384617,5.0,"Darnold, Sam",,,11.0
14.0,9.692307692307692,,0.0,11.0,"Walker, Kenneth",0.52,17.94871794871795,,,10.76923076923077,RB,Seattle,14.35897435897436,14.0,"Walker, Kenneth",,,0.0
2.0,9.692307692307692,,11.0,6.0,"Dalton, Andy",0.3299999999999999,17.94871794871795,,,10.76923076923077,QB,Carolina,14.35897435897436,13.0,"Dalton, Andy",,,7.0
16.0,9.64449152542373,,0.0,12.0,"Smith, DeVonta",0.435,17.860169491525426,,,10.716101694915254,WR,Philadelphia,14.28813559322034,15.0,"Smith, DeVonta",,,16.0
1.0,9.594642857142857,,12.0,0.0,"Fournette, Leonard",0.2069767441860465,17.767857142857142,,,10.660714285714285,,,14.214285714285714,15.0,"Fournette, Leonard",,,14.0
16.0,9.559191176470588,,15.0,8.0,"Thielen, Adam",0.3376811594202898,17.702205882352942,,,10.621323529411764,WR,Carolina,14.161764705882351,16.0,"Thielen, Adam",,,13.0
0.0,9.4921875,,12.0,0.0,"Carson, Chris",0.1176470588235294,17.578125,,,10.546875,,,14.0625,0.0,"Carson, Chris",,,4.0
11.0,9.46534090909091,,16.0,0.0,"Waller, Darren",0.2244444444444444,17.528409090909093,,,10.517045454545457,,,14.022727272727272,7.0,"Waller, Darren",,,10.0
16.0,9.46436170212766,,0.0,15.0,"Wilson, Garrett",0.5458333333333333,17.52659574468085,,,10.51595744680851,WR,NY Jets,14.02127659574468,16.0,"Wilson, Garrett",,,0.0
0.0,9.45,,0.0,0.0,"Mannion, Sean",0.1,17.5,,,10.5,,,14.0,0.0,"Mannion, Sean",,,1.0
0.0,9.405,,0.0,15.0,"Irving, Mar'Keise",0.9375,17.416666666666668,,,10.45,RB,Tampa Bay,13.933333333333334,0.0,"Irving, Mar'Keise",,,0.0
10.0,9.400367647058824,,14.0,13.0,"Andrews, Mark",0.3782608695652174,17.408088235294116,,,10.444852941176473,TE,Baltimore,13.926470588235292,15.0,"Andrews, Mark",,,16.0
15.0,9.23108108108108,,0.0,8.0,"Olave, Chris",0.4789473684210526,17.094594594594593,,,10.256756756756756,WR,New Orleans,13.675675675675675,14.0,"Olave, Chris",,,0.0
18.0,9.192134831460674,,6.0,15.0,"Brown, St.",0.3955555555555555,17.02247191011236,,,10.213483146067416,,,13.617977528089888,28.0,"Brown, St.",,,22.0
15.0,9.190384615384616,,12.0,7.0,"Aiyuk, Brandon",0.3333333333333333,17.01923076923077,,,10.211538461538462,WR,San Francisco,13.615384615384617,16.0,"Aiyuk, Brandon",,,15.0
0.0,9.160714285714286,,7.0,0.0,"Brown, John",0.0875,16.964285714285715,,,10.178571428571429,,,13.571428571428571,0.0,"Brown, John",,,0.0
16.0,9.146739130434783,,13.0,15.0,"Swift, D'Andre",0.4142857142857143,16.93840579710145,,,10.163043478260873,RB,Chicago,13.55072463768116,13.0,"Swift, D'Andre",,,12.0
16.0,9.128571428571428,,0.0,15.0,"Harris, Najee",0.459375,16.904761904761905,,,10.142857142857142,RB,Pittsburgh,13.523809523809524,16.0,"Harris, Najee",,,16.0
16.0,9.123387096774191,,0.0,15.0,"Flowers, Zay",0.66875,16.89516129032258,,,10.137096774193548,WR,Baltimore,13.516129032258064,0.0,"Flowers, Zay",,,0.0
16.0,9.1125,,16.0,14.0,"Lockett, Tyler",0.3831168831168831,16.875,,,10.125,WR,Seattle,13.5,15.0,"Lockett, Tyler",,,15.0
14.0,9.03913043478261,,0.0,10.0,"Collins, Nico",0.4468085106382978,16.73913043478261,,,10.043478260869566,WR,Houston,13.391304347826088,10.0,"Collins, Nico",,,12.0
10.0,9.03913043478261,,0.0,13.0,"Dell, Nathaniel",0.7083333333333334,16.73913043478261,,,10.043478260869566,WR,Houston,13.391304347826088,0.0,"Dell, Nathaniel",,,0.0
15.0,9.01607142857143,,0.0,13.0,"Reed, Jayden",0.6551724137931034,16.696428571428573,,,10.017857142857142,WR,Green Bay,13.357142857142858,0.0,"Reed, Jayden",,,0.0
11.0,8.9296875,,0.0,8.0,"Jones, Mac",0.3979591836734694,16.536458333333332,,,9.921875,QB,Jacksonville,13.229166666666666,13.0,"Jones, Mac",,,16.0
12.0,8.92840909090909,,15.0,8.0,"Johnson, Diontae",0.3298507462686567,16.534090909090907,,,9.920454545454543,WR,Carolina,13.227272727272728,16.0,"Johnson, Diontae",,,15.0
6.0,8.775,,3.0,11.0,"Winston, Jameis",0.5161290322580645,16.25,,,9.75,QB,Cleveland,13.0,3.0,"Winston, Jameis",,,7.0
1.0,8.757692307692308,,14.0,0.0,"Robinson, James",0.19,16.21794871794872,,,9.73076923076923,RB,New Orleans,12.974358974358974,10.0,"Robinson, James",,,14.0
16.0,8.744318181818183,,0.0,14.0,"Cook, James",0.5466666666666667,16.19318181818182,,,9.715909090909092,RB,Buffalo,12.954545454545457,14.0,"Cook, James",,,0.0
12.0,8.7375,,15.0,1.0,"Brown, Marquise",0.2472727272727273,16.180555555555557,,,9.708333333333334,WR,Kansas City,12.944444444444445,11.0,"Brown, Marquise",,,15.0
16.0,8.73,,0.0,13.0,"Etienne, Travis",0.5260869565217391,16.166666666666668,,,9.7,RB,Jacksonville,12.933333333333334,16.0,"Etienne, Travis",,,0.0
0.0,8.66953125,,12.0,0.0,"Davis, Corey",0.1909090909090909,16.0546875,,,9.6328125,,,12.84375,11.0,"Davis, Corey",,,9.0
15.0,8.606250000000001,,14.0,8.0,"Cooks, Brandin",0.3384615384615385,15.9375,,,9.5625,WR,Dallas,12.75,12.0,"Cooks, Brandin",,,15.0
16.0,8.535483870967743,,0.0,15.0,"Smith-Njigba, Jaxon",0.66875,15.806451612903224,,,9.483870967741936,WR,Seattle,12.64516129032258,0.0,"Smith-Njigba, Jaxon",,,0.0
1.0,8.504999999999999,,15.0,11.0,"Dobbins, J.K.",0.425,15.75,,,9.45,RB,LA Chargers,12.6,8.0,"Dobbins, J.K.",,,0.0
15.0,8.487132352941176,,12.0,13.0,"Meyers, Jakobi",0.3927536231884058,15.716911764705884,,,9.430147058823527,WR,Las Vegas,12.573529411764708,13.0,"Meyers, Jakobi",,,15.0
16.0,8.445,,0.0,14.0,"White, Rachaad",0.5413043478260869,15.63888888888889,,,9.383333333333333,RB,Tampa Bay,12.511111111111113,15.0,"White, Rachaad",,,0.0
3.0,8.4375,,14.0,10.0,"Williams, Mike",0.349090909090909,15.625,,,9.375,WR,NY Jets,12.5,12.0,"Williams, Mike",,,15.0
9.0,8.403749999999999,,0.0,11.0,"Levis, Will",0.6952380952380952,15.5625,,,9.3375,QB,Tennessee,12.45,0.0,"Levis, Will",,,0.0
16.0,8.39825581395349,,0.0,12.0,"Pickens, George",0.5204545454545454,15.55232558139535,,,9.33139534883721,WR,Pittsburgh,12.44186046511628,15.0,"Pickens, George",,,0.0
12.0,8.367452830188679,,0.0,14.0,"Stevenson, Rhamondre",0.4777777777777778,15.495283018867925,,,9.297169811320757,RB,New England,12.39622641509434,16.0,"Stevenson, Rhamondre",,,11.0
12.0,8.365909090909092,,0.0,0.0,"Wilson, Zach",0.2911764705882353,15.492424242424242,,,9.295454545454549,QB,Denver,12.393939393939394,9.0,"Wilson, Zach",,,12.0
4.0,8.345454545454546,,0.0,0.0,"Siemian, Trevor",0.2666666666666666,15.454545454545451,,,9.272727272727272,,,12.363636363636363,2.0,"Siemian, Trevor",,,5.0
15.0,8.335227272727273,,16.0,8.0,"Hockenson, T.J.",0.3373134328358209,15.43560606060606,,,9.261363636363637,TE,Minnesota,12.348484848484848,16.0,"Hockenson, T.J.",,,11.0
1.0,8.334782608695653,,1.0,2.0,"Mariota, Marcus",0.3166666666666667,15.434782608695652,,,9.26086956521739,QB,Washington,12.347826086956522,13.0,"Mariota, Marcus",,,6.0
0.0,8.325000000000001,,3.0,0.0,"Luton, Jake",0.075,15.416666666666668,,,9.25,,,12.333333333333334,0.0,"Luton, Jake",,,0.0
15.0,8.303424657534247,,13.0,14.0,"Pittman, Michael",0.3918918918918919,15.376712328767123,,,9.226027397260276,WR,Indianapolis,12.3013698630137,15.0,"Pittman, Michael",,,16.0
14.0,8.265,,0.0,15.0,"London, Drake",0.5521739130434782,15.305555555555554,,,9.183333333333334,WR,Atlanta,12.244444444444444,16.0,"London, Drake",,,0.0
14.0,8.239655172413793,,1.0,14.0,"Sutton, Courtland",0.4542372881355932,15.258620689655174,,,9.155172413793103,WR,Denver,12.20689655172414,13.0,"Sutton, Courtland",,,16.0
15.0,8.225000000000001,,0.0,12.0,"Young, Bryce",0.6428571428571429,15.23148148148148,,,9.13888888888889,QB,Carolina,12.185185185185183,0.0,"Young, Bryce",,,0.0
0.0,8.181000000000001,,15.0,0.0,"Gronkowski, Rob",0.1346153846153846,15.15,,,9.09,,,12.12,0.0,"Gronkowski, Rob",,,10.0
16.0,8.1675,,0.0,14.0,"LaPorta, Sam",0.6580645161290322,15.125,,,9.075,TE,Detroit,12.1,0.0,"LaPorta, Sam",,,0.0
0.0,8.15625,,9.0,0.0,"Foles, Nick",0.1307692307692307,15.104166666666668,,,9.0625,,,12.083333333333334,2.0,"Foles, Nick",,,1.0
0.0,8.1,,0.0,0.0,"BertoletLAC, Taylor",0.15,15.0,,,9.0,,,12.0,1.0,"BertoletLAC, Taylor",,,0.0
0.0,8.1,,0.0,14.0,"Harrison, Marvin",0.9333333333333332,15.0,,,9.0,WR,Arizona,12.0,0.0,"Harrison, Marvin",,,0.0
0.0,8.1,,0.0,0.0,"BadgleyDET, Michael",0.15,15.0,,,9.0,,,12.0,1.0,"BadgleyDET, Michael",,,0.0
0.0,8.1,,0.0,0.0,"EberleCAR, Dominik",0.1,15.0,,,9.0,,,12.0,0.0,"EberleCAR, Dominik",,,1.0
4.0,8.075000000000001,,13.0,5.0,"Lock, Drew",0.3178571428571429,14.953703703703704,,,8.972222222222223,QB,NY Giants,11.962962962962964,0.0,"Lock, Drew",,,5.0
12.0,8.048863636363636,,14.0,8.0,"Kirk, Christian",0.3313432835820896,14.90530303030303,,,8.943181818181818,WR,Jacksonville,11.924242424242424,16.0,"Kirk, Christian",,,16.0
9.0,8.028947368421054,,7.0,0.0,"Thomas, Michael",0.26,14.86842105263158,,,8.921052631578949,,,11.894736842105264,3.0,"Thomas, Michael",,,0.0
16.0,7.968506493506495,,16.0,15.0,"Pollard, Tony",0.391025641025641,14.756493506493506,,,8.853896103896105,RB,Tennessee,11.805194805194803,15.0,"Pollard, Tony",,,15.0
14.0,7.940131578947369,,0.0,12.0,"Robinson, Brian",0.5435897435897435,14.703947368421051,,,8.822368421052632,RB,Washington,11.763157894736842,12.0,"Robinson, Brian",,,0.0
8.0,7.897499999999999,,0.0,2.0,"DeVito, Tommy",0.4727272727272727,14.625,,,8.774999999999999,QB,NY Giants,11.7,0.0,"DeVito, Tommy",,,0.0
9.0,7.790625,,0.0,15.0,"Brown, Chase",0.7440000000000001,14.427083333333332,,,8.65625,RB,Cincinnati,11.541666666666666,0.0,"Brown, Chase",,,0.0
15.0,7.782954545454547,,15.0,15.0,"Jeudy, Jerry",0.417910447761194,14.412878787878787,,,8.647727272727273,WR,Cleveland,11.530303030303031,13.0,"Jeudy, Jerry",,,8.0
15.0,7.776000000000001,,8.0,11.0,"Mostert, Raheem",0.4411764705882353,14.4,,,8.64,RB,Miami,11.52,15.0,"Mostert, Raheem",,,1.0
0.0,7.7625,,1.0,0.0,"Gilbert, Garrett",0.1,14.375,,,8.625,,,11.5,0.0,"Gilbert, Garrett",,,1.0
4.0,7.7625,,0.0,2.0,"Mills, Davis",0.3090909090909091,14.375,,,8.625,QB,Houston,11.5,14.0,"Mills, Davis",,,12.0
0.0,7.7625,,0.0,4.0,"WrightTEN, Matthew",0.8,14.375,,,8.625,,,11.5,0.0,"WrightTEN, Matthew",,,0.0
12.0,7.7447368421052625,,11.0,8.0,"Goedert, Dallas",0.3482758620689655,14.342105263157894,,,8.605263157894736,TE,Philadelphia,11.473684210526317,11.0,"Goedert, Dallas",,,15.0
10.0,7.74264705882353,,0.0,7.0,"Connell, O'",0.6111111111111112,14.338235294117649,,,8.602941176470589,,,11.470588235294118,0.0,"Connell, O'",,,0.0
3.0,7.74,,4.0,6.0,"Rudolph, Mason",0.5,14.333333333333334,,,8.6,QB,Tennessee,11.466666666666669,0.0,"Rudolph, Mason",,,2.0
0.0,7.678125,,8.0,0.0,"Smith, Alex",0.0888888888888888,14.21875,,,8.53125,,,11.375,0.0,"Smith, Alex",,,0.0
0.0,7.663235294117648,,15.0,0.0,"Beasley, Cole",0.1628571428571428,14.191176470588236,,,8.514705882352942,,,11.352941176470589,4.0,"Beasley, Cole",,,15.0
0.0,7.65,,0.0,9.0,"SeibertWAS, Austin",0.9,14.166666666666668,,,8.5,,,11.333333333333334,0.0,"SeibertWAS, Austin",,,0.0
16.0,7.602631578947369,,0.0,14.0,"McBride, Trey",0.5846153846153846,14.078947368421051,,,8.447368421052632,TE,Arizona,11.263157894736842,8.0,"McBride, Trey",,,0.0
0.0,7.531578947368421,,16.0,0.0,"Gage, Russell",0.1846153846153846,13.94736842105263,,,8.368421052631579,,,11.157894736842104,12.0,"Gage, Russell",,,10.0
0.0,7.521428571428572,,7.0,0.0,"Haskins, Dwayne",0.0875,13.928571428571429,,,8.357142857142858,,,11.142857142857142,0.0,"Haskins, Dwayne",,,0.0
0.0,7.515,,0.0,15.0,"Tracy, Tyrone",0.9375,13.916666666666666,,,8.35,RB,NY Giants,11.133333333333333,0.0,"Tracy, Tyrone",,,0.0
16.0,7.470000000000001,,15.0,14.0,"Elliott, Ezekiel",0.3855263157894737,13.833333333333332,,,8.3,RB,Dallas,11.066666666666666,14.0,"Elliott, Ezekiel",,,16.0
0.0,7.425,,1.0,0.0,"VizcainoBUF, Tristan",0.05,13.75,,,8.25,,,11.0,0.0,"VizcainoBUF, Tristan",,,0.0
4.0,7.425,,1.0,0.0,"Stick, Easton",0.2833333333333334,13.75,,,8.25,QB,LA Chargers,11.0,0.0,"Stick, Easton",,,0.0
16.0,7.376785714285714,,0.0,12.0,"Downs, Josh",0.6344827586206896,13.660714285714286,,,8.196428571428571,WR,Indianapolis,10.928571428571429,0.0,"Downs, Josh",,,0.0
0.0,7.363636363636363,,11.0,0.0,"Fulgham, Travis",0.0916666666666666,13.636363636363637,,,8.181818181818182,,,10.909090909090908,0.0,"Fulgham, Travis",,,0.0
3.0,7.3465116279069775,,15.0,0.0,"Gordon, Melvin",0.1977272727272727,13.604651162790695,,,8.162790697674419,,,10.883720930232558,10.0,"Gordon, Melvin",,,15.0
0.0,7.302272727272727,,5.0,0.0,"Glennon, Mike",0.1416666666666667,13.522727272727272,,,8.113636363636363,,,10.818181818181818,0.0,"Glennon, Mike",,,6.0
9.0,7.281818181818181,,0.0,11.0,"Watson, Christian",0.5441176470588235,13.484848484848484,,,8.09090909090909,WR,Green Bay,10.787878787878787,13.0,"Watson, Christian",,,0.0
0.0,7.25625,,0.0,0.0,"Wright, Matthew",0.24,13.4375,,,8.0625,K,Pittsburgh,10.75,4.0,"Wright, Matthew",,,0.0
3.0,7.228125,,16.0,0.0,"Jones, Marvin",0.2020408163265306,13.385416666666668,,,8.03125,,,10.708333333333334,13.0,"Jones, Marvin",,,16.0
14.0,7.218750000000001,,0.0,6.0,"Pacheco, Isiah",0.4432432432432432,13.368055555555555,,,8.020833333333334,RB,Kansas City,10.694444444444445,16.0,"Pacheco, Isiah",,,0.0
16.0,7.2155172413793105,,0.0,15.0,"Hubbard, Chuba",0.4745762711864407,13.362068965517242,,,8.017241379310345,RB,Carolina,10.689655172413794,12.0,"Hubbard, Chuba",,,15.0
0.0,7.1775,,10.0,2.0,"Gaskin, Myles",0.2193548387096774,13.291666666666666,,,7.975,RB,Minnesota,10.633333333333333,2.0,"Gaskin, Myles",,,16.0
0.0,7.175,,14.0,0.0,"Sanders, Emmanuel",0.1428571428571428,13.287037037037038,,,7.972222222222222,,,10.62962962962963,0.0,"Sanders, Emmanuel",,,13.0
0.0,7.147058823529412,,15.0,0.0,"Landry, Jarvis",0.1742857142857142,13.235294117647058,,,7.9411764705882355,,,10.588235294117649,8.0,"Landry, Jarvis",,,11.0
12.0,7.104098360655739,,14.0,9.0,"Davis, Gabriel",0.3516129032258064,13.155737704918034,,,7.89344262295082,WR,Jacksonville,10.524590163934429,14.0,"Davis, Gabriel",,,12.0
14.0,7.103571428571429,,0.0,4.0,"Ridder, Desmond",0.4772727272727273,13.154761904761903,,,7.892857142857142,QB,Arizona,10.523809523809524,3.0,"Ridder, Desmond",,,0.0
11.0,7.0875,,0.0,13.0,"Williams, Jameson",0.6666666666666666,13.125,,,7.875,WR,Detroit,10.5,2.0,"Williams, Jameson",,,0.0
4.0,7.026136363636364,,10.0,4.0,"Mullens, Nick",0.3347826086956521,13.011363636363637,,,7.806818181818182,QB,Minnesota,10.409090909090908,3.0,"Mullens, Nick",,,1.0
16.0,7.011290322580645,,0.0,13.0,"Ford, Jerome",0.625,12.983870967741936,,,7.790322580645161,RB,Cleveland,10.387096774193548,2.0,"Ford, Jerome",,,0.0
0.0,6.9750000000000005,,15.0,0.0,"Gurley, Todd",0.09375,12.916666666666668,,,7.75,,,10.333333333333334,0.0,"Gurley, Todd",,,0.0
0.0,6.9300000000000015,,0.0,15.0,"Worthy, Xavier",0.9375,12.833333333333334,,,7.700000000000001,WR,Kansas City,10.266666666666667,0.0,"Worthy, Xavier",,,0.0
9.0,6.927631578947369,,1.0,1.0,"Taylor, Tyrod",0.325,12.828947368421051,,,7.697368421052632,QB,NY Jets,10.263157894736842,2.0,"Taylor, Tyrod",,,6.0
4.0,6.926086956521739,,16.0,0.0,"Claypool, Chase",0.2042553191489361,12.826086956521738,,,7.695652173913043,WR,Buffalo,10.26086956521739,12.0,"Claypool, Chase",,,14.0
16.0,6.91875,,0.0,0.0,"Aubrey, Brandon",0.3764705882352941,12.8125,,,7.6875,K,Dallas,10.25,0.0,"Aubrey, Brandon",,,0.0
14.0,6.913636363636364,,16.0,12.0,"Hunt, Kareem",0.382089552238806,12.803030303030305,,,7.681818181818182,,,10.242424242424242,16.0,"Hunt, Kareem",,,8.0
15.0,6.885,,0.0,15.0,"Williams, Javonte",0.4980392156862744,12.75,,,7.65,RB,Denver,10.2,4.0,"Williams, Javonte",,,16.0
12.0,6.8673913043478265,,16.0,14.0,"Mooney, Darnell",0.3842857142857143,12.717391304347828,,,7.630434782608696,WR,Atlanta,10.173913043478262,11.0,"Mooney, Darnell",,,16.0
14.0,6.866379310344827,,0.0,5.0,"Shaheed, Rashid",0.4533333333333333,12.71551724137931,,,7.629310344827586,WR,New Orleans,10.172413793103448,10.0,"Shaheed, Rashid",,,0.0
0.0,6.8625,,6.0,0.0,"Edelman, Julian",0.0857142857142857,12.708333333333332,,,7.625,,,10.166666666666666,0.0,"Edelman, Julian",,,0.0
5.0,6.8343750000000005,,10.0,6.0,"Trubisky, Mitchell",0.3606060606060606,12.65625,,,7.59375,QB,Buffalo,10.125,7.0,"Trubisky, Mitchell",,,4.0
11.0,6.825,,16.0,7.0,"Smith-Schuster, JuJu",0.3363636363636363,12.63888888888889,,,7.583333333333333,WR,New England,10.11111111111111,15.0,"Smith-Schuster, JuJu",,,5.0
16.0,6.813851351351351,,14.0,14.0,"Boyd, Tyler",0.3893333333333333,12.618243243243244,,,7.570945945945946,WR,Tennessee,10.094594594594597,14.0,"Boyd, Tyler",,,16.0
6.0,6.800624999999999,,10.0,0.0,"Harris, Damien",0.224390243902439,12.59375,,,7.55625,,,10.075,10.0,"Harris, Damien",,,14.0
12.0,6.75,,13.0,0.0,"Parker, DeVante",0.241860465116279,12.5,,,7.5,,,10.0,9.0,"Parker, DeVante",,,8.0
0.0,6.75,,0.0,0.0,"FryCIN, Elliott",0.1,12.5,,,7.5,,,10.0,0.0,"FryCIN, Elliott",,,1.0
9.0,6.75,,0.0,0.0,"Zappe, Bailey",0.3428571428571428,12.5,,,7.5,QB,New England,10.0,4.0,"Zappe, Bailey",,,0.0
0.0,6.75,,0.0,4.0,"RomoNE, Parker",0.8,12.5,,,7.5,,,10.0,0.0,"RomoNE, Parker",,,0.0
5.0,6.711428571428572,,12.0,3.0,"Crowder, Jamison",0.2666666666666667,12.428571428571429,,,7.457142857142857,WR,Washington,9.942857142857145,4.0,"Crowder, Jamison",,,11.0
0.0,6.692142857142858,,16.0,0.0,"McKissic, J.D.",0.1722222222222222,12.392857142857142,,,7.435714285714286,,,9.914285714285716,8.0,"McKissic, J.D.",,,11.0
15.0,6.686148648648649,,14.0,15.0,"Gibson, Antonio",0.3986666666666666,12.381756756756756,,,7.429054054054054,RB,New England,9.905405405405403,15.0,"Gibson, Antonio",,,15.0
13.0,6.680769230769231,,13.0,2.0,"Chark, D.J.",0.2875,12.371794871794872,,,7.423076923076923,WR,LA Chargers,9.897435897435898,8.0,"Chark, D.J.",,,3.0
0.0,6.665625,,0.0,16.0,"AubreyDAL, Brandon",0.9411764705882352,12.34375,,,7.40625,,,9.875,0.0,"AubreyDAL, Brandon",,,0.0
0.0,6.615,,5.0,0.0,"Hansen, Chad",0.0833333333333333,12.25,,,7.35,,,9.8,0.0,"Hansen, Chad",,,0.0
16.0,6.607894736842105,,0.0,11.0,"Doubs, Romeo",0.5307692307692308,12.236842105263158,,,7.342105263157894,WR,Green Bay,9.789473684210526,11.0,"Doubs, Romeo",,,0.0
16.0,6.597887323943662,,16.0,9.0,"Engram, Evan",0.3416666666666667,12.21830985915493,,,7.330985915492958,TE,Jacksonville,9.774647887323944,16.0,"Engram, Evan",,,14.0
0.0,6.591176470588236,,4.0,0.0,"Golladay, Kenny",0.1777777777777777,12.205882352941178,,,7.323529411764707,,,9.764705882352942,2.0,"Golladay, Kenny",,,11.0
16.0,6.589285714285715,,10.0,11.0,"Njoku, David",0.3890625,12.202380952380953,,,7.321428571428572,TE,Cleveland,9.761904761904765,13.0,"Njoku, David",,,13.0
14.0,6.5885869565217385,,13.0,0.0,"Edwards-Helaire, Clyde",0.2468085106382979,12.201086956521738,,,7.320652173913043,RB,Kansas City,9.76086956521739,9.0,"Edwards-Helaire, Clyde",,,10.0
15.0,6.563076923076922,,16.0,8.0,"Hill, Taysom",0.3378787878787879,12.153846153846152,,,7.292307692307691,QB,New Orleans,9.723076923076922,15.0,"Hill, Taysom",,,11.0
7.0,6.557142857142856,,0.0,0.0,"Mitchell, Keaton",0.35,12.142857142857142,,,7.285714285714285,RB,Baltimore,9.714285714285714,0.0,"Mitchell, Keaton",,,0.0
12.0,6.508928571428571,,0.0,4.0,"Pickett, Kenny",0.4275862068965517,12.053571428571429,,,7.232142857142857,QB,Philadelphia,9.642857142857142,12.0,"Pickett, Kenny",,,0.0
15.0,6.469615384615385,,12.0,10.0,"Sanders, Miles",0.3696969696969697,11.98076923076923,,,7.188461538461539,RB,Carolina,9.584615384615384,16.0,"Sanders, Miles",,,12.0
0.0,6.463125,,14.0,11.0,"Patrick, Tim",0.375609756097561,11.96875,,,7.1812499999999995,WR,Denver,9.575,0.0,"Patrick, Tim",,,15.0
6.0,6.460714285714286,,0.0,0.0,"White, Mike",0.2933333333333333,11.964285714285714,,,7.178571428571429,QB,Miami,9.571428571428571,4.0,"White, Mike",,,4.0
13.0,6.456048387096775,,16.0,9.0,"Woods, Robert",0.3507936507936508,11.955645161290322,,,7.173387096774194,WR,Houston,9.564516129032258,15.0,"Woods, Robert",,,9.0
14.0,6.454109589041097,,16.0,15.0,"Schultz, Dalton",0.3918918918918919,11.952054794520548,,,7.171232876712329,TE,Houston,9.561643835616438,12.0,"Schultz, Dalton",,,16.0
0.0,6.4350000000000005,,0.0,15.0,"Odunze, Rome",0.9375,11.916666666666666,,,7.15,WR,Chicago,9.533333333333331,0.0,"Odunze, Rome",,,0.0
0.0,6.4125000000000005,,0.0,10.0,"Coleman, Keon",0.9090909090909092,11.875,,,7.125,WR,Buffalo,9.5,0.0,"Coleman, Keon",,,0.0
3.0,6.4125000000000005,,16.0,1.0,"Chosen, Robbie",0.2111111111111111,11.875,,,7.125,,,9.5,9.0,"Chosen, Robbie",,,15.0
0.0,6.4125000000000005,,0.0,0.0,"McLaughlinIND, Chase",0.24,11.875,,,7.125,,,9.5,4.0,"McLaughlinIND, Chase",,,0.0
13.0,6.386538461538462,,16.0,2.0,"Robinson, Allen",0.2641509433962264,11.826923076923077,,,7.096153846153847,WR,NY Giants,9.461538461538462,10.0,"Robinson, Allen",,,11.0
15.0,6.38483606557377,,15.0,11.0,"Samuel, Curtis",0.3887096774193548,11.82377049180328,,,7.0942622950819665,WR,Buffalo,9.459016393442624,16.0,"Samuel, Curtis",,,4.0
10.0,6.376339285714286,,10.0,9.0,"Lazard, Allen",0.3649122807017544,11.808035714285714,,,7.084821428571429,WR,NY Jets,9.446428571428571,14.0,"Lazard, Allen",,,13.0
15.0,6.345000000000001,,16.0,13.0,"Singletary, Devin",0.3723684210526315,11.75,,,7.050000000000001,RB,NY Giants,9.4,15.0,"Singletary, Devin",,,16.0
0.0,6.328125,,0.0,8.0,"Coker, Jalen",0.8888888888888888,11.71875,,,7.03125,WR,Carolina,9.375,0.0,"Coker, Jalen",,,0.0
7.0,6.313235294117648,,9.0,0.0,"Jones, Julio",0.2371428571428571,11.691176470588236,,,7.014705882352942,,,9.352941176470589,10.0,"Jones, Julio",,,8.0
2.0,6.311249999999999,,15.0,0.0,"Drake, Kenyan",0.1951219512195122,11.6875,,,7.012499999999999,,,9.35,11.0,"Drake, Kenyan",,,12.0
10.0,6.3,,0.0,0.0,"Mitchell, Elijah",0.288,11.666666666666668,,,7.0,RB,San Francisco,9.333333333333334,4.0,"Mitchell, Elijah",,,10.0
0.0,6.282692307692309,,15.0,0.0,"Hilton, T.Y.",0.1444444444444444,11.634615384615383,,,6.980769230769232,,,9.307692307692308,2.0,"Hilton, T.Y.",,,9.0
4.0,6.272560975609756,,15.0,0.0,"Henderson, Darrell",0.2023809523809523,11.615853658536588,,,6.969512195121951,,,9.292682926829269,10.0,"Henderson, Darrell",,,12.0
0.0,6.24375,,0.0,4.0,"Rattler, Spencer",0.8,11.5625,,,6.9375,QB,New Orleans,9.25,0.0,"Rattler, Spencer",,,0.0
13.0,6.238636363636363,,0.0,14.0,"Shakir, Khalil",0.6176470588235294,11.553030303030305,,,6.931818181818182,WR,Buffalo,9.242424242424242,6.0,"Shakir, Khalil",,,0.0
0.0,6.233823529411764,,0.0,16.0,"DickerLAC, Cameron",0.9055555555555556,11.544117647058822,,,6.9264705882352935,,,9.235294117647058,1.0,"DickerLAC, Cameron",,,0.0
7.0,6.233823529411764,,0.0,0.0,"Maher, Brett",0.3222222222222222,11.544117647058822,,,6.9264705882352935,,,9.235294117647058,10.0,"Maher, Brett",,,0.0
0.0,6.229285714285714,,14.0,0.0,"Davis, Mike",0.1694444444444444,11.535714285714285,,,6.921428571428571,,,9.228571428571428,5.0,"Davis, Mike",,,16.0
0.0,6.21,,8.0,0.0,"Coutee, Keke",0.1181818181818181,11.5,,,6.8999999999999995,,,9.2,1.0,"Coutee, Keke",,,1.0
0.0,6.1875,,0.0,0.0,"MaherDAL, Brett",0.2571428571428571,11.458333333333332,,,6.875,,,9.166666666666666,6.0,"MaherDAL, Brett",,,0.0
0.0,6.1875,,0.0,12.0,"ReichardMIN, Will",0.9230769230769232,11.458333333333332,,,6.875,,,9.166666666666666,0.0,"ReichardMIN, Will",,,0.0
0.0,6.142499999999999,,0.0,0.0,"Gould, Robbie",0.2727272727272727,11.375,,,6.824999999999999,,,9.1,10.0,"Gould, Robbie",,,0.0
9.0,6.136363636363637,,0.0,13.0,"Kraft, Tucker",0.7217391304347827,11.363636363636363,,,6.818181818181818,TE,Green Bay,9.090909090909092,0.0,"Kraft, Tucker",,,0.0
11.0,6.1269230769230765,,16.0,0.0,"Renfrow, Hunter",0.2245283018867924,11.346153846153848,,,6.8076923076923075,,,9.076923076923077,9.0,"Renfrow, Hunter",,,16.0
0.0,6.1171875,,0.0,16.0,"McLaughlinTB, Chase",0.9411764705882352,11.328125,,,6.796875,,,9.0625,0.0,"McLaughlinTB, Chase",,,0.0
0.0,6.1,,12.0,0.0,"Johnson, David",0.1607142857142857,11.296296296296296,,,6.777777777777777,,,9.037037037037036,3.0,"Johnson, David",,,12.0
0.0,6.075,,0.0,0.0,"WrightKC, Matthew",0.1999999999999999,11.25,,,6.75,,,9.0,2.0,"WrightKC, Matthew",,,0.0
0.0,6.075,,0.0,4.0,"Whittington, Jordan",0.8,11.25,,,6.75,WR,LA Rams,9.0,0.0,"Whittington, Jordan",,,0.0
12.0,6.075,,14.0,15.0,"Henry, Hunter",0.4,11.25,,,6.75,TE,New England,9.0,14.0,"Henry, Hunter",,,15.0
0.0,6.075,,0.0,0.0,"Blankenship, Rodrigo",0.15,11.25,,,6.75,,,9.0,1.0,"Blankenship, Rodrigo",,,0.0
14.0,6.075,,15.0,0.0,"Gallup, Michael",0.2450980392156862,11.25,,,6.75,,,9.0,12.0,"Gallup, Michael",,,9.0
0.0,6.075,,0.0,0.0,"Vizcaino, Tristan",0.15,11.25,,,6.75,,,9.0,1.0,"Vizcaino, Tristan",,,0.0
0.0,6.075,,0.0,0.0,"Shudak, Caleb",0.15,11.25,,,6.75,,,9.0,1.0,"Shudak, Caleb",,,0.0
0.0,6.075,,0.0,1.0,"Walker, Devontez",0.5,11.25,,,6.75,WR,Baltimore,9.0,0.0,"Walker, Devontez",,,0.0
2.0,6.039473684210527,,3.0,0.0,"Penny, Rashaad",0.22,11.18421052631579,,,6.710526315789474,,,8.947368421052632,5.0,"Penny, Rashaad",,,9.0
15.0,6.03,,0.0,0.0,"Hopkins, Dustin",0.375,11.166666666666668,,,6.7,K,Cleveland,8.933333333333334,0.0,"Hopkins, Dustin",,,0.0
16.0,5.989090909090909,,0.0,13.0,"Pitts, Kyle",0.4571428571428572,11.090909090909092,,,6.654545454545454,TE,Atlanta,8.872727272727273,10.0,"Pitts, Kyle",,,16.0
7.0,5.960593220338984,,11.0,15.0,"Ertz, Zach",0.4183333333333333,11.03813559322034,,,6.622881355932204,TE,Washington,8.830508474576272,10.0,"Ertz, Zach",,,16.0
0.0,5.960377358490567,,16.0,16.0,"CarlsonLV, Daniel",0.412962962962963,11.037735849056604,,,6.622641509433963,,,8.830188679245284,5.0,"CarlsonLV, Daniel",,,16.0
14.0,5.9592857142857145,,0.0,15.0,"Robinson, Wan'Dale",0.6222222222222222,11.035714285714286,,,6.621428571428572,WR,NY Giants,8.82857142857143,6.0,"Robinson, Wan'Dale",,,0.0
0.0,5.9484375,,0.0,16.0,"BatesDET, Jake",0.9411764705882352,11.015625,,,6.609375,,,8.8125,0.0,"BatesDET, Jake",,,0.0
15.0,5.945744680851063,,16.0,0.0,"Thomas, Logan",0.2479166666666666,11.01063829787234,,,6.606382978723404,TE,San Francisco,8.808510638297872,11.0,"Thomas, Logan",,,5.0
0.0,5.94,,0.0,10.0,"McMillan, Jalen",0.9090909090909092,11.0,,,6.6000000000000005,WR,Tampa Bay,8.8,0.0,"McMillan, Jalen",,,0.0
10.0,5.937499999999999,,0.0,15.0,"Freiermuth, Pat",0.4763636363636364,10.99537037037037,,,6.597222222222221,TE,Pittsburgh,8.796296296296296,14.0,"Freiermuth, Pat",,,15.0
8.0,5.88,,11.0,5.0,"Wilson, Jeffery",0.3260869565217391,10.888888888888888,,,6.533333333333333,RB,Miami,8.71111111111111,15.0,"Wilson, Jeffery",,,6.0
2.0,5.8774390243902435,,10.0,6.0,"Brissett, Jacoby",0.3285714285714285,10.884146341463412,,,6.530487804878049,QB,New England,8.707317073170731,14.0,"Brissett, Jacoby",,,9.0
0.0,5.876470588235295,,13.0,16.0,"BoswellPIT, Chris",0.4288461538461539,10.88235294117647,,,6.529411764705882,,,8.705882352941176,6.0,"BoswellPIT, Chris",,,16.0
4.0,5.838750000000001,,2.0,3.0,"Huntley, Tyler",0.3571428571428571,10.8125,,,6.487500000000001,QB,Cleveland,8.65,5.0,"Huntley, Tyler",,,6.0
12.0,5.829545454545455,,14.0,13.0,"Gesicki, Mike",0.3865671641791044,10.795454545454549,,,6.4772727272727275,TE,Cincinnati,8.636363636363637,13.0,"Gesicki, Mike",,,14.0
7.0,5.828048780487806,,12.0,12.0,"Shepard, Sterling",0.4357142857142857,10.792682926829269,,,6.475609756097562,WR,Tampa Bay,8.634146341463415,3.0,"Shepard, Sterling",,,7.0
0.0,5.821875,,0.0,16.0,"LutzDEN, Wil",0.9411764705882352,10.78125,,,6.46875,,,8.625,0.0,"LutzDEN, Wil",,,0.0
16.0,5.815384615384616,,0.0,0.0,"Tucker, Justin",0.3481481481481481,10.769230769230768,,,6.461538461538462,K,Baltimore,8.615384615384615,10.0,"Tucker, Justin",,,0.0
0.0,5.805,,11.0,0.0,"Green, A.J.",0.1888888888888888,10.75,,,6.449999999999999,DB,Minnesota,8.6,9.0,"Green, A.J.",,,15.0
9.0,5.791500000000001,,0.0,14.0,"Palmer, Josh",0.4784313725490196,10.725,,,6.4350000000000005,WR,LA Chargers,8.58,14.0,"Palmer, Josh",,,13.0
15.0,5.783522727272727,,0.0,14.0,"Bateman, Rashod",0.5222222222222223,10.710227272727272,,,6.426136363636363,WR,Baltimore,8.568181818181818,5.0,"Bateman, Rashod",,,10.0
13.0,5.783108108108109,,6.0,5.0,"Beckham, Jr.",0.3526315789473684,10.70945945945946,,,6.425675675675676,,,8.567567567567568,0.0,"Beckham, Jr.",,,13.0
8.0,5.77125,,14.0,9.0,"Bourne, Kendrick",0.3393442622950819,10.6875,,,6.4125000000000005,WR,New England,8.55,13.0,"Bourne, Kendrick",,,16.0
14.0,5.7375,,0.0,12.0,"Kincaid, Dalton",0.6518518518518519,10.625,,,6.375,TE,Buffalo,8.5,0.0,"Kincaid, Dalton",,,0.0
15.0,5.7375,,0.0,12.0,"Pierce, Alec",0.5461538461538462,10.625,,,6.375,WR,Indianapolis,8.5,11.0,"Pierce, Alec",,,0.0
10.0,5.7375,,0.0,14.0,"Wilson, Michael",0.72,10.625,,,6.375,WR,Arizona,8.5,0.0,"Wilson, Michael",,,0.0
0.0,5.7375,,0.0,0.0,"Wesley, Antoine",0.1714285714285714,10.625,,,6.375,,,8.5,0.0,"Wesley, Antoine",,,6.0
14.0,5.7234375,,0.0,4.0,"Osborn, K.J.",0.3489795918367347,10.598958333333332,,,6.359375,WR,New England,8.479166666666666,15.0,"Osborn, K.J.",,,15.0
16.0,5.705660377358491,,0.0,15.0,"Moore, Elijah",0.5,10.566037735849056,,,6.339622641509434,WR,Cleveland,8.452830188679245,12.0,"Moore, Elijah",,,10.0
14.0,5.69094827586207,,15.0,1.0,"Higbee, Tyler",0.2559322033898305,10.538793103448276,,,6.323275862068966,TE,LA Rams,8.431034482758621,14.0,"Higbee, Tyler",,,14.0
16.0,5.6855769230769235,,0.0,0.0,"Myers, Jason",0.3481481481481481,10.528846153846152,,,6.3173076923076925,K,Seattle,8.423076923076923,10.0,"Myers, Jason",,,0.0
13.0,5.680384615384615,,14.0,14.0,"Smith, Jonnu",0.3999999999999999,10.51923076923077,,,6.311538461538461,TE,Miami,8.415384615384616,10.0,"Smith, Jonnu",,,14.0
14.0,5.677941176470588,,11.0,13.0,"Kmet, Cole",0.3927536231884058,10.514705882352942,,,6.3088235294117645,TE,Chicago,8.411764705882353,14.0,"Kmet, Cole",,,16.0
0.0,5.670000000000001,,0.0,2.0,"Lance, Trey",0.3454545454545454,10.5,,,6.300000000000001,QB,Dallas,8.4,2.0,"Lance, Trey",,,6.0
0.0,5.665178571428571,,13.0,0.0,"Cook, Jared",0.1482758620689655,10.491071428571429,,,6.294642857142857,,,8.392857142857142,0.0,"Cook, Jared",,,15.0
16.0,5.655681818181819,,15.0,13.0,"Slayton, Darius",0.3970149253731344,10.473484848484848,,,6.284090909090909,WR,NY Giants,8.378787878787879,13.0,"Slayton, Darius",,,9.0
0.0,5.637499999999999,,16.0,16.0,"TuckerBAL, Justin",0.4109090909090909,10.439814814814811,,,6.263888888888888,,,8.351851851851851,6.0,"TuckerBAL, Justin",,,16.0
15.0,5.629017857142856,,9.0,0.0,"Dillon, AJ",0.2614035087719298,10.424107142857142,,,6.254464285714285,RB,Green Bay,8.339285714285714,16.0,"Dillon, AJ",,,16.0
0.0,5.625,,0.0,3.0,"Means, Jerrod",0.75,10.416666666666668,,,6.25,WR,New Orleans,8.333333333333334,0.0,"Means, Jerrod",,,0.0
0.0,5.625,,0.0,12.0,"RylandARI, Chad",0.9230769230769232,10.416666666666668,,,6.25,,,8.333333333333334,0.0,"RylandARI, Chad",,,0.0
0.0,5.602500000000001,,0.0,10.0,"McManusGB, Brandon",0.9090909090909092,10.375,,,6.2250000000000005,,,8.3,0.0,"McManusGB, Brandon",,,0.0
0.0,5.602500000000001,,13.0,0.0,"Ruggs, Henry",0.1285714285714286,10.375,,,6.2250000000000005,,,8.3,0.0,"Ruggs, Henry",,,7.0
0.0,5.586206896551725,,7.0,0.0,"GayLA, Matt",0.19,10.344827586206897,,,6.206896551724139,,,8.275862068965518,6.0,"GayLA, Matt",,,16.0
0.0,5.5687500000000005,,14.0,0.0,"Ebron, Eric",0.1238095238095238,10.3125,,,6.1875,,,8.25,0.0,"Ebron, Eric",,,6.0
0.0,5.5636363636363635,,14.0,0.0,"Jones, II",0.1647058823529412,10.303030303030305,,,6.181818181818182,,,8.242424242424242,4.0,"Jones, II",,,15.0
0.0,5.534999999999999,,0.0,10.0,"Vele, Devaughn",0.9090909090909092,10.25,,,6.1499999999999995,WR,Denver,8.2,0.0,"Vele, Devaughn",,,0.0
4.0,5.529807692307692,,14.0,0.0,"Graham, Jimmy",0.1703703703703703,10.240384615384617,,,6.144230769230768,,,8.192307692307692,0.0,"Graham, Jimmy",,,8.0
13.0,5.518421052631579,,13.0,8.0,"Valdes-Scantling, Marquez",0.3534482758620689,10.219298245614034,,,6.131578947368421,WR,Buffalo,8.175438596491228,14.0,"Valdes-Scantling, Marquez",,,9.0
8.0,5.515243902439024,,6.0,0.0,"Peoples-Jones, Donovan",0.2547619047619047,10.21341463414634,,,6.128048780487804,WR,Detroit,8.170731707317072,15.0,"Peoples-Jones, Donovan",,,12.0
0.0,5.501250000000001,,5.0,0.0,"Freeman, Devonta",0.1666666666666666,10.1875,,,6.112500000000001,,,8.15,0.0,"Freeman, Devonta",,,15.0
12.0,5.4995901639344265,,15.0,11.0,"Agholor, Nelson",0.3693548387096774,10.184426229508198,,,6.110655737704918,WR,Baltimore,8.147540983606557,10.0,"Agholor, Nelson",,,13.0
12.0,5.4984375000000005,,14.0,0.0,"McKinnon, Jerick",0.2489795918367347,10.182291666666668,,,6.109375,,,8.145833333333334,16.0,"McKinnon, Jerick",,,6.0
0.0,5.49,,16.0,0.0,"ZuerleinDAL, Greg",0.1419354838709677,10.166666666666666,,,6.1,,,8.133333333333333,0.0,"ZuerleinDAL, Greg",,,14.0
15.0,5.49,,0.0,15.0,"Charbonnet, Zach",0.6774193548387096,10.166666666666666,,,6.1,RB,Seattle,8.133333333333333,0.0,"Charbonnet, Zach",,,0.0
13.0,5.488043478260869,,0.0,0.0,"Zuerlein, Greg",0.3416666666666666,10.16304347826087,,,6.0978260869565215,K,NY Jets,8.130434782608695,10.0,"Zuerlein, Greg",,,0.0
0.0,5.4875,,16.0,16.0,"BassBUF, Tyler",0.4109090909090909,10.162037037037038,,,6.097222222222222,,,8.12962962962963,6.0,"BassBUF, Tyler",,,16.0
0.0,5.466176470588235,,15.0,14.0,"KooATL, Younghoe",0.3942307692307692,10.122549019607842,,,6.073529411764706,,,8.098039215686274,6.0,"KooATL, Younghoe",,,16.0
0.0,5.464285714285714,,16.0,0.0,"BlankenshipIND, Rodrigo",0.1181818181818181,10.11904761904762,,,6.071428571428571,,,8.095238095238095,0.0,"BlankenshipIND, Rodrigo",,,5.0
11.0,5.461363636363637,,0.0,0.0,"Fairbairn, Ka'imi",0.3347826086956522,10.113636363636363,,,6.068181818181818,K,Houston,8.090909090909092,11.0,"Fairbairn, Ka'imi",,,0.0
0.0,5.439705882352941,,0.0,12.0,"McPhersonCIN, Evan",0.4857142857142857,10.073529411764708,,,6.044117647058823,,,8.058823529411764,6.0,"McPhersonCIN, Evan",,,16.0
15.0,5.4375,,16.0,4.0,"Reynolds, Josh",0.3,10.069444444444445,,,6.041666666666666,WR,Denver,8.055555555555555,11.0,"Reynolds, Josh",,,8.0
0.0,5.429347826086957,,16.0,15.0,"FairbairnHOU, Ka'imi",0.4276595744680851,10.054347826086955,,,6.032608695652174,,,8.043478260869565,5.0,"FairbairnHOU, Ka'imi",,,10.0
16.0,5.426470588235294,,16.0,11.0,"Edwards, Gus",0.4115384615384615,10.049019607843135,,,6.029411764705882,RB,LA Chargers,8.03921568627451,8.0,"Edwards, Gus",,,0.0
13.0,5.424999999999999,,0.0,14.0,"Douglas, Demario",0.6857142857142857,10.046296296296296,,,6.027777777777777,WR,New England,8.037037037037036,0.0,"Douglas, Demario",,,0.0
13.0,5.411637931034483,,13.0,8.0,"Moss, Zack",0.3474576271186441,10.021551724137932,,,6.012931034482759,RB,Cincinnati,8.017241379310345,12.0,"Moss, Zack",,,12.0
0.0,5.4,,0.0,13.0,"Legette, Xavier",0.9285714285714286,10.0,,,6.0,WR,Carolina,8.0,0.0,"Legette, Xavier",,,0.0
0.0,5.4,,14.0,0.0,"White, James",0.1111111111111111,10.0,,,6.0,,,8.0,0.0,"White, James",,,3.0
16.0,5.4,,0.0,0.0,"Gay, Matt",0.3481481481481481,10.0,,,6.0,K,Indianapolis,8.0,10.0,"Gay, Matt",,,0.0
0.0,5.4,,16.0,16.0,"SandersMIA, Jason",0.4148148148148148,10.0,,,6.0,,,8.0,6.0,"SandersMIA, Jason",,,15.0
13.0,5.379545454545455,,0.0,10.0,"Dotson, Jahan",0.5352941176470588,9.962121212121213,,,5.9772727272727275,WR,Washington,7.96969696969697,10.0,"Dotson, Jahan",,,0.0
7.0,5.372448979591836,,10.0,3.0,"Jones, Zay",0.282,9.948979591836736,,,5.969387755102041,WR,Arizona,7.959183673469388,15.0,"Jones, Zay",,,14.0
6.0,5.3500000000000005,,0.0,11.0,"Rush, Cooper",0.5750000000000001,9.907407407407408,,,5.944444444444445,QB,Dallas,7.925925925925926,7.0,"Rush, Cooper",,,3.0
15.0,5.3500000000000005,,0.0,12.0,"Johnston, Quentin",0.6428571428571429,9.907407407407408,,,5.944444444444445,WR,LA Chargers,7.925925925925926,0.0,"Johnston, Quentin",,,0.0
16.0,5.346,,0.0,0.0,"Dicker, Cameron",0.35,9.9,,,5.9399999999999995,K,LA Chargers,7.92,9.0,"Dicker, Cameron",,,0.0
9.0,5.325,,5.0,8.0,"Foreman, D'Onta",0.3956521739130434,9.86111111111111,,,5.916666666666667,RB,Cleveland,7.888888888888889,15.0,"Foreman, D'Onta",,,8.0
16.0,5.3232954545454545,,0.0,13.0,"Warren, Jaylen",0.5311111111111111,9.857954545454549,,,5.9147727272727275,RB,Pittsburgh,7.886363636363637,15.0,"Warren, Jaylen",,,0.0
16.0,5.322115384615385,,0.0,0.0,"Elliott, Jake",0.3481481481481481,9.855769230769232,,,5.913461538461538,K,Philadelphia,7.884615384615385,10.0,"Elliott, Jake",,,0.0
16.0,5.322115384615385,,0.0,0.0,"Sanders, Jason",0.3481481481481481,9.855769230769232,,,5.913461538461538,K,Miami,7.884615384615385,10.0,"Sanders, Jason",,,0.0
15.0,5.319642857142858,,0.0,14.0,"Otton, Cade",0.555813953488372,9.851190476190476,,,5.9107142857142865,TE,Tampa Bay,7.880952380952381,13.0,"Otton, Cade",,,0.0
13.0,5.302173913043478,,14.0,12.0,"Fant, Noah",0.3728571428571429,9.818840579710145,,,5.891304347826087,TE,Seattle,7.855072463768116,15.0,"Fant, Noah",,,15.0
9.0,5.297282608695652,,0.0,13.0,"Jennings, Jauan",0.4851063829787234,9.809782608695652,,,5.885869565217391,WR,San Francisco,7.8478260869565215,14.0,"Jennings, Jauan",,,10.0
0.0,5.295,,16.0,12.0,"ButkerKC, Harrison",0.3739130434782609,9.805555555555555,,,5.883333333333333,,,7.844444444444444,2.0,"ButkerKC, Harrison",,,15.0
0.0,5.2934210526315795,,16.0,0.0,"FolkNE, Nick",0.1692307692307692,9.802631578947368,,,5.881578947368421,,,7.842105263157895,6.0,"FolkNE, Nick",,,16.0
16.0,5.292,,0.0,0.0,"Bass, Tyler",0.35,9.8,,,5.88,K,Buffalo,7.84,9.0,"Bass, Tyler",,,0.0
0.0,5.275657894736842,,16.0,0.0,"SuccopTB, Ryan",0.1692307692307692,9.769736842105264,,,5.8618421052631575,,,7.815789473684211,6.0,"SuccopTB, Ryan",,,16.0
15.0,5.2693548387096785,,2.0,14.0,"Dowdle, Rico",0.63125,9.758064516129032,,,5.85483870967742,RB,Dallas,7.806451612903226,0.0,"Dowdle, Rico",,,0.0
15.0,5.253260869565218,,0.0,0.0,"Prater, Matt",0.35,9.728260869565217,,,5.836956521739131,K,Arizona,7.782608695652174,8.0,"Prater, Matt",,,0.0
0.0,5.25,,9.0,0.0,"Reed, Jordan",0.09,9.72222222222222,,,5.833333333333333,,,7.777777777777778,0.0,"Reed, Jordan",,,0.0
0.0,5.246590909090909,,12.0,0.0,"Higgins, Rashard",0.1391304347826087,9.71590909090909,,,5.829545454545454,,,7.772727272727272,0.0,"Higgins, Rashard",,,10.0
4.0,5.2457142857142856,,10.0,0.0,"Cobb, Randall",0.2194444444444444,9.714285714285714,,,5.828571428571428,,,7.771428571428571,11.0,"Cobb, Randall",,,10.0
16.0,5.244230769230769,,0.0,0.0,"Butker, Harrison",0.3481481481481481,9.711538461538462,,,5.826923076923077,K,Kansas City,7.769230769230769,10.0,"Butker, Harrison",,,0.0
16.0,5.222368421052631,,0.0,12.0,"Ferguson, Jake",0.5487179487179487,9.671052631578949,,,5.802631578947368,TE,Dallas,7.736842105263157,10.0,"Ferguson, Jake",,,0.0
0.0,5.207142857142857,,12.0,0.0,"Smith, Tre'Quan",0.1758620689655172,9.642857142857142,,,5.785714285714286,WR,Detroit,7.714285714285714,7.0,"Smith, Tre'Quan",,,9.0
16.0,5.2,,0.0,11.0,"Spears, Tyjae",0.6214285714285713,9.62962962962963,,,5.777777777777778,RB,Tennessee,7.703703703703703,0.0,"Spears, Tyjae",,,0.0
16.0,5.1890625,,0.0,0.0,"Grupe, Blake",0.3764705882352941,9.609375,,,5.765625,K,New Orleans,7.6875,0.0,"Grupe, Blake",,,0.0
8.0,5.184574468085106,,7.0,11.0,"Brown, Noah",0.4270833333333333,9.601063829787234,,,5.76063829787234,WR,Houston,7.680851063829787,14.0,"Brown, Noah",,,7.0
0.0,5.175,,0.0,0.0,"YorkCLE, Cade",0.2571428571428571,9.583333333333334,,,5.75,,,7.666666666666667,6.0,"YorkCLE, Cade",,,0.0
1.0,5.175,,5.0,1.0,"Stidham, Jarrett",0.25,9.583333333333334,,,5.75,QB,Denver,7.666666666666667,2.0,"Stidham, Jarrett",,,0.0
0.0,5.154545454545455,,0.0,0.0,"JosephMIN, Greg",0.217391304347826,9.545454545454549,,,5.7272727272727275,,,7.636363636363637,6.0,"JosephMIN, Greg",,,16.0
16.0,5.15054347826087,,0.0,15.0,"Allgeier, Tyler",0.551063829787234,9.53804347826087,,,5.7228260869565215,RB,Atlanta,7.630434782608695,15.0,"Allgeier, Tyler",,,0.0
12.0,5.1468750000000005,,14.0,10.0,"Williams, Jamaal",0.36,9.53125,,,5.71875,RB,New Orleans,7.625,16.0,"Williams, Jamaal",,,12.0
16.0,5.1468750000000005,,0.0,0.0,"Moody, Jake",0.3764705882352941,9.53125,,,5.71875,K,San Francisco,7.625,0.0,"Moody, Jake",,,0.0
12.0,5.1238636363636365,,0.0,10.0,"Wicks, Dontayvion",0.6434782608695653,9.488636363636363,,,5.693181818181818,WR,Green Bay,7.590909090909091,0.0,"Wicks, Dontayvion",,,0.0
0.0,5.11875,,0.0,4.0,"PraterARI, Matt",0.336,9.479166666666666,,,5.6875,,,7.583333333333333,4.0,"PraterARI, Matt",,,16.0
16.0,5.114423076923077,,0.0,0.0,"McLaughlin, Chase",0.3481481481481481,9.471153846153848,,,5.6826923076923075,K,Tampa Bay,7.576923076923077,10.0,"McLaughlin, Chase",,,0.0
5.0,5.110714285714286,,0.0,9.0,"Washington, Parker",0.7333333333333333,9.464285714285714,,,5.678571428571429,WR,Jacksonville,7.571428571428571,0.0,"Washington, Parker",,,0.0
0.0,5.110714285714286,,0.0,0.0,"HopkinsLAC, Dustin",0.2136363636363636,9.464285714285714,,,5.678571428571429,,,7.571428571428571,5.0,"HopkinsLAC, Dustin",,,16.0
0.0,5.1,,8.0,0.0,"Rodgers, Richard",0.11,9.444444444444445,,,5.666666666666666,,,7.555555555555555,1.0,"Rodgers, Richard",,,0.0
16.0,5.088461538461538,,0.0,0.0,"Folk, Nick",0.3481481481481481,9.423076923076923,,,5.653846153846153,K,Tennessee,7.538461538461538,10.0,"Folk, Nick",,,0.0
0.0,5.085000000000001,,0.0,15.0,"GayIND, Matt",0.9375,9.416666666666666,,,5.65,,,7.533333333333333,0.0,"GayIND, Matt",,,0.0
24.0,5.070731707317073,,0.0,2.0,"Carter, Michael",0.3108433734939759,9.390243902439025,,,5.634146341463414,RB,Arizona,7.512195121951219,30.0,"Carter, Michael",,,26.0
0.0,5.0625,,6.0,0.0,"Callaway, Marquez",0.2,9.375,,,5.625,,,7.5,8.0,"Callaway, Marquez",,,16.0
0.0,5.0625,,2.0,0.0,"Yeldon, T.J.",0.0666666666666666,9.375,,,5.625,,,7.5,0.0,"Yeldon, T.J.",,,0.0
7.0,5.0625,,6.0,0.0,"James, Richie",0.2724137931034482,9.375,,,5.625,,,7.5,15.0,"James, Richie",,,0.0
0.0,5.0625,,0.0,0.0,"PineiroNYJ, Eddy",0.16,9.375,,,5.625,,,7.5,0.0,"PineiroNYJ, Eddy",,,4.0
7.0,5.055000000000001,,11.0,13.0,"Akers, Cam",0.458695652173913,9.36111111111111,,,5.616666666666667,RB,Houston,7.488888888888889,14.0,"Akers, Cam",,,0.0
0.0,5.053378378378379,,15.0,0.0,"McManusDEN, Brandon",0.1710526315789473,9.358108108108109,,,5.614864864864865,,,7.486486486486487,6.0,"McManusDEN, Brandon",,,16.0
11.0,5.0528571428571425,,0.0,12.0,"Likely, Isaiah",0.5555555555555556,9.357142857142858,,,5.614285714285714,TE,Baltimore,7.485714285714286,12.0,"Likely, Isaiah",,,0.0
0.0,5.036538461538462,,13.0,0.0,"Fitzgerald, Larry",0.0928571428571428,9.326923076923077,,,5.596153846153847,,,7.461538461538462,0.0,"Fitzgerald, Larry",,,0.0
11.0,5.030859375,,15.0,11.0,"Patterson, Cordarrelle",0.3615384615384615,9.31640625,,,5.58984375,RB,Pittsburgh,7.453125,12.0,"Patterson, Cordarrelle",,,15.0
8.0,5.0175,,14.0,12.0,"Robinson, Demarcus",0.380327868852459,9.291666666666668,,,5.575,WR,LA Rams,7.433333333333334,14.0,"Robinson, Demarcus",,,12.0
3.0,5.014285714285714,,0.0,0.0,"Badgley, Michael",0.3,9.285714285714286,,,5.571428571428571,K,Detroit,7.428571428571429,11.0,"Badgley, Michael",,,0.0
0.0,5.014285714285714,,0.0,7.0,"CarlsonNYJ, Anders",0.875,9.285714285714286,,,5.571428571428571,,,7.428571428571429,0.0,"CarlsonNYJ, Anders",,,0.0
13.0,5.011363636363637,,0.0,7.0,"Pierce, Dameon",0.4735294117647059,9.28030303030303,,,5.568181818181818,RB,Houston,7.424242424242424,13.0,"Pierce, Dameon",,,0.0
16.0,5.010576923076924,,0.0,0.0,"Santos, Cairo",0.3481481481481481,9.278846153846152,,,5.5673076923076925,K,Chicago,7.423076923076923,10.0,"Santos, Cairo",,,0.0
16.0,5.010576923076924,,0.0,0.0,"Koo, Younghoe",0.3481481481481481,9.278846153846152,,,5.5673076923076925,K,Atlanta,7.423076923076923,10.0,"Koo, Younghoe",,,0.0
0.0,5.00921052631579,,2.0,0.0,"Hilliard, Dontrell",0.235,9.276315789473683,,,5.565789473684211,,,7.421052631578948,11.0,"Hilliard, Dontrell",,,6.0
0.0,5.0011363636363635,,16.0,0.0,"LutzNO, Wil",0.1478260869565217,9.261363636363637,,,5.556818181818182,,,7.409090909090909,6.0,"LutzNO, Wil",,,0.0
15.0,4.998648648648649,,0.0,0.0,"Moore, Rondale",0.2947368421052631,9.256756756756756,,,5.554054054054054,WR,Atlanta,7.405405405405405,8.0,"Moore, Rondale",,,14.0
9.0,4.995000000000001,,0.0,2.0,"Hodgins, Isaiah",0.3952380952380953,9.25,,,5.550000000000001,WR,NY Giants,7.4,9.0,"Hodgins, Isaiah",,,0.0
15.0,4.995000000000001,,0.0,0.0,"Carlson, Daniel",0.3461538461538461,9.25,,,5.550000000000001,K,Las Vegas,7.4,10.0,"Carlson, Daniel",,,0.0
0.0,4.982142857142858,,16.0,0.0,"Ward, Greg",0.1181818181818181,9.226190476190476,,,5.5357142857142865,,,7.380952380952381,0.0,"Ward, Greg",,,5.0
11.0,4.9660714285714285,,0.0,6.0,"Herbert, Khalil",0.386046511627907,9.196428571428571,,,5.517857142857142,RB,Chicago,7.357142857142857,12.0,"Herbert, Khalil",,,13.0
0.0,4.95,,16.0,0.0,"Bernard, Giovani",0.1392857142857143,9.166666666666666,,,5.5,,,7.333333333333333,1.0,"Bernard, Giovani",,,10.0
0.0,4.95,,8.0,0.0,"Williams, Preston",0.123076923076923,9.166666666666666,,,5.5,,,7.333333333333333,0.0,"Williams, Preston",,,4.0
0.0,4.945108695652174,,16.0,0.0,"Hines, Nyheim",0.1914893617021276,9.157608695652174,,,5.494565217391305,RB,Cleveland,7.326086956521739,14.0,"Hines, Nyheim",,,16.0
9.0,4.942372881355932,,11.0,13.0,"Knox, Dawson",0.4033333333333333,9.152542372881356,,,5.491525423728813,TE,Buffalo,7.322033898305085,13.0,"Knox, Dawson",,,13.0
0.0,4.9359375000000005,,11.0,0.0,"Johnson, Duke",0.1294117647058823,9.140625,,,5.484375,,,7.3125,1.0,"Johnson, Duke",,,4.0
15.0,4.926492537313433,,7.0,14.0,"Conklin, Tyler",0.4176470588235293,9.123134328358208,,,5.473880597014926,TE,NY Jets,7.298507462686567,15.0,"Conklin, Tyler",,,16.0
0.0,4.917857142857143,,0.0,7.0,"JosephNYJ, Greg",0.875,9.107142857142858,,,5.464285714285714,,,7.285714285714286,0.0,"JosephNYJ, Greg",,,0.0
15.0,4.909090909090909,,15.0,0.0,"Murray, Latavius",0.2446428571428571,9.09090909090909,,,5.454545454545454,,,7.272727272727272,12.0,"Murray, Latavius",,,13.0
7.0,4.901086956521739,,15.0,0.0,"Tonyan, Robert",0.2276595744680851,9.07608695652174,,,5.445652173913044,TE,Minnesota,7.260869565217392,16.0,"Tonyan, Robert",,,8.0
11.0,4.89375,,4.0,12.0,"Johnson, Juwan",0.4551020408163265,9.0625,,,5.4375,TE,New Orleans,7.25,13.0,"Johnson, Juwan",,,8.0
0.0,4.89375,,12.0,0.0,"BullockCIN, Randy",0.0923076923076923,9.0625,,,5.4375,,,7.25,0.0,"BullockCIN, Randy",,,0.0
0.0,4.880769230769231,,0.0,13.0,"MoodySF, Jake",0.9285714285714286,9.038461538461538,,,5.423076923076923,,,7.230769230769231,0.0,"MoodySF, Jake",,,0.0
12.0,4.880769230769231,,16.0,0.0,"Edmonds, Chase",0.2339622641509434,9.038461538461538,,,5.423076923076923,RB,Tampa Bay,7.230769230769231,12.0,"Edmonds, Chase",,,12.0
13.0,4.867788461538463,,4.0,11.0,"Westbrook, Nick",0.4245283018867924,9.014423076923077,,,5.408653846153847,WR,Tennessee,7.211538461538462,11.0,"Westbrook, Nick",,,13.0
8.0,4.857352941176471,,9.0,12.0,"Hollins, Mack",0.4230769230769231,8.995098039215687,,,5.397058823529412,WR,Buffalo,7.196078431372549,15.0,"Hollins, Mack",,,7.0
0.0,4.8375,,0.0,0.0,"Turner, Malik",0.1714285714285714,8.958333333333334,,,5.375,WR,San Francisco,7.166666666666667,0.0,"Turner, Malik",,,6.0
0.0,4.8375,,0.0,0.0,"BadgleyIND, Michael",0.1846153846153846,8.958333333333334,,,5.375,,,7.166666666666667,0.0,"BadgleyIND, Michael",,,12.0
0.0,4.8375,,0.0,0.0,"MaherNO, Brett",0.1714285714285714,8.958333333333334,,,5.375,,,7.166666666666667,0.0,"MaherNO, Brett",,,6.0
15.0,4.833,,0.0,0.0,"Lutz, Wil",0.3461538461538461,8.95,,,5.37,K,Denver,7.16,10.0,"Lutz, Wil",,,0.0
0.0,4.824264705882353,,13.0,0.0,"Williams, Darrel",0.1714285714285714,8.933823529411764,,,5.360294117647059,,,7.147058823529412,5.0,"Williams, Darrel",,,16.0
0.0,4.8,,10.0,0.0,"Burkhead, Rex",0.2054054054054054,8.88888888888889,,,5.333333333333333,,,7.111111111111111,14.0,"Burkhead, Rex",,,12.0
0.0,4.78125,,0.0,0.0,"GonzalezCAR, Zane",0.1846153846153846,8.854166666666666,,,5.3125,,,7.083333333333333,0.0,"GonzalezCAR, Zane",,,12.0
0.0,4.776923076923077,,10.0,0.0,"Watkins, Sammy",0.1814814814814815,8.846153846153847,,,5.3076923076923075,,,7.076923076923077,7.0,"Watkins, Sammy",,,9.0
0.0,4.775943396226415,,16.0,16.0,"MyersSEA, Jason",0.4148148148148148,8.84433962264151,,,5.306603773584905,,,7.0754716981132075,6.0,"MyersSEA, Jason",,,15.0
0.0,4.773214285714286,,0.0,14.0,"FolkTEN, Nick",0.9333333333333332,8.839285714285714,,,5.303571428571429,,,7.071428571428571,0.0,"FolkTEN, Nick",,,0.0
15.0,4.752000000000001,,0.0,0.0,"Pineiro, Eddy",0.3461538461538461,8.8,,,5.28,K,Carolina,7.04,10.0,"Pineiro, Eddy",,,0.0
0.0,4.7475000000000005,,14.0,0.0,"Byrd, Damiere",0.1709677419354839,8.791666666666666,,,5.275,WR,Washington,7.033333333333333,7.0,"Byrd, Damiere",,,9.0
15.0,4.744014084507042,,13.0,12.0,"Mattison, Alexander",0.3763888888888889,8.785211267605634,,,5.27112676056338,RB,Las Vegas,7.028169014084507,16.0,"Mattison, Alexander",,,15.0
0.0,4.7250000000000005,,1.0,0.0,"Thompson, Colin",0.05,8.75,,,5.25,,,7.0,0.0,"Thompson, Colin",,,0.0
0.0,4.7250000000000005,,0.0,0.0,"Sciba, Nick",0.15,8.75,,,5.25,,,7.0,1.0,"Sciba, Nick",,,0.0
0.0,4.7250000000000005,,11.0,0.0,"Burton, Trey",0.0916666666666666,8.75,,,5.25,,,7.0,0.0,"Burton, Trey",,,0.0
0.0,4.7250000000000005,,0.0,15.0,"GrupeNO, Blake",0.9375,8.75,,,5.25,,,7.0,0.0,"GrupeNO, Blake",,,0.0
1.0,4.7250000000000005,,0.0,0.0,"Doss, Keelan",0.2,8.75,,,5.25,WR,Las Vegas,7.0,0.0,"Doss, Keelan",,,0.0
0.0,4.7250000000000005,,0.0,0.0,"Mabry, Tyler",0.15,8.75,,,5.25,TE,Seattle,7.0,1.0,"Mabry, Tyler",,,0.0
16.0,4.7250000000000005,,0.0,0.0,"McPherson, Evan",0.35,8.75,,,5.25,K,Cincinnati,7.0,9.0,"McPherson, Evan",,,0.0
0.0,4.7250000000000005,,0.0,6.0,"Pearsall, Ricky",0.8571428571428571,8.75,,,5.25,WR,San Francisco,7.0,0.0,"Pearsall, Ricky",,,0.0
0.0,4.7250000000000005,,3.0,0.0,"Fumagalli, Troy",0.075,8.75,,,5.25,,,7.0,0.0,"Fumagalli, Troy",,,0.0
16.0,4.7250000000000005,,0.0,0.0,"Boswell, Chris",0.3590909090909091,8.75,,,5.25,K,Pittsburgh,7.0,5.0,"Boswell, Chris",,,0.0
0.0,4.7250000000000005,,16.0,0.0,"SlyeCAR, Joey",0.0941176470588235,8.75,,,5.25,,,7.0,0.0,"SlyeCAR, Joey",,,0.0
0.0,4.7250000000000005,,0.0,0.0,"BlankenshipARI, Rodrigo",0.15,8.75,,,5.25,,,7.0,1.0,"BlankenshipARI, Rodrigo",,,0.0
0.0,4.7250000000000005,,1.0,0.0,"Thomas, Jordan",0.05,8.75,,,5.25,,,7.0,0.0,"Thomas, Jordan",,,0.0
0.0,4.7250000000000005,,1.0,0.0,"Croom, Jason",0.05,8.75,,,5.25,,,7.0,0.0,"Croom, Jason",,,0.0
0.0,4.7250000000000005,,16.0,8.0,"GanoNYG, Graham",0.3106382978723404,8.75,,,5.25,,,7.0,6.0,"GanoNYG, Graham",,,16.0
0.0,4.7250000000000005,,3.0,0.0,"Bryant, Dez",0.075,8.75,,,5.25,,,7.0,0.0,"Bryant, Dez",,,0.0
0.0,4.69125,,14.0,0.0,"Gallman, Wayne",0.1238095238095238,8.6875,,,5.2125,,,6.95,0.0,"Gallman, Wayne",,,6.0
5.0,4.685294117647059,,15.0,7.0,"Hardman, Mecole",0.3096153846153846,8.676470588235293,,,5.205882352941177,WR,Kansas City,6.9411764705882355,8.0,"Hardman, Mecole",,,16.0
0.0,4.680000000000001,,15.0,0.0,"GostkowskiTEN, Stephen",0.09375,8.666666666666668,,,5.2,,,6.933333333333334,0.0,"GostkowskiTEN, Stephen",,,0.0
13.0,4.670564516129033,,15.0,6.0,"Everett, Gerald",0.3126984126984127,8.649193548387096,,,5.189516129032258,TE,Chicago,6.919354838709677,14.0,"Everett, Gerald",,,14.0
0.0,4.66875,,12.0,0.0,"GonzalezARI, Zane",0.0923076923076923,8.645833333333334,,,5.1875,,,6.916666666666667,0.0,"GonzalezARI, Zane",,,0.0
13.0,4.666304347826087,,0.0,0.0,"Patterson, Riley",0.3416666666666666,8.641304347826086,,,5.184782608695652,,,6.913043478260869,10.0,"Patterson, Riley",,,0.0
0.0,4.657500000000001,,16.0,0.0,"Peterson, Adrian",0.1142857142857143,8.625,,,5.175000000000001,,,6.9,0.0,"Peterson, Adrian",,,4.0
16.0,4.647115384615384,,0.0,0.0,"McManus, Brandon",0.3481481481481481,8.605769230769232,,,5.163461538461538,,,6.884615384615385,10.0,"McManus, Brandon",,,0.0
0.0,4.6455882352941185,,8.0,0.0,"Michel, Sony",0.2,8.602941176470589,,,5.161764705882353,,,6.882352941176471,10.0,"Michel, Sony",,,16.0
8.0,4.644,,11.0,0.0,"Smith, Irv",0.2346153846153846,8.6,,,5.16,TE,Kansas City,6.88,6.0,"Smith, Irv",,,0.0
7.0,4.640625,,0.0,14.0,"Dortch, Greg",0.6060606060606061,8.59375,,,5.15625,WR,Arizona,6.875,10.0,"Dortch, Greg",,,1.0
0.0,4.640625,,0.0,3.0,"Johnson, Josh",0.4555555555555555,8.59375,,,5.15625,QB,Baltimore,6.875,1.0,"Johnson, Josh",,,4.0
0.0,4.628571428571428,,0.0,7.0,"NarvesonTEN, Brayden",0.875,8.571428571428571,,,5.142857142857142,,,6.857142857142857,0.0,"NarvesonTEN, Brayden",,,0.0
0.0,4.6125,,0.0,0.0,"PattersonJAX, Riley",0.2571428571428571,8.541666666666666,,,5.125,,,6.833333333333333,6.0,"PattersonJAX, Riley",,,0.0
0.0,4.6125,,0.0,0.0,"PattersonDET, Riley",0.1714285714285714,8.541666666666666,,,5.125,,,6.833333333333333,0.0,"PattersonDET, Riley",,,6.0
0.0,4.605882352941176,,16.0,0.0,"Cole, Keelan",0.1657142857142857,8.529411764705882,,,5.117647058823529,,,6.823529411764706,6.0,"Cole, Keelan",,,12.0
0.0,4.600657894736842,,16.0,0.0,"CrosbyGB, Mason",0.1692307692307692,8.519736842105264,,,5.1118421052631575,,,6.815789473684211,6.0,"CrosbyGB, Mason",,,16.0
2.0,4.580357142857143,,0.0,2.0,"Dulcich, Greg",0.3866666666666666,8.482142857142858,,,5.089285714285714,TE,Denver,6.785714285714286,10.0,"Dulcich, Greg",,,0.0
0.0,4.55625,,12.0,0.0,"Tate, Golden",0.0923076923076923,8.4375,,,5.0625,,,6.75,0.0,"Tate, Golden",,,0.0
0.0,4.55625,,4.0,0.0,"NugentARI, Mike",0.08,8.4375,,,5.0625,,,6.75,0.0,"NugentARI, Mike",,,0.0
12.0,4.551428571428572,,0.0,14.0,"Atwell, Chatarius",0.5972222222222222,8.428571428571429,,,5.057142857142857,WR,LA Rams,6.742857142857143,9.0,"Atwell, Chatarius",,,0.0
0.0,4.548913043478261,,12.0,0.0,"Washington, James",0.1416666666666667,8.42391304347826,,,5.054347826086956,,,6.739130434782608,0.0,"Washington, James",,,11.0
7.0,4.540909090909091,,0.0,1.0,"Johnson, Brandon",0.3916666666666666,8.40909090909091,,,5.045454545454546,WR,Denver,6.7272727272727275,3.0,"Johnson, Brandon",,,0.0
3.0,4.538793103448276,,15.0,11.0,"Moore, David",0.4566666666666666,8.405172413793103,,,5.043103448275862,WR,Carolina,6.724137931034483,0.0,"Moore, David",,,0.0
8.0,4.526470588235294,,15.0,6.0,"Hurst, Hayden",0.3134615384615384,8.382352941176471,,,5.029411764705882,TE,LA Chargers,6.705882352941177,12.0,"Hurst, Hayden",,,10.0
8.0,4.525,,0.0,12.0,"Mason, Jordan",0.6178571428571429,8.37962962962963,,,5.027777777777778,RB,San Francisco,6.703703703703703,7.0,"Mason, Jordan",,,0.0
0.0,4.522500000000001,,0.0,0.0,"BullockTEN, Randy",0.2142857142857142,8.375,,,5.025,,,6.7,5.0,"BullockTEN, Randy",,,15.0
0.0,4.522500000000001,,0.0,0.0,"Woods, Jelani",0.2727272727272727,8.375,,,5.025,TE,Indianapolis,6.7,10.0,"Woods, Jelani",,,0.0
0.0,4.522500000000001,,14.0,0.0,"Amendola, Danny",0.1238095238095238,8.375,,,5.025,,,6.7,0.0,"Amendola, Danny",,,6.0
0.0,4.5,,1.0,0.0,"Bradley, Ja'Marcus",0.125,8.333333333333334,,,5.0,,,6.666666666666667,0.0,"Bradley, Ja'Marcus",,,2.0
9.0,4.5,,0.0,0.0,"Havrisik, Lucas",0.36,8.333333333333334,,,5.0,,,6.666666666666667,0.0,"Havrisik, Lucas",,,0.0
0.0,4.5,,12.0,0.0,"Perriman, Breshad",0.1590909090909091,8.333333333333334,,,5.0,,,6.666666666666667,5.0,"Perriman, Breshad",,,4.0
8.0,4.49296875,,2.0,2.0,"Campbell, Parris",0.3303030303030303,8.3203125,,,4.9921875,WR,Philadelphia,6.65625,15.0,"Campbell, Parris",,,5.0
0.0,4.471875,,16.0,0.0,"HopkinsWAS, Dustin",0.0941176470588235,8.28125,,,4.96875,,,6.625,0.0,"HopkinsWAS, Dustin",,,0.0
2.0,4.471875,,0.0,0.0,"Knight, Zonovan",0.2888888888888888,8.28125,,,4.96875,RB,Detroit,6.625,6.0,"Knight, Zonovan",,,0.0
16.0,4.471875,,0.0,0.0,"Carlson, Anders",0.3764705882352941,8.28125,,,4.96875,K,Green Bay,6.625,0.0,"Carlson, Anders",,,0.0
0.0,4.447058823529412,,11.0,0.0,"Cephus, Quintez",0.1333333333333333,8.235294117647058,,,4.9411764705882355,WR,Houston,6.588235294117647,1.0,"Cephus, Quintez",,,5.0
2.0,4.4437500000000005,,0.0,0.0,"Crosby, Mason",0.2923076923076922,8.229166666666666,,,4.9375,,,6.583333333333333,10.0,"Crosby, Mason",,,0.0
0.0,4.4325,,15.0,0.0,"Booker, Devontae",0.1451612903225806,8.208333333333332,,,4.925,,,6.566666666666666,0.0,"Booker, Devontae",,,15.0
0.0,4.4296875,,0.0,16.0,"KartyLA, Joshua",0.9411764705882352,8.203125,,,4.921875,,,6.5625,0.0,"KartyLA, Joshua",,,0.0
5.0,4.425,,0.0,4.0,"Bagent, Tyson",0.6,8.194444444444445,,,4.916666666666666,QB,Chicago,6.555555555555555,0.0,"Bagent, Tyson",,,0.0
16.0,4.425,,4.0,8.0,"Raymond, Kalif",0.389090909090909,8.194444444444445,,,4.916666666666666,WR,Detroit,6.555555555555555,14.0,"Raymond, Kalif",,,12.0
0.0,4.418181818181818,,0.0,11.0,"Guerendo, Isaac",0.9166666666666666,8.181818181818182,,,4.909090909090909,RB,San Francisco,6.545454545454546,0.0,"Guerendo, Isaac",,,0.0
10.0,4.3875,,9.0,11.0,"Jefferson, Van",0.3909090909090909,8.125,,,4.875,WR,Pittsburgh,6.5,8.0,"Jefferson, Van",,,16.0
10.0,4.3875,,0.0,14.0,"Tolbert, Jalen",0.688888888888889,8.125,,,4.875,WR,Dallas,6.5,2.0,"Tolbert, Jalen",,,0.0
0.0,4.3875,,1.0,0.0,"Asiasi, Devin",0.1333333333333333,8.125,,,4.875,,,6.5,1.0,"Asiasi, Devin",,,0.0
0.0,4.3875,,0.0,2.0,"Whiteheart, Blake",0.6666666666666666,8.125,,,4.875,TE,Arizona,6.5,0.0,"Whiteheart, Blake",,,0.0
15.0,4.371428571428572,,0.0,15.0,"Okonkwo, Chigoziem",0.572093023255814,8.095238095238095,,,4.857142857142858,TE,Tennessee,6.476190476190476,12.0,"Okonkwo, Chigoziem",,,0.0
0.0,4.365,,4.0,0.0,"Treadwell, Laquon",0.18125,8.083333333333334,,,4.85,WR,Indianapolis,6.466666666666667,3.0,"Treadwell, Laquon",,,8.0
0.0,4.3568181818181815,,15.0,0.0,"GouldSF, Robbie",0.1676470588235294,8.068181818181818,,,4.840909090909091,,,6.454545454545454,6.0,"GouldSF, Robbie",,,12.0
0.0,4.355660377358491,,16.0,16.0,"ElliottPHI, Jake",0.412962962962963,8.066037735849056,,,4.839622641509434,,,6.452830188679245,5.0,"ElliottPHI, Jake",,,16.0
0.0,4.3453125,,16.0,0.0,"PraterDET, Matt",0.0941176470588235,8.046875,,,4.828125,,,6.4375,0.0,"PraterDET, Matt",,,0.0
0.0,4.339285714285714,,0.0,14.0,"Davis, Re'Mahn",0.9333333333333332,8.035714285714286,,,4.821428571428571,RB,Buffalo,6.428571428571429,0.0,"Davis, Re'Mahn",,,0.0
13.0,4.336363636363637,,0.0,0.0,"Moore, Chris",0.3088235294117647,8.03030303030303,,,4.818181818181818,WR,Arizona,6.424242424242424,13.0,"Moore, Chris",,,7.0
0.0,4.330188679245284,,16.0,16.0,"SantosCHI, Cairo",0.412962962962963,8.018867924528303,,,4.811320754716982,,,6.415094339622642,5.0,"SantosCHI, Cairo",,,16.0
16.0,4.309615384615385,,0.0,0.0,"Joseph, Greg",0.3481481481481481,7.980769230769232,,,4.788461538461538,K,Green Bay,6.384615384615385,10.0,"Joseph, Greg",,,0.0
14.0,4.3031250000000005,,0.0,10.0,"Johnson, Roschon",0.6240000000000001,7.96875,,,4.78125,RB,Chicago,6.375,0.0,"Johnson, Roschon",,,0.0
7.0,4.28625,,0.0,13.0,"Iosivas, Andrei",0.7523809523809524,7.9375,,,4.762499999999999,WR,Cincinnati,6.35,0.0,"Iosivas, Andrei",,,0.0
0.0,4.275,,15.0,0.0,"Miller, Anthony",0.1105263157894737,7.916666666666666,,,4.75,,,6.333333333333333,0.0,"Miller, Anthony",,,3.0
8.0,4.275,,0.0,0.0,"Gano, Graham",0.3263157894736842,7.916666666666666,,,4.75,K,NY Giants,6.333333333333333,10.0,"Gano, Graham",,,0.0
2.0,4.275,,0.0,0.0,"Montgomery, D.J.",0.25,7.916666666666666,,,4.75,WR,Indianapolis,6.333333333333333,0.0,"Montgomery, D.J.",,,1.0
0.0,4.275,,6.0,0.0,"Thompson, Chris",0.0857142857142857,7.916666666666666,,,4.75,,,6.333333333333333,0.0,"Thompson, Chris",,,0.0
10.0,4.275,,0.0,14.0,"Tucker, Tre",0.72,7.916666666666666,,,4.75,WR,Las Vegas,6.333333333333333,0.0,"Tucker, Tre",,,0.0
0.0,4.275,,3.0,0.0,"WrightPIT, Matthew",0.075,7.916666666666666,,,4.75,,,6.333333333333333,0.0,"WrightPIT, Matthew",,,0.0
0.0,4.2609375,,0.0,16.0,"LittleJAX, Cam",0.9411764705882352,7.890625,,,4.734375,,,6.3125,0.0,"LittleJAX, Cam",,,0.0
0.0,4.2524999999999995,,9.0,0.0,"Hall, Marvin",0.1,7.875,,,4.725,,,6.3,0.0,"Hall, Marvin",,,1.0
0.0,4.2524999999999995,,0.0,10.0,"Johnson, Theo",0.9090909090909092,7.875,,,4.725,TE,NY Giants,6.3,0.0,"Johnson, Theo",,,0.0
0.0,4.23,,4.0,0.0,"McCoy, Colt",0.1875,7.833333333333333,,,4.7,,,6.266666666666667,4.0,"McCoy, Colt",,,7.0
0.0,4.21875,,16.0,0.0,"BadgleyLAC, Michael",0.0941176470588235,7.8125,,,4.6875,,,6.25,0.0,"BadgleyLAC, Michael",,,0.0
0.0,4.21875,,4.0,0.0,"LamboJAX, Josh",0.08,7.8125,,,4.6875,,,6.25,0.0,"LamboJAX, Josh",,,0.0
0.0,4.1850000000000005,,5.0,0.0,"Thompson, Darwin",0.0833333333333333,7.75,,,4.65,,,6.2,0.0,"Thompson, Darwin",,,0.0
0.0,4.1850000000000005,,15.0,0.0,"ParkeyCLE, Cody",0.09375,7.75,,,4.65,,,6.2,0.0,"ParkeyCLE, Cody",,,0.0
0.0,4.1625000000000005,,0.0,0.0,"Williams, Ty'Son",0.1714285714285714,7.708333333333334,,,4.625,,,6.166666666666667,0.0,"Williams, Ty'Son",,,6.0
1.0,4.134375,,0.0,0.0,"Gore, Derrick",0.2,7.65625,,,4.59375,,,6.125,0.0,"Gore, Derrick",,,7.0
0.0,4.1175,,4.0,0.0,"Okwuegbunam, Albert",0.1904761904761904,7.625,,,4.574999999999999,TE,Philadelphia,6.1,4.0,"Okwuegbunam, Albert",,,12.0
16.0,4.116549295774648,,11.0,15.0,"Perine, Samaje",0.4138888888888889,7.623239436619719,,,4.573943661971831,RB,Denver,6.098591549295775,15.0,"Perine, Samaje",,,14.0
0.0,4.111363636363636,,10.0,0.0,"Doyle, Jack",0.1478260869565217,7.613636363636363,,,4.568181818181818,,,6.090909090909091,0.0,"Doyle, Jack",,,12.0
16.0,4.101923076923077,,0.0,0.0,"Slye, Joey",0.3481481481481481,7.596153846153846,,,4.5576923076923075,K,New England,6.076923076923077,10.0,"Slye, Joey",,,0.0
8.0,4.09909090909091,,14.0,7.0,"Shenault, Laviska",0.3196428571428571,7.59090909090909,,,4.554545454545455,WR,Seattle,6.072727272727272,11.0,"Shenault, Laviska",,,15.0
0.0,4.095,,15.0,0.0,"Gore, Frank",0.09375,7.583333333333333,,,4.55,RB,Buffalo,6.066666666666666,0.0,"Gore, Frank",,,0.0
0.0,4.0921875000000005,,0.0,0.0,"SlyeWAS, Joey",0.2176470588235294,7.578125,,,4.546875,,,6.0625,5.0,"SlyeWAS, Joey",,,11.0
3.0,4.090909090909091,,4.0,0.0,"Watkins, Quez",0.2323529411764705,7.575757575757576,,,4.545454545454545,WR,Pittsburgh,6.0606060606060606,11.0,"Watkins, Quez",,,15.0
9.0,4.0874999999999995,,0.0,9.0,"Tillman, Cedric",0.6631578947368421,7.569444444444445,,,4.541666666666666,WR,Cleveland,6.055555555555555,0.0,"Tillman, Cedric",,,0.0
10.0,4.078125,,10.0,8.0,"Wilson, Cedrick",0.3612244897959183,7.552083333333334,,,4.53125,WR,New Orleans,6.041666666666667,7.0,"Wilson, Cedrick",,,13.0
0.0,4.078125,,5.0,0.0,"Jackson, DeSean",0.196,7.552083333333334,,,4.53125,,,6.041666666666667,6.0,"Jackson, DeSean",,,13.0
10.0,4.077551020408164,,6.0,10.0,"Moreau, Foster",0.408,7.551020408163264,,,4.530612244897959,TE,New Orleans,6.040816326530612,12.0,"Moreau, Foster",,,11.0
6.0,4.069285714285714,,2.0,0.0,"Uzomah, C.J.",0.2555555555555555,7.535714285714286,,,4.521428571428571,TE,Philadelphia,6.0285714285714285,12.0,"Uzomah, C.J.",,,15.0
0.0,4.05,,3.0,0.0,"Collins, Alex",0.1666666666666666,7.5,,,4.5,,,6.0,0.0,"Collins, Alex",,,11.0
0.0,4.05,,6.0,0.0,"RosasJAX, Aldrick",0.0857142857142857,7.5,,,4.5,,,6.0,0.0,"RosasJAX, Aldrick",,,0.0
0.0,4.05,,0.0,1.0,"Bachman, Alex",0.5,7.5,,,4.5,WR,Las Vegas,6.0,0.0,"Bachman, Alex",,,0.0
0.0,4.05,,1.0,0.0,"Godwin, Terry",0.05,7.5,,,4.5,,,6.0,0.0,"Godwin, Terry",,,0.0
0.0,4.05,,0.0,0.0,"SeibertDET, Austin",0.21,7.5,,,4.5,,,6.0,3.0,"SeibertDET, Austin",,,6.0
2.0,4.05,,11.0,0.0,"Snead, Willie",0.15,7.5,,,4.5,,,6.0,0.0,"Snead, Willie",,,4.0
11.0,4.05,,12.0,0.0,"Berrios, Braxton",0.2411764705882353,7.5,,,4.5,WR,Miami,6.0,13.0,"Berrios, Braxton",,,14.0
0.0,4.05,,2.0,0.0,"Bonnafon, Reggie",0.1,7.5,,,4.5,,,6.0,0.0,"Bonnafon, Reggie",,,1.0
1.0,4.05,,0.0,0.0,"Cooks, Elijah",0.2,7.5,,,4.5,WR,Jacksonville,6.0,0.0,"Cooks, Elijah",,,0.0
0.0,4.05,,0.0,4.0,"ShraderKC, Spencer",0.8,7.5,,,4.5,,,6.0,0.0,"ShraderKC, Spencer",,,0.0
0.0,4.05,,0.0,4.0,"McCormick, Sincere",0.8,7.5,,,4.5,RB,Las Vegas,6.0,0.0,"McCormick, Sincere",,,0.0
0.0,4.05,,1.0,0.0,"Malone, Josh",0.05,7.5,,,4.5,,,6.0,0.0,"Malone, Josh",,,0.0
0.0,4.05,,7.0,0.0,"Inman, Dontrelle",0.0875,7.5,,,4.5,,,6.0,0.0,"Inman, Dontrelle",,,0.0
0.0,4.05,,10.0,0.0,"Fells, Darren",0.1142857142857143,7.5,,,4.5,,,6.0,0.0,"Fells, Darren",,,3.0
0.0,4.019318181818182,,0.0,16.0,"PineiroCAR, Eddy",0.773913043478261,7.4431818181818175,,,4.465909090909091,,,5.954545454545454,6.0,"PineiroCAR, Eddy",,,0.0
6.0,4.011057692307692,,9.0,14.0,"Johnson, Ty",0.430188679245283,7.427884615384616,,,4.456730769230769,RB,Buffalo,5.9423076923076925,9.0,"Johnson, Ty",,,14.0
3.0,4.005,,0.0,12.0,"Strange, Brenton",0.825,7.416666666666667,,,4.45,TE,Jacksonville,5.933333333333334,0.0,"Strange, Brenton",,,0.0
2.0,4.001785714285714,,16.0,0.0,"Pascal, Zach",0.1906976744186046,7.4107142857142865,,,4.446428571428571,WR,Arizona,5.928571428571429,10.0,"Pascal, Zach",,,14.0
0.0,3.988636363636364,,5.0,0.0,"Williams, Maxx",0.1583333333333333,7.386363636363637,,,4.431818181818182,,,5.909090909090909,2.0,"Williams, Maxx",,,4.0
10.0,3.982500000000001,,6.0,0.0,"Parham, Donald",0.2516129032258064,7.375,,,4.425000000000001,TE,LA Chargers,5.9,4.0,"Parham, Donald",,,10.0
0.0,3.982500000000001,,0.0,10.0,"Sanders, Ja'Tavion",0.9090909090909092,7.375,,,4.425000000000001,TE,Carolina,5.9,0.0,"Sanders, Ja'Tavion",,,0.0
0.0,3.965625,,8.0,0.0,"SlomanTEN, Samuel",0.0888888888888888,7.34375,,,4.40625,,,5.875,0.0,"SlomanTEN, Samuel",,,0.0
0.0,3.965625,,0.0,16.0,"SlyeNE, Joey",0.9411764705882352,7.34375,,,4.40625,,,5.875,0.0,"SlyeNE, Joey",,,0.0
7.0,3.953571428571428,,8.0,13.0,"Zaccheaus, Olamide",0.4140350877192982,7.321428571428571,,,4.392857142857142,WR,Washington,5.857142857142857,14.0,"Zaccheaus, Olamide",,,14.0
0.0,3.948749999999999,,12.0,0.0,"Hamler, KJ",0.1571428571428571,7.3125,,,4.387499999999999,WR,Buffalo,5.85,5.0,"Hamler, KJ",,,3.0
8.0,3.9272727272727272,,0.0,4.0,"Burks, Treylon",0.4434782608695652,7.272727272727273,,,4.363636363636363,WR,Tennessee,5.818181818181818,10.0,"Burks, Treylon",,,0.0
0.0,3.915,,1.0,0.0,"Wolford, John",0.1833333333333333,7.25,,,4.35,QB,Tampa Bay,5.8,2.0,"Wolford, John",,,2.0
2.0,3.915,,0.0,13.0,"Boutte, Kayshon",0.8625,7.25,,,4.35,WR,New England,5.8,0.0,"Boutte, Kayshon",,,0.0
0.0,3.905357142857143,,0.0,8.0,"ZuerleinNYJ, Greg",0.6533333333333334,7.232142857142857,,,4.339285714285714,,,5.785714285714286,6.0,"ZuerleinNYJ, Greg",,,0.0
10.0,3.894230769230769,,0.0,3.0,"Musgrave, Luke",0.5,7.211538461538462,,,4.326923076923077,TE,Green Bay,5.769230769230769,0.0,"Musgrave, Luke",,,0.0
6.0,3.894230769230769,,0.0,0.0,"Goodwin, Marquise",0.2740740740740741,7.211538461538462,,,4.326923076923077,,,5.769230769230769,10.0,"Goodwin, Marquise",,,10.0
0.0,3.894230769230769,,5.0,3.0,"Allen, Brandon",0.3285714285714285,7.211538461538462,,,4.326923076923077,QB,San Francisco,5.769230769230769,1.0,"Allen, Brandon",,,4.0
0.0,3.88125,,10.0,0.0,"Hyde, Carlos",0.1428571428571428,7.1875,,,4.3125,,,5.75,0.0,"Hyde, Carlos",,,10.0
0.0,3.865909090909091,,0.0,0.0,"Seals-Jones, Ricky",0.1833333333333333,7.159090909090909,,,4.295454545454546,,,5.7272727272727275,0.0,"Seals-Jones, Ricky",,,11.0
0.0,3.857142857142857,,6.0,0.0,"Johnson, Marcus",0.1666666666666666,7.142857142857143,,,4.285714285714286,,,5.714285714285714,3.0,"Johnson, Marcus",,,5.0
0.0,3.857142857142857,,11.0,0.0,"Johnson, Tyron",0.12,7.142857142857143,,,4.285714285714286,WR,Dallas,5.714285714285714,1.0,"Johnson, Tyron",,,2.0
0.0,3.8475000000000006,,0.0,0.0,"York, Cade",0.2727272727272727,7.125,,,4.275,K,Cleveland,5.7,10.0,"York, Cade",,,0.0
0.0,3.8475000000000006,,10.0,0.0,"Hamilton, DaeSean",0.0909090909090909,7.125,,,4.275,,,5.7,0.0,"Hamilton, DaeSean",,,0.0
7.0,3.8390625,,13.0,2.0,"Miller, Scott",0.2696969696969697,7.109375,,,4.265625,WR,Pittsburgh,5.6875,8.0,"Miller, Scott",,,2.0
9.0,3.837857142857143,,5.0,0.0,"Pringle, Byron",0.2472222222222222,7.107142857142858,,,4.264285714285714,,,5.685714285714286,6.0,"Pringle, Byron",,,15.0
0.0,3.835227272727273,,6.0,0.0,"Humphries, Adam",0.1652173913043478,7.102272727272727,,,4.261363636363637,,,5.681818181818182,0.0,"Humphries, Adam",,,16.0
0.0,3.825,,9.0,0.0,"Olsen, Greg",0.09,7.083333333333334,,,4.25,,,5.666666666666667,0.0,"Olsen, Greg",,,0.0
13.0,3.8218309859154926,,13.0,15.0,"Hooper, Austin",0.4041666666666667,7.077464788732394,,,4.246478873239436,TE,New England,5.661971830985915,16.0,"Hooper, Austin",,,14.0
2.0,3.811764705882353,,0.0,12.0,"Nailor, Jalen",0.7611111111111111,7.058823529411765,,,4.235294117647059,WR,Minnesota,5.647058823529412,3.0,"Nailor, Jalen",,,0.0
0.0,3.8104838709677424,,8.0,0.0,"Jackson, Justin",0.203125,7.056451612903226,,,4.233870967741936,,,5.645161290322581,11.0,"Jackson, Justin",,,12.0
0.0,3.808928571428572,,14.0,1.0,"Conley, Chris",0.1793103448275862,7.053571428571429,,,4.232142857142858,WR,San Francisco,5.642857142857143,2.0,"Conley, Chris",,,11.0
0.0,3.796875,,9.0,0.0,"Ford, Isaiah",0.1352941176470588,7.03125,,,4.21875,,,5.625,0.0,"Ford, Isaiah",,,7.0
0.0,3.7799999999999994,,0.0,0.0,"Davis, Malik",0.25,7.0,,,4.199999999999999,RB,Dallas,5.6,5.0,"Davis, Malik",,,0.0
0.0,3.7799999999999994,,7.0,0.0,"Howard, Jordan",0.15,7.0,,,4.199999999999999,,,5.6,1.0,"Howard, Jordan",,,7.0
0.0,3.772058823529412,,0.0,0.0,"Benjamin, Eno",0.25,6.985294117647058,,,4.1911764705882355,,,5.588235294117647,11.0,"Benjamin, Eno",,,6.0
0.0,3.7125,,14.0,0.0,"Eifert, Tyler",0.0933333333333333,6.875,,,4.125,,,5.5,0.0,"Eifert, Tyler",,,0.0
0.0,3.7125,,10.0,0.0,"Ingram, Mark",0.1942857142857143,6.875,,,4.125,,,5.5,10.0,"Ingram, Mark",,,14.0
16.0,3.7125,,0.0,14.0,"McLaughlin, Jaleel",0.6580645161290322,6.875,,,4.125,RB,Denver,5.5,0.0,"McLaughlin, Jaleel",,,0.0
0.0,3.7125,,4.0,0.0,"Jeffery, Alshon",0.08,6.875,,,4.125,,,5.5,0.0,"Jeffery, Alshon",,,0.0
0.0,3.7125,,6.0,0.0,"Adams, Josh",0.0857142857142857,6.875,,,4.125,,,5.5,0.0,"Adams, Josh",,,0.0
0.0,3.684375,,8.0,0.0,"Edwards, Bryan",0.172,6.822916666666666,,,4.09375,,,5.458333333333333,3.0,"Edwards, Bryan",,,13.0
9.0,3.677586206896552,,2.0,10.0,"Humphrey, Lil'Jordan",0.52,6.810344827586206,,,4.086206896551724,WR,Denver,5.448275862068965,2.0,"Humphrey, Lil'Jordan",,,6.0
6.0,3.6750000000000007,,15.0,0.0,"Guyton, Jalen",0.1891891891891892,6.805555555555555,,,4.083333333333334,WR,Las Vegas,5.444444444444445,1.0,"Guyton, Jalen",,,14.0
0.0,3.6750000000000007,,4.0,0.0,"Howard, O.J.",0.2052631578947368,6.805555555555555,,,4.083333333333334,,,5.444444444444445,7.0,"Howard, O.J.",,,7.0
0.0,3.6750000000000007,,3.0,0.0,"Driskel, Jeff",0.2099999999999999,6.805555555555555,,,4.083333333333334,QB,Washington,5.444444444444445,6.0,"Driskel, Jeff",,,0.0
0.0,3.664285714285714,,4.0,0.0,"Hogan, Chris",0.125,6.7857142857142865,,,4.071428571428571,,,5.428571428571429,0.0,"Hogan, Chris",,,3.0
0.0,3.6592105263157895,,3.0,4.0,"Pettis, Dante",0.385,6.776315789473685,,,4.065789473684211,WR,Chicago,5.421052631578948,10.0,"Pettis, Dante",,,2.0
0.0,3.65625,,0.0,0.0,"WrightJAX, Matthew",0.1846153846153846,6.770833333333334,,,4.0625,,,5.416666666666667,0.0,"WrightJAX, Matthew",,,12.0
0.0,3.645000000000001,,0.0,0.0,"Succop, Ryan",0.2727272727272727,6.75,,,4.050000000000001,,,5.4,10.0,"Succop, Ryan",,,0.0
3.0,3.645000000000001,,0.0,2.0,"Allen, Davis",0.5333333333333333,6.75,,,4.050000000000001,TE,LA Rams,5.4,0.0,"Allen, Davis",,,0.0
0.0,3.645000000000001,,11.0,0.0,"Herndon, IV",0.11875,6.75,,,4.050000000000001,,,5.4,0.0,"Herndon, IV",,,4.0
0.0,3.645000000000001,,0.0,5.0,"YorkCIN, Cade",0.8333333333333334,6.75,,,4.050000000000001,,,5.4,0.0,"YorkCIN, Cade",,,0.0
0.0,3.645000000000001,,0.0,5.0,"GonzalezWAS, Zane",0.8333333333333334,6.75,,,4.050000000000001,,,5.4,0.0,"GonzalezWAS, Zane",,,0.0
9.0,3.6346153846153846,,0.0,4.0,"Hyatt, Jalin",0.5428571428571428,6.730769230769232,,,4.038461538461538,WR,NY Giants,5.384615384615385,0.0,"Hyatt, Jalin",,,0.0
12.0,3.625,,0.0,15.0,"Austin, Calvin",0.7071428571428572,6.712962962962963,,,4.027777777777778,WR,Pittsburgh,5.37037037037037,0.0,"Austin, Calvin",,,0.0
0.0,3.620454545454545,,14.0,0.0,"Arnold, Dan",0.1794117647058823,6.704545454545454,,,4.0227272727272725,,,5.363636363636363,9.0,"Arnold, Dan",,,10.0
0.0,3.6,,9.0,0.0,"FickenNYJ, Sam",0.09,6.666666666666666,,,4.0,,,5.333333333333333,0.0,"FickenNYJ, Sam",,,0.0
0.0,3.6,,6.0,0.0,"Johnson, Olabisi",0.0857142857142857,6.666666666666666,,,4.0,,,5.333333333333333,0.0,"Johnson, Olabisi",,,0.0
0.0,3.6,,3.0,0.0,"Cohen, Tarik",0.075,6.666666666666666,,,4.0,RB,NY Jets,5.333333333333333,0.0,"Cohen, Tarik",,,0.0
0.0,3.6,,11.0,0.0,"Sims, Cam",0.1821428571428571,6.666666666666666,,,4.0,WR,Carolina,5.333333333333333,8.0,"Sims, Cam",,,8.0
9.0,3.5897727272727273,,1.0,3.0,"Irwin, Trenton",0.4043478260869566,6.647727272727273,,,3.988636363636364,WR,Cincinnati,5.318181818181818,8.0,"Irwin, Trenton",,,1.0
7.0,3.567857142857143,,0.0,0.0,"Perry, A.T.",0.35,6.607142857142857,,,3.9642857142857144,WR,New Orleans,5.285714285714286,0.0,"Perry, A.T.",,,0.0
0.0,3.567857142857143,,0.0,0.0,"JohnsonWAS, Brian",0.175,6.607142857142857,,,3.9642857142857144,,,5.285714285714286,0.0,"JohnsonWAS, Brian",,,7.0
12.0,3.564,,0.0,13.0,"Bigsby, Cartavious",0.6846153846153846,6.6000000000000005,,,3.96,RB,Jacksonville,5.28,0.0,"Bigsby, Cartavious",,,0.0
0.0,3.555,,0.0,0.0,"McLaughlinCLE, Chase",0.1875,6.583333333333333,,,3.95,,,5.266666666666667,0.0,"McLaughlinCLE, Chase",,,15.0
0.0,3.54375,,1.0,0.0,"Kumerow, Jake",0.18,6.5625,,,3.9375,,,5.25,2.0,"Kumerow, Jake",,,1.0
15.0,3.54375,,6.0,15.0,"Hill, Justice",0.5142857142857142,6.5625,,,3.9375,RB,Baltimore,5.25,12.0,"Hill, Justice",,,0.0
0.0,3.533823529411765,,11.0,0.0,"Ballage, Kalen",0.1277777777777778,6.544117647058823,,,3.9264705882352944,,,5.235294117647059,0.0,"Ballage, Kalen",,,6.0
2.0,3.530769230769231,,0.0,4.0,"Willis, Malik",0.4928571428571429,6.538461538461538,,,3.9230769230769234,QB,Tennessee,5.230769230769231,7.0,"Willis, Malik",,,0.0
13.0,3.5250000000000004,,3.0,11.0,"Watson, Justin",0.518918918918919,6.527777777777778,,,3.916666666666667,WR,Kansas City,5.222222222222222,9.0,"Watson, Justin",,,0.0
0.0,3.5250000000000004,,7.0,8.0,"Johnson, Tyler",0.3964285714285714,6.527777777777778,,,3.916666666666667,WR,LA Rams,5.222222222222222,0.0,"Johnson, Tyler",,,12.0
0.0,3.5250000000000004,,9.0,0.0,"Beebe, Chad",0.09,6.527777777777778,,,3.916666666666667,,,5.222222222222222,0.0,"Beebe, Chad",,,0.0
9.0,3.51,,13.0,6.0,"Alie-Cox, Mo",0.3196078431372549,6.5,,,3.9,TE,Indianapolis,5.2,10.0,"Alie-Cox, Mo",,,12.0
0.0,3.51,,0.0,1.0,"Jefferson, Jermar",0.3,6.5,,,3.9,RB,Detroit,5.2,0.0,"Jefferson, Jermar",,,4.0
13.0,3.5015625,,0.0,3.0,"Toney, Kadarius",0.3666666666666667,6.484375,,,3.890625,WR,Kansas City,5.1875,7.0,"Toney, Kadarius",,,9.0
0.0,3.4875000000000003,,1.0,0.0,"Jarwin, Blake",0.1571428571428571,6.458333333333334,,,3.875,,,5.166666666666667,0.0,"Jarwin, Blake",,,5.0
3.0,3.4875000000000003,,0.0,9.0,"Tucker, Sean",0.7846153846153846,6.458333333333334,,,3.875,RB,Tampa Bay,5.166666666666667,0.0,"Tucker, Sean",,,0.0
12.0,3.471428571428572,,0.0,9.0,"Chandler, Ty",0.6272727272727273,6.428571428571429,,,3.8571428571428577,RB,Minnesota,5.142857142857143,0.0,"Chandler, Ty",,,0.0
0.0,3.459375,,7.0,0.0,"Smith, Rodney",0.1,6.40625,,,3.84375,,,5.125,0.0,"Smith, Rodney",,,1.0
14.0,3.4528846153846153,,0.0,12.0,"Mims, Marvin",0.6518518518518519,6.394230769230768,,,3.836538461538461,WR,Denver,5.115384615384615,0.0,"Mims, Marvin",,,0.0
0.0,3.4499999999999997,,0.0,1.0,"Zylstra, Shane",0.3199999999999999,6.388888888888888,,,3.833333333333333,TE,Detroit,5.111111111111111,6.0,"Zylstra, Shane",,,2.0
0.0,3.4499999999999997,,0.0,0.0,"AmmendolaNYJ, Matt",0.18,6.388888888888888,,,3.833333333333333,,,5.111111111111111,0.0,"AmmendolaNYJ, Matt",,,9.0
0.0,3.4499999999999997,,11.0,0.0,"Bell, Le'Veon",0.131578947368421,6.388888888888888,,,3.833333333333333,,,5.111111111111111,0.0,"Bell, Le'Veon",,,7.0
7.0,3.444827586206897,,6.0,0.0,"Ahmed, Salvon",0.2366666666666667,6.379310344827587,,,3.827586206896552,RB,Miami,5.103448275862069,5.0,"Ahmed, Salvon",,,11.0
10.0,3.443877551020408,,15.0,0.0,"McKenzie, Isaiah",0.2319999999999999,6.377551020408163,,,3.826530612244898,WR,NY Giants,5.1020408163265305,13.0,"McKenzie, Isaiah",,,11.0
6.0,3.42,,4.0,1.0,"Allen, Kyle",0.3,6.333333333333333,,,3.8,QB,Pittsburgh,5.066666666666666,2.0,"Allen, Kyle",,,2.0
0.0,3.4171875000000003,,16.0,0.0,"Hill, Brian",0.0941176470588235,6.328125,,,3.796875,,,5.0625,0.0,"Hill, Brian",,,0.0
16.0,3.4043478260869566,,0.0,7.0,"Palmer, Trey",0.5583333333333333,6.304347826086957,,,3.782608695652174,WR,Tampa Bay,5.043478260869565,0.0,"Palmer, Trey",,,0.0
0.0,3.375,,8.0,0.0,"Mims, Denzel",0.1863636363636363,6.25,,,3.75,WR,Jacksonville,5.0,7.0,"Mims, Denzel",,,6.0
11.0,3.375,,3.0,7.0,"Hudson, Tanner",0.4888888888888889,6.25,,,3.75,TE,Cincinnati,5.0,5.0,"Hudson, Tanner",,,0.0
7.0,3.375,,0.0,8.0,"Schoonmaker, Luke",0.675,6.25,,,3.75,TE,Dallas,5.0,0.0,"Schoonmaker, Luke",,,0.0
0.0,3.375,,2.0,0.0,"Mickens, Jaydon",0.1,6.25,,,3.75,,,5.0,0.0,"Mickens, Jaydon",,,1.0
0.0,3.375,,1.0,0.0,"Bryant, Hunter",0.05,6.25,,,3.75,,,5.0,0.0,"Bryant, Hunter",,,0.0
0.0,3.375,,4.0,0.0,"Finley, Ryan",0.08,6.25,,,3.75,,,5.0,0.0,"Finley, Ryan",,,0.0
1.0,3.375,,0.0,0.0,"Horsted, Jesper",0.22,6.25,,,3.75,TE,New Orleans,5.0,1.0,"Horsted, Jesper",,,2.0
0.0,3.375,,0.0,0.0,"Fitzpatrick, Dez",0.15,6.25,,,3.75,WR,Pittsburgh,5.0,0.0,"Fitzpatrick, Dez",,,3.0
10.0,3.375,,9.0,0.0,"Harty, Deonte",0.2342857142857142,6.25,,,3.75,WR,Baltimore,5.0,3.0,"Harty, Deonte",,,12.0
3.0,3.375,,0.0,0.0,"Brownlee, Jason",0.3,6.25,,,3.75,WR,NY Jets,5.0,0.0,"Brownlee, Jason",,,0.0
14.0,3.375,,0.0,13.0,"Gray, Noah",0.492,6.25,,,3.75,TE,Kansas City,5.0,16.0,"Gray, Noah",,,6.0
0.0,3.375,,1.0,0.0,"Blough, David",0.15,6.25,,,3.75,,,5.0,1.0,"Blough, David",,,1.0
0.0,3.375,,0.0,4.0,"PattersonATL, Riley",0.8,6.25,,,3.75,,,5.0,0.0,"PattersonATL, Riley",,,0.0
15.0,3.340677966101695,,0.0,14.0,"Gainwell, Kenny",0.46,6.186440677966102,,,3.711864406779661,RB,Philadelphia,4.9491525423728815,16.0,"Gainwell, Kenny",,,14.0
5.0,3.3267857142857147,,0.0,0.0,"Bullock, Randy",0.3133333333333333,6.1607142857142865,,,3.696428571428571,,,4.928571428571429,9.0,"Bullock, Randy",,,0.0
0.0,3.3249999999999997,,15.0,0.0,"Brown, Malcolm",0.1607142857142857,6.1574074074074066,,,3.694444444444444,,,4.925925925925926,6.0,"Brown, Malcolm",,,6.0
5.0,3.3249999999999997,,0.0,2.0,"Marshall, Terrace",0.325,6.1574074074074066,,,3.694444444444444,WR,Carolina,4.925925925925926,11.0,"Marshall, Terrace",,,9.0
11.0,3.3163043478260867,,0.0,12.0,"Demercado, Emari",0.6833333333333332,6.141304347826086,,,3.684782608695652,RB,Arizona,4.913043478260869,0.0,"Demercado, Emari",,,0.0
2.0,3.3000000000000003,,2.0,0.0,"Rypien, Brett",0.24,6.111111111111112,,,3.666666666666667,QB,Chicago,4.888888888888889,4.0,"Rypien, Brett",,,1.0
1.0,3.290625,,9.0,1.0,"Johnson, Collin",0.1941176470588235,6.09375,,,3.65625,WR,Chicago,4.875,0.0,"Johnson, Collin",,,5.0
0.0,3.278571428571428,,7.0,0.0,"Sanu, Mohamed",0.14,6.071428571428571,,,3.6428571428571423,,,4.857142857142857,0.0,"Sanu, Mohamed",,,7.0
0.0,3.278571428571428,,0.0,7.0,"All, Erick",0.875,6.071428571428571,,,3.6428571428571423,TE,Cincinnati,4.857142857142857,0.0,"All, Erick",,,0.0
6.0,3.2424107142857146,,10.0,15.0,"McCloud, Ray",0.431578947368421,6.0044642857142865,,,3.6026785714285716,,,4.803571428571429,12.0,"McCloud, Ray",,,13.0
5.0,3.24,,0.0,0.0,"Ammendola, Matt",0.3333333333333333,6.0,,,3.5999999999999996,,,4.8,0.0,"Ammendola, Matt",,,0.0
0.0,3.24,,13.0,0.0,"Shaughnessy, O'",0.1285714285714286,6.0,,,3.5999999999999996,,,4.8,0.0,"Shaughnessy, O'",,,7.0
0.0,3.2282608695652173,,8.0,0.0,"Swain, Freddie",0.1666666666666666,5.978260869565217,,,3.5869565217391304,WR,Chicago,4.782608695652174,2.0,"Swain, Freddie",,,13.0
13.0,3.2277272727272734,,6.0,12.0,"Abdullah, Ameer",0.4232142857142857,5.9772727272727275,,,3.586363636363637,RB,Las Vegas,4.781818181818182,11.0,"Abdullah, Ameer",,,13.0
0.0,3.219230769230769,,13.0,0.0,"Johnson, Kerryon",0.0928571428571428,5.961538461538462,,,3.5769230769230766,,,4.769230769230769,0.0,"Johnson, Kerryon",,,0.0
3.0,3.219230769230769,,0.0,0.0,"Bolden, Brandon",0.2444444444444444,5.961538461538462,,,3.5769230769230766,,,4.769230769230769,8.0,"Bolden, Brandon",,,15.0
4.0,3.219230769230769,,3.0,2.0,"Cracraft, River",0.3642857142857142,5.961538461538462,,,3.5769230769230766,WR,Miami,4.769230769230769,4.0,"Cracraft, River",,,0.0
0.0,3.216176470588235,,6.0,0.0,"Kroft, Tyler",0.1777777777777777,5.955882352941177,,,3.5735294117647056,,,4.764705882352941,4.0,"Kroft, Tyler",,,7.0
5.0,3.2062500000000003,,4.0,0.0,"Walker, Phillip",0.2476190476190475,5.9375,,,3.5625,QB,Seattle,4.75,6.0,"Walker, Phillip",,,5.0
0.0,3.2062500000000003,,3.0,0.0,"Smith, Lee",0.1444444444444444,5.9375,,,3.5625,,,4.75,0.0,"Smith, Lee",,,5.0
0.0,3.195,,0.0,0.0,"Smith, Shi",0.25625,5.916666666666667,,,3.55,,,4.733333333333333,11.0,"Smith, Shi",,,4.0
0.0,3.1909090909090914,,1.0,0.0,"Mack, Marlon",0.2166666666666666,5.909090909090909,,,3.545454545454546,,,4.7272727272727275,5.0,"Mack, Marlon",,,5.0
10.0,3.18515625,,0.0,8.0,"Oliver, Josh",0.4727272727272727,5.8984375,,,3.5390625,TE,Minnesota,4.71875,8.0,"Oliver, Josh",,,6.0
0.0,3.182142857142857,,12.0,0.0,"Brate, Cameron",0.1861111111111111,5.892857142857143,,,3.5357142857142856,,,4.714285714285714,9.0,"Brate, Cameron",,,14.0
6.0,3.182142857142857,,8.0,0.0,"Bowden, Lynn",0.2133333333333333,5.892857142857143,,,3.5357142857142856,,,4.714285714285714,0.0,"Bowden, Lynn",,,0.0
0.0,3.182142857142857,,0.0,7.0,"Davis, Isaiah",0.875,5.892857142857143,,,3.5357142857142856,RB,NY Jets,4.714285714285714,0.0,"Davis, Isaiah",,,0.0
0.0,3.1602272727272727,,14.0,0.0,"Grant, Jakeem",0.1304347826086956,5.852272727272727,,,3.511363636363636,,,4.681818181818182,0.0,"Grant, Jakeem",,,8.0
0.0,3.15,,0.0,0.0,"Schwartz, Anthony",0.22,5.833333333333334,,,3.5,WR,Miami,4.666666666666667,4.0,"Schwartz, Anthony",,,5.0
0.0,3.15,,0.0,0.0,"Wilson, Albert",0.18,5.833333333333334,,,3.5,,,4.666666666666667,0.0,"Wilson, Albert",,,9.0
0.0,3.15,,6.0,0.0,"CastilloNYJ, Sergio",0.0857142857142857,5.833333333333334,,,3.5,,,4.666666666666667,0.0,"CastilloNYJ, Sergio",,,0.0
0.0,3.15,,0.0,0.0,"HajrullahuCAR, Lirim",0.15,5.833333333333334,,,3.5,,,4.666666666666667,0.0,"HajrullahuCAR, Lirim",,,3.0
12.0,3.1422413793103448,,0.0,6.0,"Bellinger, Daniel",0.47,5.818965517241379,,,3.4913793103448274,TE,NY Giants,4.655172413793103,11.0,"Bellinger, Daniel",,,0.0
9.0,3.140217391304348,,16.0,0.0,"Scott, Boston",0.225531914893617,5.815217391304348,,,3.489130434782609,RB,LA Rams,4.6521739130434785,12.0,"Scott, Boston",,,9.0
11.0,3.1347457627118644,,13.0,12.0,"Akins, Jordan",0.3933333333333333,5.805084745762712,,,3.483050847457627,TE,Cleveland,4.6440677966101696,13.0,"Akins, Jordan",,,10.0
0.0,3.121875,,10.0,0.0,"Rudolph, Kyle",0.16,5.78125,,,3.46875,,,4.625,2.0,"Rudolph, Kyle",,,12.0
8.0,3.115384615384615,,11.0,0.0,"Agnew, Jamal",0.24,5.769230769230768,,,3.4615384615384612,,,4.615384615384615,13.0,"Agnew, Jamal",,,7.0
5.0,3.1115853658536583,,2.0,6.0,"Carter, DeAndre",0.3642857142857143,5.762195121951219,,,3.457317073170731,WR,Chicago,4.609756097560975,15.0,"Carter, DeAndre",,,13.0
2.0,3.105,,0.0,0.0,"Quitoriano, Teagan",0.2833333333333333,5.75,,,3.4499999999999997,TE,Houston,4.6,3.0,"Quitoriano, Teagan",,,0.0
3.0,3.105,,0.0,7.0,"Melton, Bo",0.7454545454545454,5.75,,,3.4499999999999997,WR,Green Bay,4.6,0.0,"Melton, Bo",,,0.0
8.0,3.0961956521739133,,11.0,4.0,"Bryant, Harrison",0.3,5.733695652173914,,,3.440217391304348,TE,Las Vegas,4.586956521739131,12.0,"Bryant, Harrison",,,11.0
5.0,3.09375,,0.0,7.0,"Goodson, Tyler",0.6923076923076923,5.729166666666666,,,3.4375,RB,Indianapolis,4.583333333333333,0.0,"Goodson, Tyler",,,0.0
3.0,3.0857142857142854,,1.0,0.0,"Cager, Lawrence",0.275,5.7142857142857135,,,3.4285714285714284,TE,NY Giants,4.571428571428571,3.0,"Cager, Lawrence",,,0.0
9.0,3.081048387096774,,14.0,12.0,"Dissly, Will",0.3793650793650793,5.705645161290322,,,3.4233870967741935,TE,LA Chargers,4.564516129032258,15.0,"Dissly, Will",,,12.0
0.0,3.0796875,,16.0,0.0,"BaileyMIN, Dan",0.0941176470588235,5.703125,,,3.421875,,,4.5625,0.0,"BaileyMIN, Dan",,,0.0
0.0,3.0749999999999997,,1.0,1.0,"Ross, John",0.25,5.694444444444445,,,3.4166666666666665,WR,Philadelphia,4.555555555555555,0.0,"Ross, John",,,7.0
9.0,3.05,,0.0,2.0,"Jordan, Brevin",0.3428571428571428,5.648148148148148,,,3.3888888888888884,TE,Houston,4.518518518518518,8.0,"Jordan, Brevin",,,8.0
1.0,3.0375,,0.0,9.0,"Calcaterra, Grant",0.7066666666666667,5.625,,,3.375,TE,Philadelphia,4.5,4.0,"Calcaterra, Grant",,,0.0
0.0,3.0375,,0.0,0.0,"Moore, Jason",0.1666666666666666,5.625,,,3.375,,,4.5,1.0,"Moore, Jason",,,1.0
0.0,3.0375,,2.0,0.0,"Ratley, Damion",0.0666666666666666,5.625,,,3.375,,,4.5,0.0,"Ratley, Damion",,,0.0
0.0,3.0375,,6.0,0.0,"Stills, Kenny",0.1272727272727273,5.625,,,3.375,,,4.5,0.0,"Stills, Kenny",,,4.0
1.0,3.0375,,0.0,3.0,"Fehoko, Simi",0.5714285714285714,5.625,,,3.375,WR,LA Chargers,4.5,2.0,"Fehoko, Simi",,,0.0
0.0,3.0375,,14.0,0.0,"Firkser, Anthony",0.1714285714285714,5.625,,,3.375,,,4.5,6.0,"Firkser, Anthony",,,14.0
0.0,3.0375,,6.0,0.0,"Sternberger, Jace",0.0857142857142857,5.625,,,3.375,,,4.5,0.0,"Sternberger, Jace",,,0.0
6.0,3.0375,,0.0,4.0,"Skowronek, Ben",0.3896551724137931,5.625,,,3.375,WR,Houston,4.5,13.0,"Skowronek, Ben",,,5.0
12.0,3.0375,,0.0,8.0,"Mayer, Michael",0.6095238095238096,5.625,,,3.375,TE,Las Vegas,4.5,0.0,"Mayer, Michael",,,0.0
0.0,3.0176470588235293,,13.0,0.0,"Hollister, Jacob",0.1166666666666666,5.588235294117647,,,3.3529411764705883,,,4.470588235294118,0.0,"Hollister, Jacob",,,4.0
0.0,3.0115384615384615,,0.0,13.0,"Barner, AJ",0.9285714285714286,5.576923076923077,,,3.3461538461538463,TE,Seattle,4.461538461538462,0.0,"Barner, AJ",,,0.0
1.0,3.0,,10.0,1.0,"Dwelley, Ross",0.2052631578947368,5.555555555555555,,,3.3333333333333335,TE,Atlanta,4.444444444444445,3.0,"Dwelley, Ross",,,3.0
9.0,2.9953125000000003,,5.0,3.0,"Hodge, Khadarel",0.3272727272727272,5.546875,,,3.328125,WR,Atlanta,4.4375,7.0,"Hodge, Khadarel",,,8.0
2.0,2.9953125000000003,,0.0,0.0,"Jackson, Deon",0.2764705882352941,5.546875,,,3.328125,,,4.4375,11.0,"Jackson, Deon",,,3.0
11.0,2.9892857142857143,,0.0,12.0,"Turpin, KaVontae",0.6172413793103447,5.5357142857142865,,,3.3214285714285716,WR,Dallas,4.428571428571429,5.0,"Turpin, KaVontae",,,0.0
11.0,2.9872340425531916,,9.0,8.0,"Trautman, Adam",0.3770833333333334,5.531914893617022,,,3.3191489361702127,TE,Denver,4.425531914893617,10.0,"Trautman, Adam",,,9.0
0.0,2.97,,5.0,0.0,"SeibertCIN, Austin",0.0833333333333333,5.5,,,3.3000000000000003,,,4.4,0.0,"SeibertCIN, Austin",,,0.0
0.0,2.97,,0.0,15.0,"Allen, Braelon",0.9375,5.5,,,3.3000000000000003,RB,NY Jets,4.4,0.0,"Allen, Braelon",,,0.0
15.0,2.964130434782609,,0.0,8.0,"Mingo, Jonathan",0.5833333333333334,5.489130434782608,,,3.2934782608695654,WR,Carolina,4.391304347826087,0.0,"Mingo, Jonathan",,,0.0
6.0,2.9625000000000004,,6.0,0.0,"Beathard, C.J.",0.2421052631578947,5.486111111111112,,,3.291666666666667,QB,Jacksonville,4.388888888888889,4.0,"Beathard, C.J.",,,2.0
8.0,2.961290322580645,,0.0,8.0,"Wright, Brock",0.475,5.483870967741935,,,3.290322580645161,TE,Detroit,4.387096774193548,10.0,"Wright, Brock",,,5.0
4.0,2.95,,14.0,8.0,"Duvernay, Devin",0.3254545454545454,5.462962962962963,,,3.2777777777777777,WR,Jacksonville,4.37037037037037,13.0,"Duvernay, Devin",,,15.0
12.0,2.93625,,1.0,12.0,"Parkinson, Colby",0.5146341463414634,5.4375,,,3.2624999999999997,TE,LA Rams,4.35,12.0,"Parkinson, Colby",,,3.0
0.0,2.9336538461538457,,12.0,0.0,"Harry, N'Keal",0.1666666666666666,5.4326923076923075,,,3.259615384615384,WR,Minnesota,4.346153846153846,5.0,"Harry, N'Keal",,,9.0
0.0,2.9250000000000003,,3.0,0.0,"Green, Virgil",0.075,5.416666666666666,,,3.25,,,4.333333333333333,0.0,"Green, Virgil",,,0.0
0.0,2.9250000000000003,,0.0,0.0,"Auclair, Antony",0.15,5.416666666666666,,,3.25,,,4.333333333333333,0.0,"Auclair, Antony",,,3.0
4.0,2.9250000000000003,,0.0,2.0,"Bell, Ronnie",0.5142857142857143,5.416666666666666,,,3.25,WR,San Francisco,4.333333333333333,0.0,"Bell, Ronnie",,,0.0
0.0,2.9250000000000003,,0.0,0.0,"Patmon, Dezmon",0.175,5.416666666666666,,,3.25,,,4.333333333333333,1.0,"Patmon, Dezmon",,,2.0
0.0,2.9250000000000003,,0.0,0.0,"White, Kevin",0.2,5.416666666666666,,,3.25,,,4.333333333333333,2.0,"White, Kevin",,,1.0
0.0,2.907692307692308,,0.0,13.0,"Franklin, Troy",0.9285714285714286,5.384615384615384,,,3.230769230769231,WR,Denver,4.3076923076923075,0.0,"Franklin, Troy",,,0.0
12.0,2.9040697674418605,,0.0,9.0,"Tremble, Tommy",0.4363636363636364,5.377906976744185,,,3.2267441860465116,TE,Carolina,4.3023255813953485,10.0,"Tremble, Tommy",,,12.0
6.0,2.9025,,0.0,4.0,"Miller, Kendre",0.5818181818181819,5.375,,,3.2249999999999996,RB,New Orleans,4.3,0.0,"Miller, Kendre",,,0.0
7.0,2.878676470588235,,4.0,5.0,"Pruitt, MyCole",0.36,5.330882352941177,,,3.1985294117647056,TE,Pittsburgh,4.264705882352941,8.0,"Pruitt, MyCole",,,10.0
0.0,2.8760869565217395,,14.0,0.0,"Barber, Peyton",0.1333333333333333,5.326086956521739,,,3.195652173913044,,,4.260869565217392,0.0,"Barber, Peyton",,,9.0
0.0,2.86875,,4.0,0.0,"McLaughlinNYJ, Chase",0.08,5.3125,,,3.1875,,,4.25,0.0,"McLaughlinNYJ, Chase",,,0.0
1.0,2.86875,,0.0,0.0,"Strachan, Mike",0.24,5.3125,,,3.1875,WR,Carolina,4.25,2.0,"Strachan, Mike",,,1.0
0.0,2.86875,,0.0,4.0,"Spann-Ford, Brevyn",0.8,5.3125,,,3.1875,TE,Dallas,4.25,0.0,"Spann-Ford, Brevyn",,,0.0
4.0,2.86875,,0.0,8.0,"Krull, Lucas",0.7384615384615384,5.3125,,,3.1875,TE,Denver,4.25,0.0,"Krull, Lucas",,,0.0
5.0,2.8380681818181817,,11.0,6.0,"Reagor, Jalen",0.3155555555555555,5.2556818181818175,,,3.153409090909091,WR,New England,4.204545454545454,7.0,"Reagor, Jalen",,,15.0
15.0,2.8350000000000004,,0.0,0.0,"Ryland, Chad",0.375,5.25,,,3.1500000000000004,K,New England,4.2,0.0,"Ryland, Chad",,,0.0
8.0,2.8350000000000004,,0.0,14.0,"Brown, Dyami",0.5638888888888889,5.25,,,3.1500000000000004,WR,Washington,4.2,5.0,"Brown, Dyami",,,8.0
0.0,2.8350000000000004,,0.0,15.0,"HopkinsCLE, Dustin",0.9375,5.25,,,3.1500000000000004,,,4.2,0.0,"HopkinsCLE, Dustin",,,0.0
0.0,2.8350000000000004,,1.0,0.0,"Hinton, Kendall",0.238095238095238,5.25,,,3.1500000000000004,,,4.2,11.0,"Hinton, Kendall",,,8.0
0.0,2.8125,,4.0,0.0,"Zylstra, Brandon",0.1538461538461538,5.208333333333334,,,3.125,,,4.166666666666667,0.0,"Zylstra, Brandon",,,8.0
0.0,2.796428571428572,,0.0,7.0,"Miller, Ryan",0.875,5.178571428571429,,,3.1071428571428577,WR,Tampa Bay,4.142857142857143,0.0,"Miller, Ryan",,,0.0
0.0,2.7900000000000005,,0.0,0.0,"Dorsett, Phillip",0.25625,5.166666666666667,,,3.1000000000000005,WR,Denver,4.133333333333334,11.0,"Dorsett, Phillip",,,4.0
0.0,2.775,,6.0,0.0,"Tate, Auden",0.12,5.138888888888888,,,3.083333333333333,,,4.111111111111111,0.0,"Tate, Auden",,,3.0
2.0,2.775,,0.0,2.0,"Morris, Quintin",0.43,5.138888888888888,,,3.083333333333333,TE,Buffalo,4.111111111111111,5.0,"Morris, Quintin",,,0.0
0.0,2.775,,6.0,9.0,"Hasty, JaMycal",0.4054054054054054,5.138888888888888,,,3.083333333333333,RB,New England,4.111111111111111,12.0,"Hasty, JaMycal",,,9.0
7.0,2.7674999999999996,,0.0,3.0,"Heath, Malik",0.5272727272727273,5.125,,,3.0749999999999997,WR,Green Bay,4.1,0.0,"Heath, Malik",,,0.0
6.0,2.751923076923077,,0.0,7.0,"Ogletree, Andrew",0.6714285714285715,5.096153846153846,,,3.0576923076923075,TE,Indianapolis,4.076923076923077,0.0,"Ogletree, Andrew",,,0.0
8.0,2.751923076923077,,0.0,5.0,"Rodriguez, Christopher",0.5857142857142856,5.096153846153846,,,3.0576923076923075,RB,Washington,4.076923076923077,0.0,"Rodriguez, Christopher",,,0.0
0.0,2.7500000000000004,,11.0,0.0,"Lindsay, Phillip",0.1642857142857142,5.0925925925925934,,,3.055555555555556,,,4.074074074074074,3.0,"Lindsay, Phillip",,,13.0
0.0,2.745,,9.0,0.0,"Shaheen, Adam",0.13125,5.083333333333333,,,3.05,,,4.066666666666666,0.0,"Shaheen, Adam",,,6.0
0.0,2.7375,,6.0,0.0,"Coleman, Tevin",0.1684210526315789,5.069444444444445,,,3.0416666666666665,,,4.055555555555555,2.0,"Coleman, Tevin",,,10.0
7.0,2.7293478260869564,,1.0,5.0,"Reynolds, Craig",0.4375,5.054347826086957,,,3.032608695652174,RB,Detroit,4.043478260869565,6.0,"Reynolds, Craig",,,4.0
0.0,2.7,,0.0,1.0,"McAtamneyNYG, Jude",0.5,5.0,,,3.0,,,4.0,0.0,"McAtamneyNYG, Jude",,,0.0
1.0,2.7,,0.0,0.0,"Seibert, Austin",0.2,5.0,,,3.0,K,NY Jets,4.0,0.0,"Seibert, Austin",,,0.0
0.0,2.7,,2.0,0.0,"ForbathLA, Kai",0.0666666666666666,5.0,,,3.0,,,4.0,0.0,"ForbathLA, Kai",,,0.0
0.0,2.7,,0.0,0.0,"Smallwood, Wendell",0.1333333333333333,5.0,,,3.0,,,4.0,0.0,"Smallwood, Wendell",,,2.0
0.0,2.7,,4.0,0.0,"Arcega-Whiteside, J.J.",0.1142857142857143,5.0,,,3.0,,,4.0,0.0,"Arcega-Whiteside, J.J.",,,2.0
0.0,2.7,,10.0,0.0,"Isabella, Andy",0.1399999999999999,5.0,,,3.0,WR,Buffalo,4.0,3.0,"Isabella, Andy",,,1.0
0.0,2.7,,1.0,0.0,"Fountain, Daurice",0.05,5.0,,,3.0,WR,Detroit,4.0,0.0,"Fountain, Daurice",,,0.0
1.0,2.7,,0.0,3.0,"Yeboah, Kenny",0.6,5.0,,,3.0,TE,NY Jets,4.0,0.0,"Yeboah, Kenny",,,1.0
0.0,2.7,,0.0,1.0,"Fortson, Joe",0.3,5.0,,,3.0,TE,Miami,4.0,7.0,"Fortson, Joe",,,4.0
6.0,2.7,,0.0,6.0,"Smartt, Stone",0.58125,5.0,,,3.0,TE,LA Chargers,4.0,3.0,"Smartt, Stone",,,0.0
0.0,2.7,,0.0,0.0,"Baldwin, Daylen",0.15,5.0,,,3.0,WR,Atlanta,4.0,1.0,"Baldwin, Daylen",,,0.0
1.0,2.7,,0.0,0.0,"Corbin, Jashaun",0.2,5.0,,,3.0,RB,NY Giants,4.0,0.0,"Corbin, Jashaun",,,0.0
0.0,2.7,,0.0,0.0,"Williams, Seth",0.1,5.0,,,3.0,WR,Jacksonville,4.0,0.0,"Williams, Seth",,,1.0
6.0,2.7,,4.0,1.0,"Swaim, Geoff",0.267741935483871,5.0,,,3.0,,,4.0,7.0,"Swaim, Geoff",,,12.0
0.0,2.7,,4.0,0.0,"Pope, Troymaine",0.08,5.0,,,3.0,,,4.0,0.0,"Pope, Troymaine",,,0.0
0.0,2.7,,10.0,0.0,"Wright, Isaiah",0.0909090909090909,5.0,,,3.0,,,4.0,0.0,"Wright, Isaiah",,,0.0
0.0,2.7,,1.0,0.0,"Burnett, Deontay",0.05,5.0,,,3.0,WR,Dallas,4.0,0.0,"Burnett, Deontay",,,0.0
0.0,2.7,,0.0,0.0,"Virgil, Jalen",0.2249999999999999,5.0,,,3.0,WR,Denver,4.0,3.0,"Virgil, Jalen",,,0.0
0.0,2.7,,0.0,2.0,"Wilson, Johnny",0.6666666666666666,5.0,,,3.0,WR,Philadelphia,4.0,0.0,"Wilson, Johnny",,,0.0
0.0,2.7,,0.0,0.0,"AmmendolaGB, Matt",0.24,5.0,,,3.0,,,4.0,4.0,"AmmendolaGB, Matt",,,0.0
9.0,2.669318181818182,,0.0,2.0,"Thornton, Tyquan",0.3869565217391305,4.943181818181818,,,2.965909090909091,WR,New England,3.9545454545454546,11.0,"Thornton, Tyquan",,,0.0
3.0,2.6625,,12.0,0.0,"Boykin, Miles",0.1684210526315789,4.930555555555555,,,2.9583333333333335,WR,NY Giants,3.9444444444444446,2.0,"Boykin, Miles",,,1.0
0.0,2.6578125,,12.0,0.0,"Wilkins, Jordan",0.1411764705882353,4.921875,,,2.953125,,,3.9375,4.0,"Wilkins, Jordan",,,0.0
0.0,2.651785714285714,,0.0,0.0,"Rogers, Chester",0.1933333333333333,4.910714285714286,,,2.946428571428571,,,3.928571428571429,1.0,"Rogers, Chester",,,13.0
0.0,2.6437500000000003,,12.0,0.0,"Smith, Ito",0.0923076923076923,4.895833333333333,,,2.9375,,,3.9166666666666665,0.0,"Smith, Ito",,,0.0
3.0,2.6437500000000003,,0.0,0.0,"Williams, Damien",0.2384615384615385,4.895833333333333,,,2.9375,,,3.9166666666666665,1.0,"Williams, Damien",,,8.0
0.0,2.6386363636363637,,0.0,6.0,"Wallace, Tylan",0.6083333333333333,4.886363636363637,,,2.9318181818181817,WR,Baltimore,3.909090909090909,3.0,"Wallace, Tylan",,,2.0
0.0,2.625,,8.0,0.0,"Boyle, Nick",0.1,4.861111111111111,,,2.9166666666666665,,,3.888888888888889,0.0,"Boyle, Nick",,,1.0
9.0,2.625,,16.0,12.0,"Juszczyk, Kyle",0.3671875,4.861111111111111,,,2.9166666666666665,RB,San Francisco,3.888888888888889,11.0,"Juszczyk, Kyle",,,15.0
6.0,2.625,,0.0,0.0,"Philips, Kyle",0.33,4.861111111111111,,,2.9166666666666665,WR,Tennessee,3.888888888888889,3.0,"Philips, Kyle",,,0.0
0.0,2.615625,,14.0,13.0,"McNichols, Jeremy",0.4146341463414634,4.84375,,,2.90625,RB,Washington,3.875,0.0,"McNichols, Jeremy",,,13.0
11.0,2.6,,12.0,9.0,"Smythe, Durham",0.3636363636363636,4.814814814814815,,,2.888888888888889,TE,Miami,3.851851851851851,10.0,"Smythe, Durham",,,12.0
16.0,2.5875,,13.0,0.0,"Kelley, Joshua",0.2571428571428572,4.791666666666667,,,2.875,,,3.8333333333333335,11.0,"Kelley, Joshua",,,8.0
1.0,2.5875,,9.0,0.0,"Perine, Lamical",0.1307692307692307,4.791666666666667,,,2.875,RB,Pittsburgh,3.8333333333333335,0.0,"Perine, Lamical",,,2.0
0.0,2.5808823529411766,,7.0,0.0,"Smith, Jeff",0.1777777777777777,4.779411764705882,,,2.8676470588235294,WR,Arizona,3.823529411764706,5.0,"Smith, Jeff",,,5.0
12.0,2.5682926829268293,,0.0,7.0,"Granson, Kylen",0.4166666666666667,4.7560975609756095,,,2.8536585365853657,TE,Indianapolis,3.804878048780488,13.0,"Granson, Kylen",,,9.0
0.0,2.565,,2.0,0.0,"Streveler, Chris",0.15,4.75,,,2.8499999999999996,,,3.8,1.0,"Streveler, Chris",,,2.0
0.0,2.565,,1.0,0.0,"Walter, Austin",0.15,4.75,,,2.8499999999999996,,,3.8,0.0,"Walter, Austin",,,4.0
0.0,2.555357142857143,,11.0,0.0,"James, Jesse",0.1133333333333333,4.732142857142857,,,2.8392857142857144,,,3.7857142857142856,0.0,"James, Jesse",,,3.0
11.0,2.551829268292683,,14.0,8.0,"Sample, Drew",0.3714285714285714,4.725609756097561,,,2.835365853658536,TE,Cincinnati,3.7804878048780486,2.0,"Sample, Drew",,,6.0
7.0,2.55,,0.0,11.0,"Whyle, Josh",0.7263157894736842,4.722222222222222,,,2.833333333333333,TE,Tennessee,3.7777777777777777,0.0,"Whyle, Josh",,,0.0
0.0,2.544230769230769,,3.0,0.0,"Austin, Tavon",0.1642857142857142,4.711538461538462,,,2.8269230769230766,,,3.769230769230769,0.0,"Austin, Tavon",,,10.0
0.0,2.53125,,0.0,8.0,"Polk, Ja'Lynn",0.8888888888888888,4.6875,,,2.8125,WR,New England,3.75,0.0,"Polk, Ja'Lynn",,,0.0
0.0,2.53125,,0.0,0.0,"SantosoLA, Ryan",0.16,4.6875,,,2.8125,,,3.75,0.0,"SantosoLA, Ryan",,,4.0
0.0,2.53125,,3.0,0.0,"Cleveland, Tyrie",0.12,4.6875,,,2.8125,WR,Indianapolis,3.75,1.0,"Cleveland, Tyrie",,,0.0
9.0,2.5189024390243904,,8.0,4.0,"Dallas, DeeJay",0.3190476190476191,4.664634146341464,,,2.798780487804878,RB,Arizona,3.731707317073171,10.0,"Dallas, DeeJay",,,10.0
8.0,2.5175675675675677,,7.0,6.0,"Brown, Pharaoh",0.3605263157894736,4.662162162162162,,,2.797297297297298,TE,Seattle,3.72972972972973,6.0,"Brown, Pharaoh",,,10.0
7.0,2.486842105263158,,0.0,12.0,"Higgins, Elijah",0.74,4.605263157894736,,,2.763157894736842,TE,Arizona,3.6842105263157894,0.0,"Higgins, Elijah",,,0.0
1.0,2.475,,0.0,2.0,"Covey, Britain",0.6,4.583333333333333,,,2.75,WR,Philadelphia,3.6666666666666665,0.0,"Covey, Britain",,,0.0
0.0,2.475,,2.0,0.0,"Dafney, Dominique",0.1,4.583333333333333,,,2.75,,,3.6666666666666665,0.0,"Dafney, Dominique",,,1.0
0.0,2.475,,0.0,0.0,"VizcainoLAC, Tristan",0.1714285714285714,4.583333333333333,,,2.75,,,3.6666666666666665,0.0,"VizcainoLAC, Tristan",,,6.0
0.0,2.475,,9.0,0.0,"Morris, Alfred",0.09,4.583333333333333,,,2.75,,,3.6666666666666665,0.0,"Morris, Alfred",,,0.0
0.0,2.475,,0.0,0.0,"Winfree, Juwann",0.175,4.583333333333333,,,2.75,WR,Indianapolis,3.6666666666666665,1.0,"Winfree, Juwann",,,2.0
0.0,2.475,,8.0,8.0,"Vannett, Nick",0.432,4.583333333333333,,,2.75,TE,Tennessee,3.6666666666666665,4.0,"Vannett, Nick",,,4.0
0.0,2.475,,3.0,0.0,"Carr, Austin",0.075,4.583333333333333,,,2.75,,,3.6666666666666665,0.0,"Carr, Austin",,,0.0
0.0,2.43,,0.0,0.0,"Benson, Trinity",0.1666666666666666,4.5,,,2.7,,,3.6,0.0,"Benson, Trinity",,,5.0
0.0,2.4238636363636368,,4.0,0.0,"Griffin, Ryan",0.1913043478260869,4.488636363636363,,,2.6931818181818183,,,3.590909090909091,4.0,"Griffin, Ryan",,,14.0
0.0,2.41875,,0.0,0.0,"Sharpe, Tajae",0.1846153846153846,4.479166666666667,,,2.6875,,,3.5833333333333335,0.0,"Sharpe, Tajae",,,12.0
3.0,2.4046875,,7.0,3.0,"Boyle, Tim",0.3235294117647059,4.453125,,,2.671875,QB,Houston,3.5625,0.0,"Boyle, Tim",,,3.0
0.0,2.4,,0.0,9.0,"Washington, Malik",0.9,4.444444444444445,,,2.6666666666666665,WR,Miami,3.5555555555555554,0.0,"Washington, Malik",,,0.0
9.0,2.39625,,0.0,4.0,"Heyward, Connor",0.4619047619047619,4.4375,,,2.6624999999999996,TE,Pittsburgh,3.55,7.0,"Heyward, Connor",,,0.0
4.0,2.3931818181818185,,0.0,7.0,"Kolar, Charlie",0.7166666666666667,4.431818181818182,,,2.659090909090909,TE,Baltimore,3.5454545454545454,0.0,"Kolar, Charlie",,,0.0
6.0,2.389864864864865,,2.0,8.0,"Sherfield, Trent",0.4289473684210526,4.425675675675675,,,2.6554054054054053,WR,Minnesota,3.5405405405405403,15.0,"Sherfield, Trent",,,6.0
0.0,2.385,,3.0,0.0,"Anderson, Stephen",0.18125,4.416666666666666,,,2.65,,,3.533333333333333,2.0,"Anderson, Stephen",,,10.0
0.0,2.38359375,,9.0,4.0,"Homer, Travis",0.2878787878787879,4.4140625,,,2.6484375,RB,Chicago,3.53125,8.0,"Homer, Travis",,,11.0
6.0,2.3802631578947366,,0.0,1.0,"Bell, David",0.35,4.407894736842105,,,2.644736842105263,WR,Cleveland,3.526315789473684,12.0,"Bell, David",,,0.0
4.0,2.3733870967741937,,9.0,1.0,"Lewis, Marcedes",0.234375,4.395161290322581,,,2.6370967741935485,TE,Chicago,3.5161290322580645,6.0,"Lewis, Marcedes",,,11.0
0.0,2.3625000000000003,,0.0,0.0,"Griffin, Garrett",0.1333333333333333,4.375,,,2.625,,,3.5,0.0,"Griffin, Garrett",,,2.0
0.0,2.3625000000000003,,4.0,0.0,"Mack, Austin",0.08,4.375,,,2.625,WR,Atlanta,3.5,0.0,"Mack, Austin",,,0.0
0.0,2.3625000000000003,,0.0,0.0,"BlewittCLE, Chris",0.1333333333333333,4.375,,,2.625,,,3.5,0.0,"BlewittCLE, Chris",,,2.0
0.0,2.3625000000000003,,2.0,0.0,"Ridley, Riley",0.0666666666666666,4.375,,,2.625,,,3.5,0.0,"Ridley, Riley",,,0.0
0.0,2.3625000000000003,,0.0,0.0,"Ehlinger, Sam",0.2142857142857142,4.375,,,2.625,QB,Indianapolis,3.5,3.0,"Ehlinger, Sam",,,3.0
0.0,2.3625000000000003,,4.0,0.0,"Washington, DeAndre",0.08,4.375,,,2.625,,,3.5,0.0,"Washington, DeAndre",,,0.0
0.0,2.3625000000000003,,8.0,0.0,"Johnson, KeeSean",0.0888888888888888,4.375,,,2.625,,,3.5,0.0,"Johnson, KeeSean",,,0.0
0.0,2.3625000000000003,,0.0,1.0,"White, Cody",0.3399999999999999,4.375,,,2.625,WR,Seattle,3.5,1.0,"White, Cody",,,2.0
0.0,2.3625000000000003,,0.0,10.0,"Turner, D.J.",0.8153846153846154,4.375,,,2.625,WR,Las Vegas,3.5,2.0,"Turner, D.J.",,,0.0
0.0,2.3625000000000003,,0.0,0.0,"Myarick, Chris",0.2444444444444444,4.375,,,2.625,,,3.5,6.0,"Myarick, Chris",,,2.0
8.0,2.3522727272727275,,11.0,0.0,"Freeman, Royce",0.2176470588235294,4.356060606060606,,,2.613636363636364,RB,Dallas,3.484848484848485,3.0,"Freeman, Royce",,,11.0
0.0,2.3508620689655175,,4.0,6.0,"Dulin, Ashton",0.3633333333333333,4.353448275862069,,,2.6120689655172415,WR,Indianapolis,3.4827586206896552,7.0,"Dulin, Ashton",,,12.0
6.0,2.334375,,0.0,12.0,"Sermon, Trey",0.628,4.322916666666667,,,2.59375,RB,Indianapolis,3.4583333333333335,1.0,"Sermon, Trey",,,5.0
0.0,2.331818181818182,,0.0,0.0,"Felton, Demetric",0.1999999999999999,4.318181818181818,,,2.590909090909091,RB,Chicago,3.4545454545454546,2.0,"Felton, Demetric",,,9.0
1.0,2.30625,,0.0,0.0,"Evans, Chris",0.223076923076923,4.270833333333333,,,2.5625,RB,Cincinnati,3.4166666666666665,3.0,"Evans, Chris",,,8.0
10.0,2.29921875,,0.0,6.0,"Bates, John",0.4181818181818182,4.2578125,,,2.5546875,TE,Washington,3.40625,6.0,"Bates, John",,,10.0
6.0,2.295,,4.0,1.0,"Evans, Darrynton",0.30625,4.25,,,2.55,RB,Buffalo,3.4,3.0,"Evans, Darrynton",,,1.0
0.0,2.295,,0.0,0.0,"RosasDET, Aldrick",0.1666666666666666,4.25,,,2.55,,,3.4,0.0,"RosasDET, Aldrick",,,5.0
0.0,2.2846153846153845,,0.0,13.0,"Mitchell, Adonai",0.9285714285714286,4.230769230769231,,,2.5384615384615383,WR,Indianapolis,3.3846153846153846,0.0,"Mitchell, Adonai",,,0.0
12.0,2.2846153846153845,,0.0,0.0,"Moore, Skyy",0.3333333333333333,4.230769230769231,,,2.5384615384615383,WR,Kansas City,3.3846153846153846,14.0,"Moore, Skyy",,,0.0
7.0,2.2704545454545455,,0.0,4.0,"Thompson-Robinson, Dorian",0.5666666666666668,4.204545454545455,,,2.522727272727273,QB,Cleveland,3.363636363636364,0.0,"Thompson-Robinson, Dorian",,,0.0
12.0,2.2612500000000004,,0.0,8.0,"Bobo, Jake",0.6095238095238096,4.1875,,,2.5125,WR,Seattle,3.35,0.0,"Bobo, Jake",,,0.0
0.0,2.25,,0.0,12.0,"Benson, Trey",0.9230769230769232,4.166666666666667,,,2.5,RB,Arizona,3.3333333333333335,0.0,"Benson, Trey",,,0.0
5.0,2.25,,0.0,0.0,"Smith-Marsette, Ihmir",0.3,4.166666666666667,,,2.5,WR,Carolina,3.3333333333333335,2.0,"Smith-Marsette, Ihmir",,,2.0
0.0,2.25,,3.0,0.0,"Mitchell, Steven",0.075,4.166666666666667,,,2.5,,,3.3333333333333335,0.0,"Mitchell, Steven",,,0.0
2.0,2.25,,0.0,10.0,"Brooks, Jalen",0.8307692307692308,4.166666666666667,,,2.5,WR,Dallas,3.3333333333333335,0.0,"Brooks, Jalen",,,0.0
7.0,2.25,,8.0,0.0,"Erickson, Alex",0.2210526315789474,4.166666666666667,,,2.5,,,3.3333333333333335,0.0,"Erickson, Alex",,,3.0
0.0,2.25,,0.0,0.0,"Huntley, Caleb",0.2769230769230769,4.166666666666667,,,2.5,,,3.3333333333333335,12.0,"Huntley, Caleb",,,0.0
0.0,2.25,,0.0,0.0,"Sweeney, Tommy",0.1857142857142857,4.166666666666667,,,2.5,TE,Chicago,3.3333333333333335,1.0,"Sweeney, Tommy",,,5.0
2.0,2.25,,1.0,0.0,"Keenum, Case",0.2299999999999999,4.166666666666667,,,2.5,QB,Houston,3.3333333333333335,2.0,"Keenum, Case",,,4.0
0.0,2.232692307692308,,0.0,0.0,"Patterson, Jaret",0.1857142857142857,4.134615384615384,,,2.480769230769231,RB,LA Chargers,3.3076923076923075,0.0,"Patterson, Jaret",,,13.0
1.0,2.217857142857143,,1.0,3.0,"Proche, James",0.3799999999999999,4.107142857142857,,,2.4642857142857144,WR,Cleveland,3.2857142857142856,4.0,"Proche, James",,,5.0
0.0,2.217857142857143,,0.0,2.0,"Tomlinson, Eric",0.425,4.107142857142857,,,2.4642857142857144,TE,Indianapolis,3.2857142857142856,4.0,"Tomlinson, Eric",,,1.0
0.0,2.209090909090909,,8.0,0.0,"Batson, Cameron",0.1166666666666666,4.090909090909091,,,2.4545454545454546,,,3.272727272727273,0.0,"Batson, Cameron",,,3.0
8.0,2.209090909090909,,2.0,10.0,"Mundt, John",0.5058823529411764,4.090909090909091,,,2.4545454545454546,TE,Minnesota,3.272727272727273,12.0,"Mundt, John",,,1.0
0.0,2.209090909090909,,0.0,0.0,"Rodgers, Amari",0.25,4.090909090909091,,,2.4545454545454546,,,3.272727272727273,8.0,"Rodgers, Amari",,,3.0
12.0,2.2026315789473685,,0.0,7.0,"Metchie, John",0.5900000000000001,4.078947368421052,,,2.4473684210526314,WR,Houston,3.263157894736842,0.0,"Metchie, John",,,0.0
7.0,2.197674418604651,,6.0,12.0,"Ogunbowale, Dare",0.4545454545454545,4.069767441860465,,,2.441860465116279,RB,Houston,3.255813953488372,10.0,"Ogunbowale, Dare",,,8.0
11.0,2.19375,,9.0,6.0,"Powell, Brandon",0.3780487804878049,4.0625,,,2.4375,WR,Minnesota,3.25,14.0,"Powell, Brandon",,,0.0
0.0,2.19375,,0.0,4.0,"Burton, Jermaine",0.8,4.0625,,,2.4375,WR,Cincinnati,3.25,0.0,"Burton, Jermaine",,,0.0
0.0,2.19375,,0.0,0.0,"Kennedy, Tom",0.2333333333333333,4.0625,,,2.4375,WR,Detroit,3.25,5.0,"Kennedy, Tom",,,3.0
0.0,2.19375,,8.0,0.0,"Izzo, Ryan",0.0888888888888888,4.0625,,,2.4375,,,3.25,0.0,"Izzo, Ryan",,,0.0
2.0,2.19375,,11.0,1.0,"Sims, Steven",0.236,4.0625,,,2.4375,WR,Houston,3.25,10.0,"Sims, Steven",,,0.0
3.0,2.19375,,0.0,0.0,"Harris, Kevin",0.3,4.0625,,,2.4375,RB,New England,3.25,5.0,"Harris, Kevin",,,0.0
0.0,2.19375,,0.0,8.0,"Vidal, Kimani",0.8888888888888888,4.0625,,,2.4375,RB,LA Chargers,3.25,0.0,"Vidal, Kimani",,,0.0
5.0,2.1750000000000003,,3.0,0.0,"Montgomery, Ty",0.231578947368421,4.027777777777778,,,2.416666666666667,,,3.2222222222222223,1.0,"Montgomery, Ty",,,9.0
0.0,2.1750000000000003,,9.0,0.0,"Witten, Jason",0.09,4.027777777777778,,,2.416666666666667,,,3.2222222222222223,0.0,"Witten, Jason",,,0.0
5.0,2.167105263157895,,0.0,14.0,"Wilson, Emanuel",0.8,4.0131578947368425,,,2.4078947368421053,RB,Green Bay,3.210526315789474,0.0,"Wilson, Emanuel",,,0.0
0.0,2.1600000000000006,,0.0,0.0,"Bandy, Michael",0.25,4.0,,,2.4000000000000004,WR,Denver,3.2,5.0,"Bandy, Michael",,,0.0
0.0,2.1600000000000006,,15.0,0.0,"Snell, Benjamin",0.1548387096774194,4.0,,,2.4000000000000004,,,3.2,3.0,"Snell, Benjamin",,,12.0
8.0,2.1375,,0.0,4.0,"Mallory, Will",0.5538461538461539,3.958333333333333,,,2.375,TE,Indianapolis,3.1666666666666665,0.0,"Mallory, Will",,,0.0
14.0,2.1277173913043477,,8.0,10.0,"Johnson, D'Ernest",0.4148936170212766,3.940217391304348,,,2.3641304347826084,RB,Jacksonville,3.152173913043478,3.0,"Johnson, D'Ernest",,,11.0
4.0,2.121428571428571,,0.0,3.0,"Hendershot, Peyton",0.4466666666666666,3.928571428571429,,,2.357142857142857,TE,Dallas,3.142857142857143,7.0,"Hendershot, Peyton",,,0.0
0.0,2.121428571428571,,6.0,0.0,"Daniels, Darrell",0.1,3.928571428571429,,,2.357142857142857,,,3.142857142857143,0.0,"Daniels, Darrell",,,1.0
0.0,2.109375,,8.0,0.0,"Hightower, John",0.0888888888888888,3.90625,,,2.34375,,,3.125,0.0,"Hightower, John",,,0.0
1.0,2.109375,,0.0,0.0,"Mitchell, James",0.2777777777777778,3.90625,,,2.34375,TE,Detroit,3.125,7.0,"Mitchell, James",,,0.0
0.0,2.109375,,3.0,0.0,"Henne, Chad",0.1555555555555555,3.90625,,,2.34375,,,3.125,1.0,"Henne, Chad",,,4.0
7.0,2.1,,0.0,0.0,"Sullivan, Stephen",0.34,3.888888888888889,,,2.3333333333333335,TE,Carolina,3.111111111111111,2.0,"Sullivan, Stephen",,,0.0
0.0,2.1,,0.0,9.0,"Stover, Cade",0.9,3.888888888888889,,,2.3333333333333335,TE,Houston,3.111111111111111,0.0,"Stover, Cade",,,0.0
3.0,2.0812500000000003,,0.0,9.0,"Adkins, Nate",0.7846153846153846,3.854166666666667,,,2.3125,TE,Denver,3.0833333333333335,0.0,"Adkins, Nate",,,0.0
0.0,2.0671875,,16.0,0.0,"Lewis, Dion",0.0941176470588235,3.828125,,,2.296875,,,3.0625,0.0,"Lewis, Dion",,,0.0
2.0,2.053125,,3.0,5.0,"Saubert, Eric",0.3879999999999999,3.802083333333333,,,2.28125,TE,San Francisco,3.0416666666666665,8.0,"Saubert, Eric",,,6.0
0.0,2.025,,1.0,0.0,"BrownJAX, Jonathan",0.05,3.75,,,2.25,,,3.0,0.0,"BrownJAX, Jonathan",,,0.0
0.0,2.025,,0.0,0.0,"Rogers, Armani",0.24,3.75,,,2.25,TE,Washington,3.0,4.0,"Rogers, Armani",,,0.0
0.0,2.025,,0.0,0.0,"McKeon, Sean",0.2,3.75,,,2.25,TE,Detroit,3.0,2.0,"McKeon, Sean",,,3.0
0.0,2.025,,0.0,0.0,"Book, Ian",0.1,3.75,,,2.25,QB,Kansas City,3.0,0.0,"Book, Ian",,,1.0
0.0,2.025,,1.0,0.0,"Scarbrough, Bo",0.05,3.75,,,2.25,,,3.0,0.0,"Scarbrough, Bo",,,0.0
0.0,2.025,,0.0,0.0,"Brown, Spencer",0.1999999999999999,3.75,,,2.25,OT,Buffalo,3.0,2.0,"Brown, Spencer",,,0.0
0.0,2.025,,1.0,0.0,"Fowler, Bennie",0.05,3.75,,,2.25,,,3.0,0.0,"Fowler, Bennie",,,0.0
0.0,2.025,,1.0,0.0,"FryATL, Elliott",0.05,3.75,,,2.25,,,3.0,0.0,"FryATL, Elliott",,,0.0
0.0,2.025,,7.0,0.0,"Thomas, Mike",0.1533333333333333,3.75,,,2.25,,,3.0,2.0,"Thomas, Mike",,,5.0
7.0,2.025,,0.0,1.0,"Blackshear, Raheem",0.3611111111111111,3.75,,,2.25,RB,Carolina,3.0,9.0,"Blackshear, Raheem",,,0.0
0.0,2.025,,2.0,0.0,"DiNucci, Ben",0.0666666666666666,3.75,,,2.25,,,3.0,0.0,"DiNucci, Ben",,,0.0
0.0,2.025,,7.0,0.0,"Perry, Malcolm",0.0875,3.75,,,2.25,,,3.0,0.0,"Perry, Malcolm",,,0.0
0.0,2.025,,0.0,0.0,"Igwebuike, Godwin",0.1888888888888889,3.75,,,2.25,,,3.0,1.0,"Igwebuike, Godwin",,,7.0
0.0,2.025,,0.0,0.0,"EberleDET, Dominik",0.15,3.75,,,2.25,,,3.0,1.0,"EberleDET, Dominik",,,0.0
0.0,2.025,,0.0,5.0,"Austin, Kevin",0.8333333333333334,3.75,,,2.25,WR,New Orleans,3.0,0.0,"Austin, Kevin",,,0.0
0.0,2.025,,0.0,0.0,"Armstead, Ryquell",0.1,3.75,,,2.25,,,3.0,0.0,"Armstead, Ryquell",,,1.0
1.0,2.025,,0.0,0.0,"Kieft, Ko",0.2777777777777778,3.75,,,2.25,TE,Tampa Bay,3.0,7.0,"Kieft, Ko",,,0.0
0.0,2.025,,0.0,0.0,"Houston, Dennis",0.15,3.75,,,2.25,WR,NY Giants,3.0,1.0,"Houston, Dennis",,,0.0
0.0,2.025,,0.0,7.0,"Tipton, Mason",0.875,3.75,,,2.25,WR,New Orleans,3.0,0.0,"Tipton, Mason",,,0.0
0.0,2.025,,0.0,0.0,"Perkins, Bryce",0.25,3.75,,,2.25,,,3.0,5.0,"Perkins, Bryce",,,0.0
0.0,2.025,,0.0,1.0,"Gould, Anthony",0.5,3.75,,,2.25,WR,Indianapolis,3.0,0.0,"Gould, Anthony",,,0.0
0.0,2.025,,2.0,0.0,"Warring, Kahale",0.0666666666666666,3.75,,,2.25,,,3.0,0.0,"Warring, Kahale",,,0.0
0.0,2.025,,0.0,0.0,"Williams, Tyrell",0.1,3.75,,,2.25,,,3.0,0.0,"Williams, Tyrell",,,1.0
0.0,2.025,,0.0,4.0,"Flournoy, Ryan",0.8,3.75,,,2.25,WR,Dallas,3.0,0.0,"Flournoy, Ryan",,,0.0
1.0,2.025,,0.0,0.0,"Dotson, Elijah",0.2,3.75,,,2.25,RB,LA Chargers,3.0,0.0,"Dotson, Elijah",,,0.0
0.0,2.025,,8.0,0.0,"McCoy, LeSean",0.0888888888888888,3.75,,,2.25,,,3.0,0.0,"McCoy, LeSean",,,0.0
0.0,2.025,,0.0,0.0,"Bertolet, Taylor",0.15,3.75,,,2.25,,,3.0,1.0,"Bertolet, Taylor",,,0.0
0.0,2.025,,0.0,4.0,"Sinnott, Ben",0.8,3.75,,,2.25,TE,Washington,3.0,0.0,"Sinnott, Ben",,,0.0
0.0,2.025,,2.0,0.0,"McSorley, Trace",0.1999999999999999,3.75,,,2.25,,,3.0,4.0,"McSorley, Trace",,,0.0
0.0,2.025,,0.0,1.0,"Watson, Blake",0.5,3.75,,,2.25,RB,Denver,3.0,0.0,"Watson, Blake",,,0.0
4.0,2.025,,1.0,3.0,"Deguara, Josiah",0.3333333333333333,3.75,,,2.25,TE,Jacksonville,3.0,7.0,"Deguara, Josiah",,,11.0
0.0,2.025,,0.0,0.0,"Gordon, Josh",0.16,3.75,,,2.25,,,3.0,0.0,"Gordon, Josh",,,4.0
0.0,2.025,,2.0,0.0,"Ginn, Jr.",0.0666666666666666,3.75,,,2.25,,,3.0,0.0,"Ginn, Jr.",,,0.0
15.0,2.025,,10.0,0.0,"Breida, Matt",0.2693877551020408,3.75,,,2.25,,,3.0,16.0,"Breida, Matt",,,7.0
0.0,2.025,,6.0,0.0,"Harris, DeMichael",0.0857142857142857,3.75,,,2.25,,,3.0,0.0,"Harris, DeMichael",,,0.0
0.0,2.025,,0.0,0.0,"NaggarCLE, Chris",0.1,3.75,,,2.25,,,3.0,0.0,"NaggarCLE, Chris",,,1.0
12.0,1.9990384615384615,,0.0,10.0,"Strong, Pierre",0.5925925925925926,3.701923076923077,,,2.2211538461538463,RB,Cleveland,2.9615384615384617,4.0,"Strong, Pierre",,,0.0
1.0,1.9636363636363636,,2.0,0.0,"Gilliam, Reggie",0.2166666666666666,3.6363636363636367,,,2.1818181818181817,RB,Buffalo,2.909090909090909,4.0,"Gilliam, Reggie",,,4.0
0.0,1.9539473684210529,,12.0,0.0,"Richard, Jalen",0.13,3.618421052631579,,,2.1710526315789473,,,2.8947368421052633,0.0,"Richard, Jalen",,,7.0
7.0,1.940625,,0.0,0.0,"Wilcox, Mitchell",0.3235294117647059,3.59375,,,2.15625,TE,New England,2.875,9.0,"Wilcox, Mitchell",,,0.0
7.0,1.940625,,0.0,0.0,"Turner, Cole",0.3444444444444444,3.59375,,,2.15625,TE,Washington,2.875,1.0,"Turner, Cole",,,0.0
0.0,1.9285714285714288,,7.0,0.0,"Ervin, Tyler",0.0875,3.5714285714285716,,,2.142857142857143,,,2.857142857142857,0.0,"Ervin, Tyler",,,0.0
4.0,1.9285714285714288,,0.0,3.0,"Durham, Payne",0.575,3.5714285714285716,,,2.142857142857143,TE,Tampa Bay,2.857142857142857,0.0,"Durham, Payne",,,0.0
13.0,1.9184210526315792,,0.0,6.0,"Gipson, Xavier",0.5599999999999999,3.552631578947368,,,2.1315789473684212,WR,NY Jets,2.8421052631578947,0.0,"Gipson, Xavier",,,0.0
0.0,1.9125,,0.0,0.0,"Horvath, Alexander",0.2571428571428571,3.541666666666667,,,2.125,RB,New Orleans,2.8333333333333335,6.0,"Horvath, Alexander",,,0.0
12.0,1.8899999999999997,,0.0,8.0,"White, Zamir",0.5096774193548387,3.5,,,2.0999999999999996,RB,Las Vegas,2.8,10.0,"White, Zamir",,,0.0
0.0,1.8899999999999997,,7.0,0.0,"Blake, Christian",0.1181818181818182,3.5,,,2.0999999999999996,,,2.8,0.0,"Blake, Christian",,,3.0
6.0,1.8828947368421052,,1.0,0.0,"Jones, Tony",0.26,3.4868421052631575,,,2.0921052631578947,RB,Arizona,2.789473684210526,3.0,"Jones, Tony",,,9.0
0.0,1.85625,,0.0,4.0,"Oliver, Bryce",0.8,3.4375,,,2.0625,WR,Tennessee,2.75,0.0,"Oliver, Bryce",,,0.0
0.0,1.85625,,8.0,0.0,"McDonald, Vance",0.0888888888888888,3.4375,,,2.0625,,,2.75,0.0,"McDonald, Vance",,,0.0
4.0,1.85625,,1.0,0.0,"Kirkwood, Keith",0.2777777777777778,3.4375,,,2.0625,WR,Baltimore,2.75,2.0,"Kirkwood, Keith",,,1.0
10.0,1.852325581395349,,11.0,8.0,"Ingold, Alec",0.3818181818181818,3.4302325581395348,,,2.058139534883721,RB,Miami,2.744186046511628,9.0,"Ingold, Alec",,,5.0
7.0,1.8409090909090908,,0.0,0.0,"Toure, Samori",0.3333333333333333,3.4090909090909087,,,2.0454545454545454,WR,Green Bay,2.727272727272727,4.0,"Toure, Samori",,,0.0
0.0,1.8,,0.0,3.0,"Badie, Tyler",0.75,3.333333333333333,,,2.0,RB,Denver,2.6666666666666665,0.0,"Badie, Tyler",,,0.0
0.0,1.8,,2.0,0.0,"Howell, Greg",0.1,3.333333333333333,,,2.0,,,2.6666666666666665,0.0,"Howell, Greg",,,1.0
7.0,1.8,,0.0,11.0,"Washington, Darnell",0.7263157894736842,3.333333333333333,,,2.0,TE,Pittsburgh,2.6666666666666665,0.0,"Washington, Darnell",,,0.0
0.0,1.8,,1.0,0.0,"Hollister, Cody",0.1857142857142857,3.333333333333333,,,2.0,,,2.6666666666666665,2.0,"Hollister, Cody",,,3.0
0.0,1.8,,2.0,0.0,"Brown, Daniel",0.1,3.333333333333333,,,2.0,,,2.6666666666666665,0.0,"Brown, Daniel",,,1.0
0.0,1.8,,0.0,0.0,"Stanton, Johnny",0.15,3.333333333333333,,,2.0,,,2.6666666666666665,0.0,"Stanton, Johnny",,,3.0
1.0,1.8,,1.0,0.0,"Williams, Jonathan",0.2384615384615384,3.333333333333333,,,2.0,,,2.6666666666666665,6.0,"Williams, Jonathan",,,4.0
0.0,1.7795454545454543,,0.0,11.0,"McCaffrey, Luke",0.9166666666666666,3.2954545454545454,,,1.977272727272727,WR,Washington,2.636363636363636,0.0,"McCaffrey, Luke",,,0.0
4.0,1.767857142857143,,12.0,2.0,"Thomas, Ian",0.2534883720930233,3.2738095238095237,,,1.9642857142857144,TE,Carolina,2.619047619047619,13.0,"Thomas, Ian",,,11.0
9.0,1.7407894736842104,,0.0,10.0,"Ruckert, Jeremy",0.6799999999999999,3.223684210526316,,,1.9342105263157896,TE,NY Jets,2.5789473684210527,0.0,"Ruckert, Jeremy",,,0.0
4.0,1.735714285714286,,0.0,3.0,"Sims, Ben",0.575,3.2142857142857144,,,1.9285714285714288,TE,Green Bay,2.5714285714285716,0.0,"Sims, Ben",,,0.0
2.0,1.7296875,,0.0,2.0,"Eskridge, D'Wayne",0.3411764705882353,3.203125,,,1.921875,WR,Seattle,2.5625,6.0,"Eskridge, D'Wayne",,,6.0
0.0,1.7181818181818185,,0.0,11.0,"Estime, Audric",0.9166666666666666,3.1818181818181817,,,1.9090909090909092,RB,Denver,2.5454545454545454,0.0,"Estime, Audric",,,0.0
0.0,1.6875,,0.0,2.0,"Smith, Xavier",0.6666666666666666,3.125,,,1.875,WR,LA Rams,2.5,0.0,"Smith, Xavier",,,0.0
0.0,1.6875,,6.0,0.0,"Nall, Ryan",0.1111111111111111,3.125,,,1.875,,,2.5,0.0,"Nall, Ryan",,,2.0
5.0,1.6875,,0.0,2.0,"Jones, Tim",0.4454545454545455,3.125,,,1.875,WR,Jacksonville,2.5,3.0,"Jones, Tim",,,0.0
5.0,1.6875,,0.0,5.0,"Jarrett, Rakim",0.6363636363636364,3.125,,,1.875,WR,Tampa Bay,2.5,0.0,"Jarrett, Rakim",,,0.0
0.0,1.6875,,1.0,0.0,"Sprinkle, Jeremy",0.1,3.125,,,1.875,,,2.5,0.0,"Sprinkle, Jeremy",,,1.0
0.0,1.6875,,1.0,0.0,"Carrier, Derek",0.1,3.125,,,1.875,,,2.5,0.0,"Carrier, Derek",,,1.0
0.0,1.6875,,0.0,2.0,"Thrash, Jamari",0.6666666666666666,3.125,,,1.875,WR,Cleveland,2.5,0.0,"Thrash, Jamari",,,0.0
0.0,1.6875,,0.0,2.0,"Cowing, Jacob",0.6666666666666666,3.125,,,1.875,WR,San Francisco,2.5,0.0,"Cowing, Jacob",,,0.0
0.0,1.6875,,0.0,0.0,"Gentry, Zach",0.2428571428571428,3.125,,,1.875,TE,Las Vegas,2.5,11.0,"Gentry, Zach",,,9.0
3.0,1.6875,,0.0,9.0,"Brooks, Christopher",0.7846153846153846,3.125,,,1.875,RB,Miami,2.5,0.0,"Brooks, Christopher",,,0.0
3.0,1.65,,0.0,0.0,"Hopkins, Brycen",0.29,3.055555555555556,,,1.8333333333333337,,,2.4444444444444446,5.0,"Hopkins, Brycen",,,1.0
0.0,1.639285714285714,,3.0,0.0,"Cooper, Pharoh",0.15,3.0357142857142856,,,1.8214285714285712,,,2.4285714285714284,1.0,"Cooper, Pharoh",,,3.0
4.0,1.62421875,,7.0,3.0,"Ricard, Patrick",0.303030303030303,3.0078125,,,1.8046875,RB,Baltimore,2.40625,11.0,"Ricard, Patrick",,,7.0
5.0,1.62,,0.0,0.0,"Abanikanda, Israel",0.3333333333333333,3.0,,,1.7999999999999998,RB,NY Jets,2.4,0.0,"Abanikanda, Israel",,,0.0
0.0,1.62,,0.0,0.0,"McKitty, Tre'",0.2363636363636363,3.0,,,1.7999999999999998,TE,Buffalo,2.4,6.0,"McKitty, Tre'",,,4.0
0.0,1.603125,,0.0,2.0,"Thompson, Skylar",0.4222222222222222,2.96875,,,1.78125,QB,Miami,2.375,6.0,"Thompson, Skylar",,,0.0
0.0,1.575,,0.0,3.0,"Penix, Michael",0.75,2.916666666666667,,,1.75,QB,Atlanta,2.3333333333333335,0.0,"Penix, Michael",,,0.0
0.0,1.575,,3.0,0.0,"Pierce, Artavis",0.075,2.916666666666667,,,1.75,,,2.3333333333333335,0.0,"Pierce, Artavis",,,0.0
0.0,1.575,,6.0,0.0,"Wims, Javon",0.0857142857142857,2.916666666666667,,,1.75,,,2.3333333333333335,0.0,"Wims, Javon",,,0.0
0.0,1.575,,3.0,0.0,"Reed, Joe",0.075,2.916666666666667,,,1.75,,,2.3333333333333335,0.0,"Reed, Joe",,,0.0
0.0,1.575,,3.0,0.0,"Sherman, Anthony",0.075,2.916666666666667,,,1.75,,,2.3333333333333335,0.0,"Sherman, Anthony",,,0.0
0.0,1.575,,0.0,0.0,"Sills, David",0.25,2.916666666666667,,,1.75,WR,Denver,2.3333333333333335,7.0,"Sills, David",,,2.0
3.0,1.5647727272727274,,9.0,0.0,"Bell, Blake",0.1826086956521739,2.897727272727273,,,1.7386363636363638,,,2.3181818181818183,1.0,"Bell, Blake",,,9.0
0.0,1.5428571428571427,,7.0,0.0,"Hill, Josh",0.0875,2.8571428571428568,,,1.7142857142857142,,,2.2857142857142856,0.0,"Hill, Josh",,,0.0
0.0,1.5428571428571427,,5.0,3.0,"Taylor, J.J.",0.32,2.8571428571428568,,,1.7142857142857142,RB,Houston,2.2857142857142856,1.0,"Taylor, J.J.",,,5.0
1.0,1.5428571428571427,,0.0,0.0,"Ricci, Giovanni",0.2749999999999999,2.8571428571428568,,,1.7142857142857142,TE,Cleveland,2.2857142857142856,6.0,"Ricci, Giovanni",,,0.0
0.0,1.53,,0.0,9.0,"Haskins, Hassan",0.675,2.833333333333333,,,1.7,RB,Tennessee,2.2666666666666666,6.0,"Haskins, Hassan",,,0.0
3.0,1.51875,,0.0,0.0,"Brightwell, Gary",0.2846153846153846,2.8125,,,1.6875,,,2.25,7.0,"Brightwell, Gary",,,2.0
0.0,1.51875,,2.0,0.0,"Ellefson, Ben",0.16,2.8125,,,1.6875,,,2.25,2.0,"Ellefson, Ben",,,0.0
0.0,1.51875,,4.0,0.0,"Riddick, Theo",0.08,2.8125,,,1.6875,,,2.25,0.0,"Riddick, Theo",,,0.0
5.0,1.5107142857142857,,6.0,1.0,"Vaughn, Ke'Shawn",0.2636363636363636,2.797619047619047,,,1.6785714285714286,,,2.238095238095238,4.0,"Vaughn, Ke'Shawn",,,5.0
0.0,1.485,,6.0,0.0,"Penny, Elijhaa",0.15,2.75,,,1.65,,,2.2,0.0,"Penny, Elijhaa",,,9.0
6.0,1.453846153846154,,9.0,3.0,"Ham, C.J.",0.28,2.692307692307692,,,1.6153846153846154,RB,Minnesota,2.1538461538461537,7.0,"Ham, C.J.",,,14.0
2.0,1.45125,,6.0,1.0,"Manhertz, Chris",0.2428571428571428,2.6875,,,1.6124999999999998,TE,NY Giants,2.15,5.0,"Manhertz, Chris",,,6.0
0.0,1.4464285714285716,,0.0,3.0,"Woods, Michael",0.525,2.6785714285714284,,,1.6071428571428572,WR,Cleveland,2.142857142857143,4.0,"Woods, Michael",,,0.0
9.0,1.4464285714285716,,0.0,0.0,"Beck, Andrew",0.3399999999999999,2.6785714285714284,,,1.6071428571428572,RB,Houston,2.142857142857143,5.0,"Beck, Andrew",,,0.0
0.0,1.4464285714285716,,6.0,0.0,"Hill, K.J.",0.1,2.6785714285714284,,,1.6071428571428572,,,2.142857142857143,0.0,"Hill, K.J.",,,1.0
1.0,1.4464285714285716,,1.0,0.0,"Wesco, Trevon",0.2249999999999999,2.6785714285714284,,,1.6071428571428572,,,2.142857142857143,3.0,"Wesco, Trevon",,,2.0
2.0,1.4250000000000005,,5.0,0.0,"Taylor, Malik",0.17,2.638888888888889,,,1.5833333333333337,WR,NY Jets,2.111111111111111,0.0,"Taylor, Malik",,,2.0
2.0,1.4250000000000005,,1.0,0.0,"Hoyer, Brian",0.22,2.638888888888889,,,1.5833333333333337,,,2.111111111111111,1.0,"Hoyer, Brian",,,5.0
10.0,1.4142857142857146,,0.0,4.0,"Taylor, Patrick",0.4454545454545455,2.619047619047619,,,1.5714285714285716,RB,San Francisco,2.0952380952380953,4.0,"Taylor, Patrick",,,3.0
7.0,1.40625,,5.0,3.0,"Boone, Mike",0.352,2.604166666666667,,,1.5625,RB,Carolina,2.0833333333333335,7.0,"Boone, Mike",,,2.0
6.0,1.40625,,0.0,4.0,"Rivers, Ronnie",0.5384615384615384,2.604166666666667,,,1.5625,RB,LA Rams,2.0833333333333335,2.0,"Rivers, Ronnie",,,0.0
12.0,1.4019230769230773,,0.0,1.0,"Scott, Tyler",0.4142857142857143,2.5961538461538463,,,1.557692307692308,WR,Chicago,2.076923076923077,0.0,"Scott, Tyler",,,0.0
1.0,1.398214285714286,,6.0,0.0,"Johnson, Jakob",0.1866666666666666,2.5892857142857144,,,1.5535714285714288,,,2.0714285714285716,4.0,"Johnson, Jakob",,,3.0
0.0,1.3950000000000002,,8.0,0.0,"Clement, Corey",0.15625,2.5833333333333335,,,1.5500000000000005,,,2.066666666666667,3.0,"Clement, Corey",,,4.0
11.0,1.35,,0.0,4.0,"Thompkins, Deven",0.5117647058823529,2.5,,,1.5,WR,Carolina,2.0,1.0,"Thompkins, Deven",,,0.0
0.0,1.35,,0.0,0.0,"Ragas, Trey",0.1,2.5,,,1.5,,,2.0,0.0,"Ragas, Trey",,,1.0
0.0,1.35,,0.0,5.0,"Mims, Jordan",0.8333333333333334,2.5,,,1.5,RB,New Orleans,2.0,0.0,"Mims, Jordan",,,0.0
1.0,1.35,,0.0,0.0,"Thompson, Cody",0.2,2.5,,,1.5,WR,Tampa Bay,2.0,0.0,"Thompson, Cody",,,0.0
0.0,1.35,,0.0,0.0,"Merritt, Kirk",0.1,2.5,,,1.5,,,2.0,0.0,"Merritt, Kirk",,,1.0
0.0,1.35,,1.0,0.0,"Stevens, Tommy",0.05,2.5,,,1.5,,,2.0,0.0,"Stevens, Tommy",,,0.0
0.0,1.35,,0.0,0.0,"Newsome, Dazz",0.1,2.5,,,1.5,,,2.0,0.0,"Newsome, Dazz",,,1.0
0.0,1.35,,3.0,0.0,"Roberts, Seth",0.075,2.5,,,1.5,,,2.0,0.0,"Roberts, Seth",,,0.0
3.0,1.35,,0.0,0.0,"Ross, Justyn",0.3,2.5,,,1.5,WR,Kansas City,2.0,0.0,"Ross, Justyn",,,0.0
0.0,1.35,,5.0,0.0,"Prosise, C.J.",0.0833333333333333,2.5,,,1.5,,,2.0,0.0,"Prosise, C.J.",,,0.0
0.0,1.35,,1.0,0.0,"Scott, Jaleel",0.05,2.5,,,1.5,,,2.0,0.0,"Scott, Jaleel",,,0.0
0.0,1.35,,0.0,1.0,"Blair, Chris",0.5,2.5,,,1.5,WR,Atlanta,2.0,0.0,"Blair, Chris",,,0.0
0.0,1.35,,1.0,0.0,"Miller, Lamar",0.05,2.5,,,1.5,,,2.0,0.0,"Miller, Lamar",,,0.0
0.0,1.35,,1.0,0.0,"Smith, Vyncint",0.05,2.5,,,1.5,,,2.0,0.0,"Smith, Vyncint",,,0.0
0.0,1.35,,0.0,0.0,"Wolf, Ethan",0.1,2.5,,,1.5,,,2.0,0.0,"Wolf, Ethan",,,1.0
0.0,1.35,,0.0,0.0,"Blanton, Kendall",0.2,2.5,,,1.5,,,2.0,2.0,"Blanton, Kendall",,,3.0
5.0,1.35,,0.0,0.0,"Bawden, Nick",0.3142857142857143,2.5,,,1.5,,,2.0,0.0,"Bawden, Nick",,,1.0
1.0,1.35,,3.0,0.0,"Barkley, Matt",0.14,2.5,,,1.5,,,2.0,0.0,"Barkley, Matt",,,0.0
0.0,1.35,,0.0,0.0,"Baccellia, Andre",0.24,2.5,,,1.5,WR,Arizona,2.0,4.0,"Baccellia, Andre",,,0.0
0.0,1.35,,0.0,2.0,"Chisena, Dan",0.6666666666666666,2.5,,,1.5,WR,Arizona,2.0,0.0,"Chisena, Dan",,,0.0
0.0,1.35,,0.0,2.0,"Grandy, Cam",0.6666666666666666,2.5,,,1.5,TE,Cincinnati,2.0,0.0,"Grandy, Cam",,,0.0
0.0,1.35,,0.0,1.0,"Holker, Dallin",0.5,2.5,,,1.5,TE,New Orleans,2.0,0.0,"Holker, Dallin",,,0.0
0.0,1.35,,0.0,1.0,"Washington, Casey",0.5,2.5,,,1.5,WR,Atlanta,2.0,0.0,"Washington, Casey",,,0.0
0.0,1.35,,3.0,0.0,"Janovich, Andy",0.1375,2.5,,,1.5,,,2.0,0.0,"Janovich, Andy",,,4.0
4.0,1.35,,0.0,8.0,"Hill, Julian",0.7384615384615384,2.5,,,1.5,TE,Miami,2.0,0.0,"Hill, Julian",,,0.0
0.0,1.35,,1.0,0.0,"Hemingway, Temarrick",0.05,2.5,,,1.5,,,2.0,0.0,"Hemingway, Temarrick",,,0.0
0.0,1.35,,4.0,0.0,"Harris, Demetrius",0.1142857142857143,2.5,,,1.5,,,2.0,0.0,"Harris, Demetrius",,,2.0
0.0,1.35,,0.0,1.0,"Lloyd, MarShawn",0.5,2.5,,,1.5,RB,Green Bay,2.0,0.0,"Lloyd, MarShawn",,,0.0
5.0,1.35,,0.0,9.0,"Luepke, Hunter",0.7333333333333333,2.5,,,1.5,RB,Dallas,2.0,0.0,"Luepke, Hunter",,,0.0
0.0,1.35,,0.0,0.0,"Lambo, Josh",0.15,2.5,,,1.5,,,2.0,1.0,"Lambo, Josh",,,0.0
0.0,1.35,,2.0,0.0,"Carlson, Stephen",0.0666666666666666,2.5,,,1.5,TE,Chicago,2.0,0.0,"Carlson, Stephen",,,0.0
0.0,1.35,,0.0,2.0,"Conner, Tanner",0.6666666666666666,2.5,,,1.5,TE,Miami,2.0,0.0,"Conner, Tanner",,,0.0
0.0,1.35,,0.0,0.0,"Fromm, Jake",0.1333333333333333,2.5,,,1.5,,,2.0,0.0,"Fromm, Jake",,,2.0
0.0,1.35,,0.0,0.0,"Darby, Frank",0.1,2.5,,,1.5,WR,San Francisco,2.0,0.0,"Darby, Frank",,,1.0
0.0,1.35,,0.0,1.0,"Williams, Isaiah",0.5,2.5,,,1.5,WR,Detroit,2.0,0.0,"Williams, Isaiah",,,0.0
0.0,1.35,,2.0,0.0,"Foster, Robert",0.0666666666666666,2.5,,,1.5,,,2.0,0.0,"Foster, Robert",,,0.0
9.0,1.35,,0.0,7.0,"Farrell, Luke",0.4777777777777778,2.5,,,1.5,TE,Jacksonville,2.0,3.0,"Farrell, Luke",,,7.0
0.0,1.35,,1.0,0.0,"Dieter, Gehrig",0.05,2.5,,,1.5,,,2.0,0.0,"Dieter, Gehrig",,,0.0
0.0,1.35,,0.0,0.0,"Davis, Davion",0.1,2.5,,,1.5,WR,Washington,2.0,0.0,"Davis, Davion",,,1.0
0.0,1.35,,1.0,0.0,"Willson, Luke",0.05,2.5,,,1.5,,,2.0,0.0,"Willson, Luke",,,0.0
0.0,1.35,,4.0,0.0,"Daniel, Chase",0.15,2.5,,,1.5,,,2.0,2.0,"Daniel, Chase",,,1.0
2.0,1.35,,0.0,0.0,"Jackson, Trishton",0.2666666666666666,2.5,,,1.5,WR,Minnesota,2.0,0.0,"Jackson, Trishton",,,0.0
2.0,1.2980769230769231,,2.0,5.0,"Woerner, Charlie",0.4857142857142857,2.4038461538461537,,,1.4423076923076923,TE,Atlanta,1.9230769230769231,0.0,"Woerner, Charlie",,,4.0
0.0,1.2886363636363638,,6.0,0.0,"Nabers, Gabe",0.1333333333333333,2.3863636363636367,,,1.431818181818182,,,1.9090909090909092,0.0,"Nabers, Gabe",,,5.0
0.0,1.275,,7.0,0.0,"Samuels, Jaylen",0.11,2.361111111111111,,,1.4166666666666663,,,1.8888888888888888,0.0,"Samuels, Jaylen",,,2.0
4.0,1.2705882352941176,,0.0,2.0,"Stoll, Jack",0.3666666666666666,2.3529411764705883,,,1.4117647058823528,TE,NY Giants,1.8823529411764703,8.0,"Stoll, Jack",,,3.0
9.0,1.265625,,0.0,7.0,"Hutchinson, Xavier",0.6235294117647059,2.34375,,,1.40625,WR,Houston,1.875,0.0,"Hutchinson, Xavier",,,0.0
0.0,1.26,,13.0,0.0,"Smith, Kaden",0.10625,2.3333333333333335,,,1.4,,,1.8666666666666667,0.0,"Smith, Kaden",,,2.0
0.0,1.2375,,0.0,0.0,"Davis, Tyler",0.2307692307692307,2.2916666666666665,,,1.375,TE,Green Bay,1.8333333333333333,6.0,"Davis, Tyler",,,6.0
0.0,1.2375,,0.0,5.0,"Long, Hunter",0.7428571428571429,2.2916666666666665,,,1.375,TE,LA Rams,1.8333333333333333,0.0,"Long, Hunter",,,1.0
0.0,1.215,,0.0,5.0,"McIntosh, Kenny",0.8333333333333334,2.25,,,1.35,RB,Seattle,1.8,0.0,"McIntosh, Kenny",,,0.0
1.0,1.215,,1.0,2.0,"Ward, Jonathan",0.3454545454545454,2.25,,,1.35,RB,Pittsburgh,1.8,1.0,"Ward, Jonathan",,,5.0
0.0,1.205357142857143,,9.0,0.0,"Board, C.J.",0.1333333333333333,2.232142857142857,,,1.3392857142857144,,,1.7857142857142858,1.0,"Board, C.J.",,,4.0
0.0,1.205357142857143,,0.0,0.0,"Williams, Avery",0.28,2.232142857142857,,,1.3392857142857144,RB,Atlanta,1.7857142857142858,14.0,"Williams, Avery",,,0.0
0.0,1.205357142857143,,0.0,0.0,"Milne, Dax",0.2266666666666666,2.232142857142857,,,1.3392857142857144,WR,Washington,1.7857142857142858,6.0,"Milne, Dax",,,8.0
13.0,1.1965909090909093,,0.0,9.0,"Davis, Derius",0.6173913043478261,2.215909090909091,,,1.3295454545454546,WR,LA Chargers,1.7727272727272727,0.0,"Davis, Derius",,,0.0
0.0,1.18125,,0.0,12.0,"Corum, Blake",0.9230769230769232,2.1875,,,1.3125,RB,LA Rams,1.75,0.0,"Corum, Blake",,,0.0
0.0,1.18125,,0.0,5.0,"Chestnut, Julius",0.6555555555555556,2.1875,,,1.3125,RB,Tennessee,1.75,3.0,"Chestnut, Julius",,,0.0
0.0,1.165909090909091,,0.0,0.0,"Hesse, Parker",0.25,2.159090909090909,,,1.2954545454545454,TE,Detroit,1.7272727272727273,8.0,"Hesse, Parker",,,3.0
0.0,1.125,,0.0,0.0,"Hudson, Tommy",0.15,2.0833333333333335,,,1.25,TE,New Orleans,1.6666666666666667,0.0,"Hudson, Tommy",,,3.0
1.0,1.125,,11.0,0.0,"McFarland, Anthony",0.1375,2.0833333333333335,,,1.25,,,1.6666666666666667,1.0,"McFarland, Anthony",,,2.0
0.0,1.125,,0.0,3.0,"Brooks, Jonathon",0.75,2.0833333333333335,,,1.25,RB,Carolina,1.6666666666666667,0.0,"Brooks, Jonathon",,,0.0
0.0,1.125,,1.0,0.0,"Kemp, Marcus",0.125,2.0833333333333335,,,1.25,,,1.6666666666666667,0.0,"Kemp, Marcus",,,2.0
0.0,1.125,,0.0,1.0,"Darden, Jaelon",0.29,2.0833333333333335,,,1.25,WR,Cleveland,1.6666666666666667,3.0,"Darden, Jaelon",,,5.0
0.0,1.125,,0.0,12.0,"Wright, Jaylen",0.9230769230769232,2.0833333333333335,,,1.25,RB,Miami,1.6666666666666667,0.0,"Wright, Jaylen",,,0.0
0.0,1.125,,0.0,0.0,"Rountree, Larry",0.19,2.0833333333333335,,,1.25,,,1.6666666666666667,1.0,"Rountree, Larry",,,8.0
3.0,1.125,,0.0,1.0,"Trammell, Austin",0.4,2.0833333333333335,,,1.25,WR,Jacksonville,1.6666666666666667,2.0,"Trammell, Austin",,,0.0
0.0,1.096875,,6.0,0.0,"Stocker, Luke",0.1111111111111111,2.03125,,,1.21875,,,1.625,0.0,"Stocker, Luke",,,2.0
0.0,1.0800000000000003,,5.0,0.0,"Toilolo, Levine",0.0833333333333333,2.0,,,1.2000000000000002,,,1.6,0.0,"Toilolo, Levine",,,0.0
0.0,1.0800000000000003,,5.0,0.0,"Keizer, Nick",0.0833333333333333,2.0,,,1.2000000000000002,,,1.6,0.0,"Keizer, Nick",,,0.0
0.0,1.0800000000000003,,0.0,0.0,"Conner, Snoop",0.25,2.0,,,1.2000000000000002,RB,Dallas,1.6,5.0,"Conner, Snoop",,,0.0
1.0,1.0800000000000003,,0.0,0.0,"Davis-Price, Tyrion",0.2666666666666666,2.0,,,1.2000000000000002,RB,Philadelphia,1.6,4.0,"Davis-Price, Tyrion",,,0.0
0.0,1.0607142857142855,,5.0,0.0,"Carter, Cethan",0.1125,1.9642857142857144,,,1.1785714285714286,,,1.5714285714285714,0.0,"Carter, Cethan",,,2.0
1.0,1.05,,4.0,0.0,"Ozigbo, Devine",0.19,1.9444444444444444,,,1.1666666666666667,,,1.5555555555555556,3.0,"Ozigbo, Devine",,,1.0
0.0,1.0125,,2.0,0.0,"Callaway, Antonio",0.0666666666666666,1.875,,,1.125,,,1.5,0.0,"Callaway, Antonio",,,0.0
6.0,1.0125,,0.0,4.0,"Vaughn, Deuce",0.5818181818181819,1.875,,,1.125,RB,Dallas,1.5,0.0,"Vaughn, Deuce",,,0.0
0.0,1.0125,,1.0,0.0,"Hart, Penny",0.2,1.875,,,1.125,,,1.5,3.0,"Hart, Penny",,,6.0
0.0,1.0125,,9.0,0.0,"Laird, Patrick",0.1153846153846153,1.875,,,1.125,,,1.5,0.0,"Laird, Patrick",,,3.0
0.0,1.0125,,0.0,2.0,"Smith, Ainias",0.6666666666666666,1.875,,,1.125,WR,Philadelphia,1.5,0.0,"Smith, Ainias",,,0.0
0.0,1.0125,,0.0,2.0,"Ali, Rasheen",0.6666666666666666,1.875,,,1.125,RB,Baltimore,1.5,0.0,"Ali, Rasheen",,,0.0
0.0,1.0125,,2.0,0.0,"Gandy-Golden, Antonio",0.0666666666666666,1.875,,,1.125,,,1.5,0.0,"Gandy-Golden, Antonio",,,0.0
0.0,1.0125,,0.0,4.0,"Vaki, Sione",0.8,1.875,,,1.125,DB,Detroit,1.5,0.0,"Vaki, Sione",,,0.0
9.0,0.9642857142857144,,0.0,0.0,"Spiller, Isaiah",0.3399999999999999,1.7857142857142858,,,1.0714285714285714,RB,LA Chargers,1.4285714285714286,5.0,"Spiller, Isaiah",,,0.0
3.0,0.9511363636363636,,10.0,0.0,"Smith, Keith",0.1782608695652174,1.7613636363636365,,,1.056818181818182,,,1.4090909090909092,1.0,"Smith, Keith",,,8.0
2.0,0.9449999999999998,,6.0,0.0,"Taylor, Trent",0.21875,1.75,,,1.0499999999999998,WR,San Francisco,1.4,7.0,"Taylor, Trent",,,0.0
0.0,0.9449999999999998,,0.0,5.0,"Reiman, Tip",0.8333333333333334,1.75,,,1.0499999999999998,TE,Arizona,1.4,0.0,"Reiman, Tip",,,0.0
13.0,0.928125,,6.0,0.0,"Williams, Trayveon",0.288,1.71875,,,1.03125,RB,Cincinnati,1.375,4.0,"Williams, Trayveon",,,1.0
1.0,0.9204545454545454,,3.0,0.0,"Cabinda, Jason",0.1916666666666666,1.7045454545454544,,,1.0227272727272727,,,1.3636363636363635,2.0,"Cabinda, Jason",,,5.0
0.0,0.9,,3.0,0.0,"Graham, Jaeden",0.075,1.6666666666666663,,,1.0,,,1.3333333333333333,0.0,"Graham, Jaeden",,,0.0
0.0,0.9,,1.0,0.0,"Phillips, Scottie",0.125,1.6666666666666663,,,1.0,,,1.3333333333333333,0.0,"Phillips, Scottie",,,2.0
0.0,0.9,,2.0,0.0,"Westbrook, Dede",0.16,1.6666666666666663,,,1.0,,,1.3333333333333333,0.0,"Westbrook, Dede",,,7.0
0.0,0.9,,1.0,0.0,"Ollison, Qadree",0.1571428571428571,1.6666666666666663,,,1.0,,,1.3333333333333333,0.0,"Ollison, Qadree",,,5.0
7.0,0.8859375,,0.0,0.0,"Ingram, Keaontay",0.3235294117647059,1.640625,,,0.984375,RB,Kansas City,1.3125,9.0,"Ingram, Keaontay",,,0.0
4.0,0.8826923076923078,,0.0,9.0,"Gray, Eric",0.7571428571428571,1.6346153846153846,,,0.9807692307692308,RB,NY Giants,1.3076923076923077,0.0,"Gray, Eric",,,0.0
1.0,0.8775000000000001,,4.0,0.0,"Gabbert, Blaine",0.1636363636363636,1.625,,,0.975,,,1.3,0.0,"Gabbert, Blaine",,,5.0
0.0,0.867857142857143,,6.0,0.0,"Yelder, Deon",0.1,1.6071428571428572,,,0.9642857142857144,,,1.2857142857142858,0.0,"Yelder, Deon",,,1.0
9.0,0.8526315789473684,,0.0,1.0,"Jones, Velus",0.365,1.5789473684210529,,,0.9473684210526316,WR,Chicago,1.263157894736842,9.0,"Jones, Velus",,,0.0
0.0,0.84375,,4.0,0.0,"Zuber, Isaiah",0.08,1.5625,,,0.9375,,,1.25,0.0,"Zuber, Isaiah",,,0.0
1.0,0.84375,,0.0,2.0,"Kinsey, Mason",0.54,1.5625,,,0.9375,WR,Tennessee,1.25,1.0,"Kinsey, Mason",,,0.0
0.0,0.84375,,0.0,4.0,"Matlock, Scott",0.8,1.5625,,,0.9375,DT,LA Chargers,1.25,0.0,"Matlock, Scott",,,0.0
0.0,0.84375,,0.0,8.0,"Haener, Jake",0.8888888888888888,1.5625,,,0.9375,QB,New Orleans,1.25,0.0,"Haener, Jake",,,0.0
0.0,0.84375,,0.0,0.0,"Hairston, Troy",0.24,1.5625,,,0.9375,RB,Houston,1.25,4.0,"Hairston, Troy",,,0.0
8.0,0.8171052631578948,,6.0,10.0,"Burton, Michael",0.4384615384615385,1.513157894736842,,,0.9078947368421052,RB,Denver,1.2105263157894737,5.0,"Burton, Michael",,,9.0
2.0,0.8099999999999999,,6.0,0.0,"Olszewski, Gunner",0.2238095238095238,1.5,,,0.8999999999999999,WR,NY Giants,1.2,9.0,"Olszewski, Gunner",,,3.0
0.0,0.8099999999999999,,5.0,0.0,"Shepherd, Darrius",0.0833333333333333,1.5,,,0.8999999999999999,,,1.2,0.0,"Shepherd, Darrius",,,0.0
1.0,0.7714285714285714,,0.0,6.0,"Fisk, Tucker",0.8,1.4285714285714284,,,0.8571428571428571,,,1.1428571428571428,0.0,"Fisk, Tucker",,,0.0
0.0,0.7363636363636363,,0.0,11.0,"Steele, Carson",0.9166666666666666,1.3636363636363635,,,0.8181818181818181,RB,Kansas City,1.0909090909090908,0.0,"Steele, Carson",,,0.0
0.0,0.726923076923077,,0.0,0.0,"Watt, Derek",0.25,1.346153846153846,,,0.8076923076923077,,,1.0769230769230769,9.0,"Watt, Derek",,,4.0
0.0,0.675,,0.0,2.0,"DuBose, Grant",0.6666666666666666,1.25,,,0.75,WR,Green Bay,1.0,0.0,"DuBose, Grant",,,0.0
1.0,0.675,,0.0,0.0,"Rader, Kevin",0.2,1.25,,,0.75,,,1.0,0.0,"Rader, Kevin",,,2.0
0.0,0.675,,0.0,0.0,"Harris, Jacob",0.15,1.25,,,0.75,WR,Philadelphia,1.0,1.0,"Harris, Jacob",,,0.0
0.0,0.675,,0.0,0.0,"Gray, Danny",0.1999999999999999,1.25,,,0.75,WR,San Francisco,1.0,2.0,"Gray, Danny",,,0.0
0.0,0.675,,0.0,1.0,"Davidson, Zach",0.5,1.25,,,0.75,TE,Buffalo,1.0,0.0,"Davidson, Zach",,,0.0
0.0,0.675,,2.0,0.0,"Cox, Chandler",0.0666666666666666,1.25,,,0.75,,,1.0,0.0,"Cox, Chandler",,,0.0
0.0,0.675,,0.0,1.0,"Keyton, Ramel",0.5,1.25,,,0.75,WR,Las Vegas,1.0,0.0,"Keyton, Ramel",,,0.0
0.0,0.675,,0.0,1.0,"Pryor, Kendric",0.5,1.25,,,0.75,WR,Cincinnati,1.0,0.0,"Pryor, Kendric",,,0.0
0.0,0.675,,1.0,0.0,"Dillon, Brandon",0.05,1.25,,,0.75,,,1.0,0.0,"Dillon, Brandon",,,0.0
0.0,0.675,,1.0,0.0,"Nauta, Isaac",0.05,1.25,,,0.75,,,1.0,0.0,"Nauta, Isaac",,,0.0
1.0,0.675,,0.0,0.0,"Hull, Evan",0.2,1.25,,,0.75,RB,Indianapolis,1.0,0.0,"Hull, Evan",,,0.0
0.0,0.675,,0.0,1.0,"FitzPatrick, John",0.5,1.25,,,0.75,TE,Atlanta,1.0,0.0,"FitzPatrick, John",,,0.0
0.0,0.675,,0.0,1.0,"McAllister, Tyreik",0.5,1.25,,,0.75,RB,Las Vegas,1.0,0.0,"McAllister, Tyreik",,,0.0
0.0,0.675,,0.0,2.0,"McClellan, Jase",0.6666666666666666,1.25,,,0.75,RB,Atlanta,1.0,0.0,"McClellan, Jase",,,0.0
0.0,0.675,,0.0,0.0,"McMath, Racey",0.2,1.25,,,0.75,WR,Dallas,1.0,2.0,"McMath, Racey",,,2.0
0.0,0.675,,0.0,1.0,"Bell, Jaheim",0.5,1.25,,,0.75,TE,New England,1.0,0.0,"Bell, Jaheim",,,0.0
0.0,0.675,,2.0,0.0,"Bellamy, LeVante",0.0666666666666666,1.25,,,0.75,,,1.0,0.0,"Bellamy, LeVante",,,0.0
0.0,0.675,,0.0,0.0,"Sanders, Braylon",0.15,1.25,,,0.75,WR,Miami,1.0,1.0,"Sanders, Braylon",,,0.0
0.0,0.675,,1.0,0.0,"Miller, Bruce",0.05,1.25,,,0.75,,,1.0,0.0,"Miller, Bruce",,,0.0
1.0,0.675,,0.0,0.0,"Lassiter, Kwamie",0.2,1.25,,,0.75,WR,Cincinnati,1.0,0.0,"Lassiter, Kwamie",,,0.0
0.0,0.675,,0.0,1.0,"Shenker, Samuel",0.5,1.25,,,0.75,,,1.0,0.0,"Shenker, Samuel",,,0.0
0.0,0.675,,0.0,0.0,"Winston, Easop",0.1,1.25,,,0.75,WR,Seattle,1.0,0.0,"Winston, Easop",,,1.0
0.0,0.675,,0.0,1.0,"Wiley, Jared",0.5,1.25,,,0.75,TE,Kansas City,1.0,0.0,"Wiley, Jared",,,0.0
0.0,0.675,,2.0,0.0,"Moncrief, Donte",0.0666666666666666,1.25,,,0.75,,,1.0,0.0,"Moncrief, Donte",,,0.0
0.0,0.675,,0.0,0.0,"Kelly, John",0.1,1.25,,,0.75,RB,Cleveland,1.0,0.0,"Kelly, John",,,1.0
0.0,0.675,,0.0,0.0,"Alexander, Maurice",0.15,1.25,,,0.75,WR,Detroit,1.0,1.0,"Alexander, Maurice",,,0.0
0.0,0.675,,3.0,0.0,"Keene, Dalton",0.075,1.25,,,0.75,TE,Houston,1.0,0.0,"Keene, Dalton",,,0.0
0.0,0.675,,0.0,0.0,"Schreck, Mason",0.1999999999999999,1.25,,,0.75,,,1.0,2.0,"Schreck, Mason",,,0.0
0.0,0.675,,2.0,0.0,"Butt, Jake",0.0666666666666666,1.25,,,0.75,,,1.0,0.0,"Butt, Jake",,,0.0
0.0,0.675,,0.0,0.0,"Camp, Jalen",0.15,1.25,,,0.75,WR,Cleveland,1.0,1.0,"Camp, Jalen",,,0.0
0.0,0.675,,0.0,1.0,"Jennings, Terrell",0.5,1.25,,,0.75,RB,New England,1.0,0.0,"Jennings, Terrell",,,0.0
0.0,0.675,,0.0,1.0,"Martin-Robinson, David",0.5,1.25,,,0.75,TE,Tennessee,1.0,0.0,"Martin-Robinson, David",,,0.0
0.0,0.675,,0.0,0.0,"ParkeyNO, Cody",0.1,1.25,,,0.75,,,1.0,0.0,"ParkeyNO, Cody",,,1.0
1.0,0.675,,0.0,0.0,"Dowell, Colton",0.2,1.25,,,0.75,WR,Tennessee,1.0,0.0,"Dowell, Colton",,,0.0
0.0,0.675,,1.0,0.0,"Gillaspia, Cullen",0.05,1.25,,,0.75,,,1.0,0.0,"Gillaspia, Cullen",,,0.0
1.0,0.675,,0.0,0.0,"Green, Antoine",0.2,1.25,,,0.75,WR,Detroit,1.0,0.0,"Green, Antoine",,,0.0
1.0,0.675,,0.0,0.0,"Fotheringham, Cole",0.2,1.25,,,0.75,TE,Las Vegas,1.0,0.0,"Fotheringham, Cole",,,0.0
0.0,0.675,,0.0,0.0,"Patrick, Jacques",0.1,1.25,,,0.75,,,1.0,0.0,"Patrick, Jacques",,,1.0
0.0,0.675,,0.0,0.0,"Morgan, Stanley",0.1,1.25,,,0.75,WR,New Orleans,1.0,0.0,"Morgan, Stanley",,,1.0
0.0,0.675,,1.0,0.0,"Baugh, Marcus",0.05,1.25,,,0.75,,,1.0,0.0,"Baugh, Marcus",,,0.0
1.0,0.675,,0.0,0.0,"Wells, David",0.2,1.25,,,0.75,TE,Tampa Bay,1.0,0.0,"Wells, David",,,0.0
2.0,0.6328125,,9.0,0.0,"Armah, Alex",0.1588235294117647,1.171875,,,0.703125,,,0.9375,0.0,"Armah, Alex",,,5.0
3.0,0.6,,0.0,0.0,"Nwangwu, Kene",0.25,1.1111111111111112,,,0.6666666666666666,RB,Minnesota,0.8888888888888888,1.0,"Nwangwu, Kene",,,5.0
4.0,0.5400000000000001,,4.0,0.0,"Blasingame, Khari",0.2181818181818182,1.0,,,0.6000000000000001,RB,Chicago,0.8,0.0,"Blasingame, Khari",,,2.0
0.0,0.50625,,0.0,4.0,"Shipley, Will",0.8,0.9375,,,0.5625,RB,Philadelphia,0.75,0.0,"Shipley, Will",,,0.0
3.0,0.50625,,0.0,1.0,"Jones, Charlie",0.44,0.9375,,,0.5625,WR,Cincinnati,0.75,0.0,"Jones, Charlie",,,0.0
0.0,0.45,,3.0,0.0,"Huntley, Jason",0.075,0.8333333333333333,,,0.5,,,0.6666666666666666,0.0,"Huntley, Jason",,,0.0
1.0,0.45,,0.0,0.0,"Funk, Jake",0.2,0.8333333333333333,,,0.5,RB,Detroit,0.6666666666666666,0.0,"Funk, Jake",,,2.0
0.0,0.421875,,2.0,0.0,"Washington, Dwayne",0.1888888888888888,0.78125,,,0.46875,,,0.625,3.0,"Washington, Dwayne",,,3.0
0.0,0.4049999999999999,,0.0,5.0,"Corley, Malachi",0.8333333333333334,0.75,,,0.4499999999999999,WR,NY Jets,0.6,0.0,"Corley, Malachi",,,0.0
2.0,0.4049999999999999,,0.0,0.0,"Prentice, Adam",0.2636363636363636,0.75,,,0.4499999999999999,RB,New Orleans,0.6,5.0,"Prentice, Adam",,,3.0
0.0,0.4049999999999999,,0.0,0.0,"Ebner, Trestan",0.25,0.75,,,0.4499999999999999,,,0.6,5.0,"Ebner, Trestan",,,0.0
2.0,0.3375,,0.0,0.0,"Ezukanma, Erik",0.2666666666666666,0.625,,,0.375,WR,Miami,0.5,0.0,"Ezukanma, Erik",,,0.0
0.0,0.3375,,2.0,0.0,"Foster, D.J.",0.0666666666666666,0.625,,,0.375,,,0.5,0.0,"Foster, D.J.",,,0.0
0.0,0.3375,,1.0,0.0,"Webster, Nsimba",0.1333333333333333,0.625,,,0.375,WR,Chicago,0.5,1.0,"Webster, Nsimba",,,0.0
0.0,0.3375,,3.0,0.0,"Lewis, Tommylee",0.1,0.625,,,0.375,,,0.5,0.0,"Lewis, Tommylee",,,1.0
0.0,0.3375,,0.0,0.0,"Eason, Jacob",0.1666666666666666,0.625,,,0.375,QB,Green Bay,0.5,1.0,"Eason, Jacob",,,1.0
0.0,0.3375,,0.0,2.0,"Holani, George",0.6666666666666666,0.625,,,0.375,RB,Seattle,0.5,0.0,"Holani, George",,,0.0
