Player,Pos,Team,weighted_mean,ci_lower,ci_upper,game_count_2020,game_count_2021,game_count_2022,game_count_2023,game_count_2024,weighted_game_count,discounted_ci_lower,Avg_Sacks,Avg_Interceptions,Avg_Fumble_Recoveries,Avg_Defensive_TDs,Avg_Points_Allowed
"Allen, Josh",QB,Buffalo,28.576923076923077,21.432692307692307,35.72115384615385,16.0,16.0,15.0,16.0,15.0,0.3886075949367089,19.289423076923075,,,,,
"Mahomes, Patrick",QB,Kansas City,26.012820512820515,19.509615384615387,32.51602564102564,15.0,16.0,16.0,16.0,15.0,0.3911392405063291,17.55865384615385,,,,,
"Brady, Tom",,,25.5,19.125,31.875,16.0,16.0,16.0,0.0,0.0,0.1959183673469388,17.212500000000002,,,,,
"Jackson, Lamar",QB,Baltimore,25.4,19.049999999999997,31.75,30.0,24.0,24.0,32.0,30.0,0.4099290780141844,17.145,,,,,
"Burrow, Joe",QB,Cincinnati,24.53030303030303,18.397727272727273,30.66287878787879,10.0,16.0,15.0,10.0,15.0,0.4134328358208955,16.557954545454546,,,,,
"Prescott, Dak",QB,Dallas,24.072727272727274,18.054545454545455,30.090909090909093,5.0,15.0,11.0,16.0,8.0,0.37857142857142856,16.24909090909091,,,,,
"Daniels, Jayden",QB,Washington,24.066666666666666,18.05,30.083333333333332,0.0,0.0,0.0,0.0,15.0,0.9375,16.245,,,,,
"Murray, Kyler",QB,Arizona,23.225806451612904,17.41935483870968,29.032258064516128,16.0,13.0,11.0,7.0,15.0,0.4015873015873016,15.677419354838712,,,,,
"Rodgers, Aaron",QB,NY Jets,22.396825396825395,16.797619047619047,27.996031746031743,16.0,15.0,16.0,1.0,15.0,0.38749999999999996,15.117857142857144,,,,,
"Herbert, Justin",QB,LA Chargers,22.30666666666667,16.73,27.883333333333336,15.0,16.0,16.0,13.0,15.0,0.3907894736842105,15.057,,,,,
"Adams, Davante",WR,Las Vegas,22.301369863013697,16.726027397260275,27.87671232876712,14.0,15.0,16.0,16.0,12.0,0.372972972972973,15.053424657534247,,,,,
"McCaffrey, Christian",RB,San Francisco,22.08695652173913,16.565217391304348,27.60869565217391,3.0,7.0,16.0,16.0,4.0,0.35957446808510635,14.908695652173913,,,,,
"Hurts, Jalen",QB,Philadelphia,22.013513513513512,16.510135135135133,27.51689189189189,14.0,15.0,14.0,16.0,15.0,0.4,14.85912162162162,,,,,
"Jefferson, Justin",WR,Minnesota,21.805555555555557,16.354166666666668,27.256944444444446,16.0,16.0,16.0,9.0,15.0,0.3863013698630137,14.718750000000002,,,,,
"Cousins, Kirk",QB,Atlanta,21.797101449275363,16.347826086956523,27.246376811594203,16.0,15.0,16.0,8.0,14.0,0.37999999999999995,14.713043478260872,,,,,
"Chase, Ja'Marr",WR,Cincinnati,21.54385964912281,16.157894736842106,26.92982456140351,0.0,16.0,11.0,15.0,15.0,0.47413793103448276,14.542105263157897,,,,,
"Henry, Derrick",RB,Baltimore,21.32857142857143,15.996428571428572,26.660714285714285,16.0,8.0,15.0,16.0,15.0,0.4098591549295775,14.396785714285715,,,,,
"Hill, Tyreek",WR,Miami,21.2987012987013,15.974025974025974,26.623376623376625,15.0,16.0,16.0,15.0,15.0,0.391025641025641,14.376623376623376,,,,,
"Brees, Drew",,,21.25,15.9375,26.5625,12.0,0.0,0.0,0.0,0.0,0.09230769230769233,14.34375,,,,,
"Wilson, Russell",QB,Pittsburgh,21.01492537313433,15.761194029850746,26.26865671641791,16.0,13.0,14.0,15.0,9.0,0.34411764705882353,14.18507462686567,,,,,
"Williams, Antonio",,,21.0,15.75,26.25,1.0,0.0,0.0,0.0,0.0,0.05,14.175,,,,,
"Watson, Deshaun",QB,Cleveland,20.647058823529413,15.48529411764706,25.808823529411768,16.0,0.0,5.0,6.0,7.0,0.35714285714285715,13.936764705882354,,,,,
"Goff, Jared",QB,Detroit,20.466666666666665,15.349999999999998,25.583333333333332,15.0,13.0,16.0,16.0,15.0,0.39868421052631575,13.814999999999998,,,,,
"Kupp, Cooper",WR,LA Rams,20.322580645161292,15.241935483870968,25.403225806451616,15.0,16.0,9.0,12.0,10.0,0.3523809523809524,13.717741935483872,,,,,
"Nacua, Puka",WR,LA Rams,20.192307692307693,15.14423076923077,25.240384615384617,0.0,0.0,0.0,16.0,10.0,0.6074074074074074,13.629807692307693,,,,,
"Nix, Bo",QB,Denver,20.066666666666666,15.05,25.083333333333332,0.0,0.0,0.0,0.0,15.0,0.9375,13.545000000000002,,,,,
"Purdy, Brock",QB,San Francisco,19.526315789473685,14.644736842105264,24.407894736842106,0.0,0.0,8.0,16.0,14.0,0.5846153846153846,13.180263157894737,,,,,
"Tagovailoa, Tua",QB,Miami,19.306451612903224,14.479838709677418,24.133064516129032,10.0,12.0,13.0,16.0,11.0,0.3920634920634921,13.031854838709677,,,,,
"Stafford, Matthew",QB,LA Rams,19.197183098591548,14.39788732394366,23.996478873239436,16.0,16.0,9.0,15.0,15.0,0.3958333333333333,12.958098591549295,,,,,
"Roethlisberger, Ben",,,19.1,14.325000000000001,23.875,15.0,15.0,0.0,0.0,0.0,0.14516129032258066,12.892500000000002,,,,,
"Stroud, C.J.",QB,Houston,19.0,14.25,23.75,0.0,0.0,0.0,14.0,15.0,0.6866666666666668,12.825000000000001,,,,,
"Kamara, Alvin",RB,New Orleans,18.926470588235293,14.194852941176471,23.658088235294116,15.0,12.0,14.0,13.0,14.0,0.39565217391304347,12.775367647058824,,,,,
"Diggs, Stefon",WR,Houston,18.845070422535212,14.133802816901408,23.556338028169016,16.0,16.0,15.0,16.0,8.0,0.3291666666666667,12.720422535211268,,,,,
"Mayfield, Baker",QB,Tampa Bay,18.73611111111111,14.052083333333332,23.42013888888889,16.0,14.0,11.0,16.0,15.0,0.3986301369863014,12.646875,,,,,
"Achane, De'Von",RB,Miami,18.72,14.04,23.4,0.0,0.0,0.0,10.0,15.0,0.7307692307692307,12.636,,,,,
"Taylor, Jonathan",RB,Indianapolis,18.666666666666668,14.0,23.333333333333336,15.0,16.0,11.0,9.0,12.0,0.36875,12.6,,,,,
"Brown, A.J.",WR,Philadelphia,18.65714285714286,13.992857142857144,23.321428571428573,14.0,12.0,16.0,16.0,12.0,0.38028169014084506,12.59357142857143,,,,,
"Smith, Geno",QB,Seattle,18.58,13.934999999999999,23.224999999999998,1.0,4.0,16.0,14.0,15.0,0.515686274509804,12.5415,,,,,
"Fitzpatrick, Ryan",,,18.5,13.875,23.125,9.0,1.0,0.0,0.0,0.0,0.1,12.4875,,,,,
"Lamb, CeeDee",WR,Dallas,18.358974358974358,13.769230769230768,22.94871794871795,16.0,15.0,16.0,16.0,15.0,0.38987341772151896,12.392307692307691,,,,,
"Carr, Derek",QB,New Orleans,18.356164383561644,13.767123287671232,22.945205479452056,16.0,16.0,15.0,16.0,10.0,0.34729729729729736,12.39041095890411,,,,,
"Rivers, Philip",,,18.3125,13.734375,22.890625,16.0,0.0,0.0,0.0,0.0,0.09411764705882353,12.3609375,,,,,
"Wentz, Carson",QB,Kansas City,18.2972972972973,13.722972972972974,22.87162162162162,12.0,16.0,8.0,0.0,1.0,0.20526315789473687,12.350675675675676,,,,,
"Gibbs, Jahmyr",RB,Detroit,18.24137931034483,13.681034482758623,22.801724137931036,0.0,0.0,0.0,14.0,15.0,0.6866666666666668,12.31293103448276,,,,,
"Flacco, Joe",QB,Indianapolis,18.19047619047619,13.642857142857142,22.738095238095237,5.0,2.0,4.0,5.0,5.0,0.41363636363636364,12.278571428571428,,,,,
"Ryan, Matt",,,18.113636363636363,13.585227272727273,22.642045454545453,16.0,16.0,12.0,0.0,0.0,0.18666666666666668,12.226704545454547,,,,,
"Williams, Caleb",QB,Chicago,18.066666666666666,13.55,22.583333333333332,0.0,0.0,0.0,0.0,15.0,0.9375,12.195,,,,,
"Tannehill, Ryan",,,17.98076923076923,13.485576923076923,22.475961538461537,16.0,16.0,12.0,8.0,0.0,0.21886792452830192,12.137019230769232,,,,,
"Howell, Sam",QB,Seattle,17.941176470588236,13.455882352941178,22.426470588235293,0.0,0.0,0.0,16.0,1.0,0.41111111111111115,12.11029411764706,,,,,
"Barkley, Saquon",RB,Philadelphia,17.896551724137932,13.422413793103448,22.370689655172416,2.0,12.0,16.0,13.0,15.0,0.46779661016949153,12.080172413793104,,,,,
"Fields, Justin",QB,Pittsburgh,17.6734693877551,13.255102040816325,22.091836734693878,0.0,12.0,15.0,12.0,10.0,0.43400000000000005,11.929591836734692,,,,,
"Allen, Keenan",WR,Chicago,17.671875,13.25390625,22.08984375,14.0,15.0,9.0,13.0,13.0,0.38923076923076927,11.928515625000001,,,,,
"Maye, Drake",QB,New England,17.636363636363637,13.227272727272727,22.045454545454547,0.0,0.0,0.0,0.0,11.0,0.9166666666666666,11.904545454545454,,,,,
"Mixon, Joe",RB,Houston,17.53968253968254,13.154761904761905,21.924603174603178,6.0,16.0,13.0,16.0,12.0,0.4078125,11.839285714285715,,,,,
"Kelce, Travis",TE,Kansas City,17.526315789473685,13.144736842105264,21.907894736842106,15.0,15.0,16.0,15.0,15.0,0.3935064935064935,11.830263157894738,,,,,
"Lawrence, Trevor",QB,Jacksonville,17.403508771929825,13.05263157894737,21.75438596491228,0.0,16.0,16.0,15.0,10.0,0.41379310344827586,11.747368421052633,,,,,
"Love, Jordan",QB,Green Bay,17.243243243243242,12.932432432432432,21.554054054054053,0.0,5.0,4.0,16.0,12.0,0.5421052631578948,11.639189189189189,,,,,
"Fuller, Will",,,17.153846153846153,12.865384615384615,21.442307692307693,11.0,2.0,0.0,0.0,0.0,0.10714285714285714,11.578846153846154,,,,,
"Richardson, Anthony",QB,Indianapolis,17.066666666666666,12.8,21.333333333333332,0.0,0.0,0.0,4.0,11.0,0.7875,11.520000000000001,,,,,
"Nabers, Malik",WR,NY Giants,17.0,12.75,21.25,0.0,0.0,0.0,0.0,13.0,0.9285714285714286,11.475,,,,,
"Ekeler, Austin",RB,Washington,17.0,12.75,21.25,10.0,15.0,16.0,13.0,11.0,0.3787878787878788,11.475,,,,,
"Newton, Cam",,,16.863636363636363,12.647727272727273,21.079545454545453,15.0,7.0,0.0,0.0,0.0,0.12608695652173915,11.382954545454547,,,,,
"Evans, Mike",WR,Tampa Bay,16.7972972972973,12.597972972972974,20.99662162162162,16.0,15.0,15.0,16.0,12.0,0.36666666666666664,11.338175675675677,,,,,
"Jacobs, Josh",RB,Green Bay,16.680555555555557,12.510416666666668,20.850694444444446,15.0,14.0,16.0,13.0,14.0,0.38767123287671235,11.259375000000002,,,,,
"Thomas, Brian",WR,Jacksonville,16.666666666666668,12.5,20.833333333333336,0.0,0.0,0.0,0.0,15.0,0.9375,11.25,,,,,
"Brown, Antonio",,,16.666666666666668,12.5,20.833333333333336,8.0,7.0,0.0,0.0,0.0,0.1375,11.25,,,,,
"Robinson, Bijan",RB,Atlanta,16.483870967741936,12.362903225806452,20.60483870967742,0.0,0.0,0.0,16.0,15.0,0.66875,11.126612903225807,,,,,
"Garoppolo, Jimmy",QB,LA Rams,16.43243243243243,12.324324324324323,20.54054054054054,6.0,14.0,11.0,6.0,0.0,0.23947368421052637,11.09189189189189,,,,,
"Williams, Kyren",RB,LA Rams,16.314285714285713,12.235714285714284,20.392857142857142,0.0,0.0,8.0,12.0,15.0,0.6166666666666667,11.012142857142855,,,,,
"Chubb, Nick",RB,Cleveland,16.137254901960784,12.102941176470587,20.17156862745098,12.0,13.0,16.0,2.0,8.0,0.3346153846153846,10.89264705882353,,,,,
"Hall, Breece",RB,NY Jets,16.135135135135137,12.101351351351353,20.16891891891892,0.0,0.0,7.0,16.0,14.0,0.5921052631578947,10.891216216216218,,,,,
"Godwin, Chris",WR,Tampa Bay,16.126984126984127,12.095238095238095,20.158730158730158,12.0,14.0,14.0,16.0,7.0,0.3375,10.885714285714286,,,,,
"Jones, Daniel",QB,NY Giants,16.035087719298247,12.026315789473685,20.04385964912281,14.0,11.0,16.0,6.0,10.0,0.3586206896551724,10.823684210526316,,,,,
"Dobbs, Joshua",QB,San Francisco,16.0,12.0,20.0,1.0,0.0,1.0,13.0,0.0,0.35000000000000003,10.8,,,,,
"Bridgewater, Teddy",,,15.914285714285715,11.935714285714287,19.892857142857142,15.0,14.0,5.0,1.0,0.0,0.17222222222222225,10.74214285714286,,,,,
"Samuel, Deebo",WR,San Francisco,15.885245901639344,11.913934426229508,19.856557377049178,7.0,15.0,12.0,14.0,13.0,0.41774193548387095,10.722540983606557,,,,,
"Higgins, Tee",WR,Cincinnati,15.838709677419354,11.879032258064516,19.798387096774192,14.0,14.0,13.0,11.0,10.0,0.35714285714285715,10.691129032258065,,,,,
"Bowers, Brock",TE,Las Vegas,15.533333333333333,11.65,19.416666666666668,0.0,0.0,0.0,0.0,15.0,0.9375,10.485000000000001,,,,,
"Ridley, Calvin",WR,Tennessee,15.46,11.595,19.325000000000003,14.0,5.0,0.0,16.0,15.0,0.4666666666666667,10.435500000000001,,,,,
"Metcalf, D.K.",WR,Seattle,15.289473684210526,11.467105263157894,19.111842105263158,16.0,16.0,16.0,15.0,13.0,0.37142857142857144,10.320394736842104,,,,,
"Jones, Aaron",RB,Minnesota,15.285714285714286,11.464285714285715,19.107142857142858,14.0,15.0,16.0,10.0,15.0,0.39718309859154927,10.317857142857145,,,,,
"Conner, James",RB,Arizona,15.26865671641791,11.451492537313433,19.08582089552239,13.0,14.0,13.0,12.0,15.0,0.4088235294117647,10.30634328358209,,,,,
"Rice, Rashee",WR,Kansas City,15.210526315789474,11.407894736842106,19.013157894736842,0.0,0.0,0.0,16.0,3.0,0.47000000000000003,10.267105263157896,,,,,
"Montgomery, David",RB,Detroit,15.08695652173913,11.315217391304348,18.858695652173914,15.0,12.0,15.0,13.0,14.0,0.3942857142857143,10.183695652173913,,,,,
"Kittle, George",TE,San Francisco,15.0,11.25,18.75,8.0,13.0,14.0,16.0,13.0,0.4153846153846154,10.125,,,,,
"McLaurin, Terry",WR,Washington,14.93421052631579,11.200657894736842,18.667763157894736,15.0,15.0,16.0,15.0,15.0,0.3935064935064935,10.08059210526316,,,,,
"Moore, D.J.",WR,Chicago,14.91025641025641,11.182692307692308,18.637820512820515,15.0,16.0,16.0,16.0,15.0,0.3911392405063291,10.064423076923077,,,,,
"Hopkins, DeAndre",WR,Tennessee,14.863636363636363,11.147727272727273,18.579545454545453,16.0,10.0,9.0,16.0,15.0,0.4134328358208955,10.032954545454546,,,,,
"Cook, Dalvin",,,14.775862068965518,11.081896551724139,18.469827586206897,14.0,12.0,16.0,14.0,2.0,0.27457627118644073,9.973706896551725,,,,,
"Waddle, Jaylen",WR,Miami,14.724137931034482,11.043103448275861,18.405172413793103,0.0,15.0,16.0,14.0,13.0,0.44745762711864406,9.938793103448276,,,,,
"Browning, Jake",QB,Cincinnati,14.7,11.024999999999999,18.375,0.0,0.0,0.0,8.0,2.0,0.4727272727272727,9.9225,,,,,
"Grayson, Cyril",,,14.666666666666666,11.0,18.333333333333332,0.0,3.0,0.0,0.0,0.0,0.15000000000000002,9.9,,,,,
"Heinicke, Taylor",QB,Atlanta,14.666666666666666,11.0,18.333333333333332,1.0,15.0,9.0,5.0,3.0,0.31764705882352945,9.9,,,,,
"Addison, Jordan",WR,Minnesota,14.642857142857142,10.982142857142858,18.303571428571427,0.0,0.0,0.0,15.0,13.0,0.6551724137931034,9.883928571428573,,,,,
"McConkey, Ladd",WR,LA Chargers,14.5,10.875,18.125,0.0,0.0,0.0,0.0,14.0,0.9333333333333333,9.7875,,,,,
"Wilkerson, Kristian",WR,Las Vegas,14.5,10.875,18.125,0.0,1.0,0.0,0.0,1.0,0.39999999999999997,9.7875,,,,,
"Minshew, Gardner",QB,Las Vegas,14.487804878048781,10.865853658536587,18.109756097560975,9.0,2.0,5.0,15.0,10.0,0.44761904761904764,9.779268292682929,,,,,
"Cooper, Amari",WR,Cleveland,14.438356164383562,10.82876712328767,18.04794520547945,16.0,14.0,16.0,15.0,12.0,0.36756756756756753,9.745890410958904,,,,,
"Darnold, Sam",QB,Minnesota,14.365384615384615,10.774038461538462,17.95673076923077,12.0,11.0,5.0,9.0,15.0,0.44339622641509435,9.696634615384616,,,,,
"Dalton, Andy",QB,Carolina,14.35897435897436,10.76923076923077,17.94871794871795,11.0,7.0,13.0,2.0,6.0,0.32999999999999996,9.692307692307693,,,,,
"Walker, Kenneth",RB,Seattle,14.35897435897436,10.76923076923077,17.94871794871795,0.0,0.0,14.0,14.0,11.0,0.52,9.692307692307693,,,,,
"Smith, DeVonta",WR,Philadelphia,14.288135593220339,10.716101694915254,17.860169491525426,0.0,16.0,15.0,16.0,12.0,0.435,9.64449152542373,,,,,
"Fournette, Leonard",,,14.214285714285714,10.660714285714285,17.767857142857142,12.0,14.0,15.0,1.0,0.0,0.20697674418604653,9.594642857142857,,,,,
"Thielen, Adam",WR,Carolina,14.161764705882353,10.621323529411764,17.702205882352942,15.0,13.0,16.0,16.0,8.0,0.3376811594202898,9.559191176470588,,,,,
"Carson, Chris",,,14.0625,10.546875,17.578125,12.0,4.0,0.0,0.0,0.0,0.11764705882352941,9.4921875,,,,,
"Waller, Darren",,,14.022727272727273,10.517045454545455,17.528409090909093,16.0,10.0,7.0,11.0,0.0,0.22444444444444447,9.46534090909091,,,,,
"Wilson, Garrett",WR,NY Jets,14.02127659574468,10.51595744680851,17.52659574468085,0.0,0.0,16.0,16.0,15.0,0.5458333333333333,9.46436170212766,,,,,
"Mannion, Sean",,,14.0,10.5,17.5,0.0,1.0,0.0,0.0,0.0,0.1,9.450000000000001,,,,,
"Irving, Mar'Keise",RB,Tampa Bay,13.933333333333334,10.45,17.416666666666668,0.0,0.0,0.0,0.0,15.0,0.9375,9.405,,,,,
"Andrews, Mark",TE,Baltimore,13.926470588235293,10.444852941176471,17.408088235294116,14.0,16.0,15.0,10.0,13.0,0.37826086956521743,9.400367647058824,,,,,
"Olave, Chris",WR,New Orleans,13.675675675675675,10.256756756756756,17.094594594594593,0.0,0.0,14.0,15.0,8.0,0.4789473684210526,9.231081081081081,,,,,
"Brown, St.",,,13.617977528089888,10.213483146067416,17.02247191011236,6.0,22.0,28.0,18.0,15.0,0.39555555555555555,9.192134831460674,,,,,
"Aiyuk, Brandon",WR,San Francisco,13.615384615384615,10.211538461538462,17.01923076923077,12.0,15.0,16.0,15.0,7.0,0.3333333333333333,9.190384615384616,,,,,
"Brown, John",,,13.571428571428571,10.178571428571429,16.964285714285715,7.0,0.0,0.0,0.0,0.0,0.08750000000000001,9.160714285714286,,,,,
"Swift, D'Andre",RB,Chicago,13.55072463768116,10.163043478260871,16.93840579710145,13.0,12.0,13.0,16.0,15.0,0.4142857142857143,9.146739130434785,,,,,
"Harris, Najee",RB,Pittsburgh,13.523809523809524,10.142857142857142,16.904761904761905,0.0,16.0,16.0,16.0,15.0,0.459375,9.128571428571428,,,,,
"Flowers, Zay",WR,Baltimore,13.516129032258064,10.137096774193548,16.89516129032258,0.0,0.0,0.0,16.0,15.0,0.66875,9.123387096774193,,,,,
"Lockett, Tyler",WR,Seattle,13.5,10.125,16.875,16.0,15.0,15.0,16.0,14.0,0.38311688311688313,9.1125,,,,,
"Dell, Nathaniel",WR,Houston,13.391304347826088,10.043478260869566,16.73913043478261,0.0,0.0,0.0,10.0,13.0,0.7083333333333334,9.03913043478261,,,,,
"Collins, Nico",WR,Houston,13.391304347826088,10.043478260869566,16.73913043478261,0.0,12.0,10.0,14.0,10.0,0.44680851063829785,9.03913043478261,,,,,
"Reed, Jayden",WR,Green Bay,13.357142857142858,10.017857142857142,16.696428571428573,0.0,0.0,0.0,15.0,13.0,0.6551724137931034,9.01607142857143,,,,,
"Jones, Mac",QB,Jacksonville,13.229166666666666,9.921875,16.536458333333332,0.0,16.0,13.0,11.0,8.0,0.3979591836734694,8.9296875,,,,,
"Johnson, Diontae",WR,Carolina,13.227272727272727,9.920454545454545,16.534090909090907,15.0,15.0,16.0,12.0,8.0,0.32985074626865674,8.92840909090909,,,,,
"Winston, Jameis",QB,Cleveland,13.0,9.75,16.25,3.0,7.0,3.0,6.0,11.0,0.5161290322580645,8.775,,,,,
"Robinson, James",RB,New Orleans,12.974358974358974,9.73076923076923,16.21794871794872,14.0,14.0,10.0,1.0,0.0,0.19,8.757692307692308,,,,,
"Cook, James",RB,Buffalo,12.954545454545455,9.715909090909092,16.19318181818182,0.0,0.0,14.0,16.0,14.0,0.5466666666666667,8.744318181818183,,,,,
"Brown, Marquise",WR,Kansas City,12.944444444444445,9.708333333333334,16.180555555555557,15.0,15.0,11.0,12.0,1.0,0.2472727272727273,8.7375,,,,,
"Etienne, Travis",RB,Jacksonville,12.933333333333334,9.7,16.166666666666668,0.0,0.0,16.0,16.0,13.0,0.5260869565217391,8.73,,,,,
"Davis, Corey",,,12.84375,9.6328125,16.0546875,12.0,9.0,11.0,0.0,0.0,0.19090909090909092,8.66953125,,,,,
"Cooks, Brandin",WR,Dallas,12.75,9.5625,15.9375,14.0,15.0,12.0,15.0,8.0,0.3384615384615385,8.606250000000001,,,,,
"Smith-Njigba, Jaxon",WR,Seattle,12.64516129032258,9.483870967741936,15.806451612903224,0.0,0.0,0.0,16.0,15.0,0.66875,8.535483870967743,,,,,
"Dobbins, J.K.",RB,LA Chargers,12.6,9.45,15.75,15.0,0.0,8.0,1.0,11.0,0.42500000000000004,8.504999999999999,,,,,
"Meyers, Jakobi",WR,Las Vegas,12.573529411764707,9.430147058823529,15.716911764705884,12.0,15.0,13.0,15.0,13.0,0.39275362318840584,8.487132352941176,,,,,
"White, Rachaad",RB,Tampa Bay,12.511111111111111,9.383333333333333,15.63888888888889,0.0,0.0,15.0,16.0,14.0,0.5413043478260869,8.445,,,,,
"Williams, Mike",WR,NY Jets,12.5,9.375,15.625,14.0,15.0,12.0,3.0,10.0,0.34909090909090906,8.4375,,,,,
"Levis, Will",QB,Tennessee,12.45,9.337499999999999,15.5625,0.0,0.0,0.0,9.0,11.0,0.6952380952380952,8.403749999999999,,,,,
"Pickens, George",WR,Pittsburgh,12.44186046511628,9.33139534883721,15.55232558139535,0.0,0.0,15.0,16.0,12.0,0.5204545454545454,8.39825581395349,,,,,
"Stevenson, Rhamondre",RB,New England,12.39622641509434,9.297169811320755,15.495283018867925,0.0,11.0,16.0,12.0,14.0,0.4777777777777778,8.367452830188679,,,,,
"Wilson, Zach",QB,Denver,12.393939393939394,9.295454545454547,15.492424242424242,0.0,12.0,9.0,12.0,0.0,0.2911764705882353,8.365909090909092,,,,,
"Siemian, Trevor",,,12.363636363636363,9.272727272727273,15.454545454545453,0.0,5.0,2.0,4.0,0.0,0.26666666666666666,8.345454545454546,,,,,
"Hockenson, T.J.",TE,Minnesota,12.348484848484848,9.261363636363637,15.435606060606059,16.0,11.0,16.0,15.0,8.0,0.33731343283582094,8.335227272727273,,,,,
"Mariota, Marcus",QB,Washington,12.347826086956522,9.26086956521739,15.434782608695652,1.0,6.0,13.0,1.0,2.0,0.3166666666666667,8.334782608695653,,,,,
"Luton, Jake",,,12.333333333333334,9.25,15.416666666666668,3.0,0.0,0.0,0.0,0.0,0.07500000000000001,8.325000000000001,,,,,
"Pittman, Michael",WR,Indianapolis,12.301369863013699,9.226027397260275,15.376712328767123,13.0,16.0,15.0,15.0,14.0,0.3918918918918919,8.303424657534247,,,,,
"London, Drake",WR,Atlanta,12.244444444444444,9.183333333333334,15.305555555555554,0.0,0.0,16.0,14.0,15.0,0.5521739130434782,8.265,,,,,
"Sutton, Courtland",WR,Denver,12.206896551724139,9.155172413793103,15.258620689655174,1.0,16.0,13.0,14.0,14.0,0.4542372881355932,8.239655172413793,,,,,
"Young, Bryce",QB,Carolina,12.185185185185185,9.13888888888889,15.231481481481481,0.0,0.0,0.0,15.0,12.0,0.6428571428571429,8.225000000000001,,,,,
"Gronkowski, Rob",,,12.12,9.09,15.149999999999999,15.0,10.0,0.0,0.0,0.0,0.1346153846153846,8.181000000000001,,,,,
"LaPorta, Sam",TE,Detroit,12.1,9.075,15.125,0.0,0.0,0.0,16.0,14.0,0.6580645161290322,8.1675,,,,,
"Foles, Nick",,,12.083333333333334,9.0625,15.104166666666668,9.0,1.0,2.0,0.0,0.0,0.13076923076923078,8.15625,,,,,
"BertoletLAC, Taylor",,,12.0,9.0,15.0,0.0,0.0,1.0,0.0,0.0,0.15,8.1,,,,,
"Harrison, Marvin",WR,Arizona,12.0,9.0,15.0,0.0,0.0,0.0,0.0,14.0,0.9333333333333333,8.1,,,,,
"BadgleyDET, Michael",,,12.0,9.0,15.0,0.0,0.0,1.0,0.0,0.0,0.15,8.1,,,,,
"EberleCAR, Dominik",,,12.0,9.0,15.0,0.0,1.0,0.0,0.0,0.0,0.1,8.1,,,,,
"Lock, Drew",QB,NY Giants,11.962962962962964,8.972222222222223,14.953703703703704,13.0,5.0,0.0,4.0,5.0,0.3178571428571429,8.075000000000001,,,,,
"Kirk, Christian",WR,Jacksonville,11.924242424242424,8.943181818181818,14.90530303030303,14.0,16.0,16.0,12.0,8.0,0.3313432835820896,8.048863636363636,,,,,
"Thomas, Michael",,,11.894736842105264,8.921052631578949,14.868421052631579,7.0,0.0,3.0,9.0,0.0,0.26,8.028947368421054,,,,,
"Pollard, Tony",RB,Tennessee,11.805194805194805,8.853896103896105,14.756493506493506,16.0,15.0,15.0,16.0,15.0,0.391025641025641,7.968506493506495,,,,,
"Robinson, Brian",RB,Washington,11.763157894736842,8.822368421052632,14.703947368421053,0.0,0.0,12.0,14.0,12.0,0.5435897435897435,7.940131578947369,,,,,
"DeVito, Tommy",QB,NY Giants,11.7,8.774999999999999,14.625,0.0,0.0,0.0,8.0,2.0,0.4727272727272727,7.897499999999999,,,,,
"Brown, Chase",RB,Cincinnati,11.541666666666666,8.65625,14.427083333333332,0.0,0.0,0.0,9.0,15.0,0.7440000000000001,7.790625,,,,,
"Jeudy, Jerry",WR,Cleveland,11.530303030303031,8.647727272727273,14.412878787878789,15.0,8.0,13.0,15.0,15.0,0.417910447761194,7.782954545454547,,,,,
"Mostert, Raheem",RB,Miami,11.52,8.64,14.399999999999999,8.0,1.0,15.0,15.0,11.0,0.4411764705882353,7.776000000000001,,,,,
"Mills, Davis",QB,Houston,11.5,8.625,14.375,0.0,12.0,14.0,4.0,2.0,0.30909090909090914,7.7625,,,,,
"WrightTEN, Matthew",,,11.5,8.625,14.375,0.0,0.0,0.0,0.0,4.0,0.8,7.7625,,,,,
"Gilbert, Garrett",,,11.5,8.625,14.375,1.0,1.0,0.0,0.0,0.0,0.10000000000000002,7.7625,,,,,
"Goedert, Dallas",TE,Philadelphia,11.473684210526315,8.605263157894736,14.342105263157894,11.0,15.0,11.0,12.0,8.0,0.3482758620689655,7.7447368421052625,,,,,
"Connell, O'",,,11.470588235294118,8.602941176470589,14.338235294117647,0.0,0.0,0.0,10.0,7.0,0.6111111111111112,7.74264705882353,,,,,
"Rudolph, Mason",QB,Tennessee,11.466666666666667,8.6,14.333333333333334,4.0,2.0,0.0,3.0,6.0,0.5,7.74,,,,,
"Smith, Alex",,,11.375,8.53125,14.21875,8.0,0.0,0.0,0.0,0.0,0.08888888888888889,7.6781250000000005,,,,,
"Beasley, Cole",,,11.352941176470589,8.514705882352942,14.191176470588236,15.0,15.0,4.0,0.0,0.0,0.16285714285714287,7.663235294117648,,,,,
"SeibertWAS, Austin",,,11.333333333333334,8.5,14.166666666666668,0.0,0.0,0.0,0.0,9.0,0.9,7.65,,,,,
"McBride, Trey",TE,Arizona,11.263157894736842,8.447368421052632,14.078947368421053,0.0,0.0,8.0,16.0,14.0,0.5846153846153846,7.602631578947369,,,,,
"Gage, Russell",,,11.157894736842104,8.368421052631579,13.94736842105263,16.0,10.0,12.0,0.0,0.0,0.1846153846153846,7.531578947368421,,,,,
"Haskins, Dwayne",,,11.142857142857142,8.357142857142858,13.928571428571427,7.0,0.0,0.0,0.0,0.0,0.08750000000000001,7.521428571428572,,,,,
"Tracy, Tyrone",RB,NY Giants,11.133333333333333,8.35,13.916666666666666,0.0,0.0,0.0,0.0,15.0,0.9375,7.515,,,,,
"Elliott, Ezekiel",RB,Dallas,11.066666666666666,8.3,13.833333333333332,15.0,16.0,14.0,16.0,14.0,0.3855263157894737,7.470000000000001,,,,,
"VizcainoBUF, Tristan",,,11.0,8.25,13.75,1.0,0.0,0.0,0.0,0.0,0.05,7.425,,,,,
"Stick, Easton",QB,LA Chargers,11.0,8.25,13.75,1.0,0.0,0.0,4.0,0.0,0.2833333333333334,7.425,,,,,
"Downs, Josh",WR,Indianapolis,10.928571428571429,8.196428571428571,13.660714285714286,0.0,0.0,0.0,16.0,12.0,0.6344827586206896,7.376785714285714,,,,,
"Fulgham, Travis",,,10.909090909090908,8.181818181818182,13.636363636363635,11.0,0.0,0.0,0.0,0.0,0.09166666666666667,7.363636363636363,,,,,
"Gordon, Melvin",,,10.883720930232558,8.162790697674419,13.604651162790697,15.0,15.0,10.0,3.0,0.0,0.19772727272727272,7.3465116279069775,,,,,
"Glennon, Mike",,,10.818181818181818,8.113636363636363,13.522727272727273,5.0,6.0,0.0,0.0,0.0,0.1416666666666667,7.302272727272727,,,,,
"Watson, Christian",WR,Green Bay,10.787878787878787,8.09090909090909,13.484848484848484,0.0,0.0,13.0,9.0,11.0,0.5441176470588235,7.281818181818181,,,,,
"Wright, Matthew",K,Pittsburgh,10.75,8.0625,13.4375,0.0,0.0,4.0,0.0,0.0,0.24,7.2562500000000005,,,,,
"Jones, Marvin",,,10.708333333333334,8.03125,13.385416666666668,16.0,16.0,13.0,3.0,0.0,0.20204081632653065,7.228125,,,,,
"Pacheco, Isiah",RB,Kansas City,10.694444444444445,8.020833333333334,13.368055555555555,0.0,0.0,16.0,14.0,6.0,0.4432432432432432,7.218750000000001,,,,,
"Hubbard, Chuba",RB,Carolina,10.689655172413794,8.017241379310345,13.362068965517242,0.0,15.0,12.0,16.0,15.0,0.4745762711864407,7.2155172413793105,,,,,
"Gaskin, Myles",RB,Minnesota,10.633333333333333,7.975,13.291666666666666,10.0,16.0,2.0,0.0,2.0,0.21935483870967742,7.1775,,,,,
"Sanders, Emmanuel",,,10.62962962962963,7.972222222222222,13.287037037037038,14.0,13.0,0.0,0.0,0.0,0.14285714285714285,7.175,,,,,
"Landry, Jarvis",,,10.588235294117647,7.9411764705882355,13.235294117647058,15.0,11.0,8.0,0.0,0.0,0.17428571428571427,7.147058823529412,,,,,
"Davis, Gabriel",WR,Jacksonville,10.524590163934427,7.89344262295082,13.155737704918034,14.0,12.0,14.0,12.0,9.0,0.35161290322580646,7.104098360655739,,,,,
"Ridder, Desmond",QB,Arizona,10.523809523809524,7.892857142857142,13.154761904761905,0.0,0.0,3.0,14.0,4.0,0.4772727272727273,7.103571428571429,,,,,
"Williams, Jameson",WR,Detroit,10.5,7.875,13.125,0.0,0.0,2.0,11.0,13.0,0.6666666666666666,7.0875,,,,,
"Mullens, Nick",QB,Minnesota,10.409090909090908,7.806818181818182,13.011363636363635,10.0,1.0,3.0,4.0,4.0,0.33478260869565213,7.026136363636364,,,,,
"Ford, Jerome",RB,Cleveland,10.387096774193548,7.790322580645161,12.983870967741936,0.0,0.0,2.0,16.0,13.0,0.625,7.011290322580645,,,,,
"Gurley, Todd",,,10.333333333333334,7.75,12.916666666666668,15.0,0.0,0.0,0.0,0.0,0.09375,6.9750000000000005,,,,,
"Worthy, Xavier",WR,Kansas City,10.266666666666667,7.700000000000001,12.833333333333334,0.0,0.0,0.0,0.0,15.0,0.9375,6.9300000000000015,,,,,
"Taylor, Tyrod",QB,NY Jets,10.263157894736842,7.697368421052632,12.828947368421053,1.0,6.0,2.0,9.0,1.0,0.325,6.927631578947369,,,,,
"Claypool, Chase",WR,Buffalo,10.26086956521739,7.695652173913043,12.826086956521738,16.0,14.0,12.0,4.0,0.0,0.20425531914893616,6.926086956521739,,,,,
"Aubrey, Brandon",K,Dallas,10.25,7.6875,12.8125,0.0,0.0,0.0,16.0,0.0,0.3764705882352941,6.91875,,,,,
"Hunt, Kareem",,,10.242424242424242,7.681818181818182,12.803030303030303,16.0,8.0,16.0,14.0,12.0,0.382089552238806,6.913636363636364,,,,,
"Williams, Javonte",RB,Denver,10.2,7.6499999999999995,12.75,0.0,16.0,4.0,15.0,15.0,0.49803921568627446,6.885,,,,,
"Mooney, Darnell",WR,Atlanta,10.173913043478262,7.630434782608696,12.717391304347828,16.0,16.0,11.0,12.0,14.0,0.38428571428571434,6.8673913043478265,,,,,
"Shaheed, Rashid",WR,New Orleans,10.172413793103448,7.629310344827586,12.71551724137931,0.0,0.0,10.0,14.0,5.0,0.45333333333333337,6.866379310344827,,,,,
"Edelman, Julian",,,10.166666666666666,7.625,12.708333333333332,6.0,0.0,0.0,0.0,0.0,0.08571428571428573,6.8625,,,,,
"Trubisky, Mitchell",QB,Buffalo,10.125,7.59375,12.65625,10.0,4.0,7.0,5.0,6.0,0.3606060606060606,6.8343750000000005,,,,,
"Smith-Schuster, JuJu",WR,New England,10.11111111111111,7.583333333333333,12.63888888888889,16.0,5.0,15.0,11.0,7.0,0.33636363636363636,6.825,,,,,
"Boyd, Tyler",WR,Tennessee,10.094594594594595,7.570945945945946,12.618243243243244,14.0,16.0,14.0,16.0,14.0,0.38933333333333336,6.813851351351351,,,,,
"Harris, Damien",,,10.075,7.5562499999999995,12.59375,10.0,14.0,10.0,6.0,0.0,0.22439024390243906,6.800624999999999,,,,,
"Parker, DeVante",,,10.0,7.5,12.5,13.0,8.0,9.0,12.0,0.0,0.24186046511627907,6.75,,,,,
"FryCIN, Elliott",,,10.0,7.5,12.5,0.0,1.0,0.0,0.0,0.0,0.1,6.75,,,,,
"Zappe, Bailey",QB,New England,10.0,7.5,12.5,0.0,0.0,4.0,9.0,0.0,0.34285714285714286,6.75,,,,,
"RomoNE, Parker",,,10.0,7.5,12.5,0.0,0.0,0.0,0.0,4.0,0.8,6.75,,,,,
"Crowder, Jamison",WR,Washington,9.942857142857143,7.457142857142857,12.428571428571429,12.0,11.0,4.0,5.0,3.0,0.2666666666666667,6.711428571428572,,,,,
"McKissic, J.D.",,,9.914285714285715,7.435714285714286,12.392857142857142,16.0,11.0,8.0,0.0,0.0,0.17222222222222222,6.692142857142858,,,,,
"Gibson, Antonio",RB,New England,9.905405405405405,7.429054054054054,12.381756756756756,14.0,15.0,15.0,15.0,15.0,0.39866666666666667,6.686148648648649,,,,,
"Chark, D.J.",WR,LA Chargers,9.897435897435898,7.423076923076923,12.371794871794872,13.0,3.0,8.0,13.0,2.0,0.2875,6.680769230769231,,,,,
"AubreyDAL, Brandon",,,9.875,7.40625,12.34375,0.0,0.0,0.0,0.0,16.0,0.9411764705882353,6.665625,,,,,
"Hansen, Chad",,,9.8,7.3500000000000005,12.25,5.0,0.0,0.0,0.0,0.0,0.08333333333333333,6.615,,,,,
"Doubs, Romeo",WR,Green Bay,9.789473684210526,7.342105263157894,12.236842105263158,0.0,0.0,11.0,16.0,11.0,0.5307692307692308,6.607894736842105,,,,,
"Engram, Evan",TE,Jacksonville,9.774647887323944,7.330985915492958,12.21830985915493,16.0,14.0,16.0,16.0,9.0,0.3416666666666667,6.597887323943662,,,,,
"Golladay, Kenny",,,9.764705882352942,7.3235294117647065,12.205882352941178,4.0,11.0,2.0,0.0,0.0,0.17777777777777778,6.591176470588236,,,,,
"Njoku, David",TE,Cleveland,9.761904761904763,7.321428571428572,12.202380952380953,10.0,13.0,13.0,16.0,11.0,0.3890625,6.589285714285715,,,,,
"Edwards-Helaire, Clyde",RB,Kansas City,9.76086956521739,7.320652173913043,12.201086956521738,13.0,10.0,9.0,14.0,0.0,0.2468085106382979,6.5885869565217385,,,,,
"Hill, Taysom",QB,New Orleans,9.723076923076922,7.292307692307691,12.153846153846153,16.0,11.0,15.0,15.0,8.0,0.3378787878787879,6.563076923076922,,,,,
"Mitchell, Keaton",RB,Baltimore,9.714285714285714,7.285714285714285,12.142857142857142,0.0,0.0,0.0,7.0,0.0,0.35000000000000003,6.557142857142856,,,,,
"Pickett, Kenny",QB,Philadelphia,9.642857142857142,7.232142857142857,12.053571428571427,0.0,0.0,12.0,12.0,4.0,0.42758620689655175,6.508928571428571,,,,,
"Sanders, Miles",RB,Carolina,9.584615384615384,7.188461538461539,11.98076923076923,12.0,12.0,16.0,15.0,10.0,0.3696969696969697,6.469615384615385,,,,,
"Patrick, Tim",WR,Denver,9.575,7.1812499999999995,11.96875,14.0,15.0,0.0,0.0,11.0,0.375609756097561,6.463125,,,,,
"White, Mike",QB,Miami,9.571428571428571,7.178571428571429,11.964285714285714,0.0,4.0,4.0,6.0,0.0,0.29333333333333333,6.460714285714286,,,,,
"Woods, Robert",WR,Houston,9.564516129032258,7.173387096774194,11.955645161290322,16.0,9.0,15.0,13.0,9.0,0.3507936507936508,6.456048387096775,,,,,
"Schultz, Dalton",TE,Houston,9.561643835616438,7.171232876712329,11.952054794520548,16.0,16.0,12.0,14.0,15.0,0.3918918918918919,6.454109589041097,,,,,
"Odunze, Rome",WR,Chicago,9.533333333333333,7.15,11.916666666666666,0.0,0.0,0.0,0.0,15.0,0.9375,6.4350000000000005,,,,,
"Coleman, Keon",WR,Buffalo,9.5,7.125,11.875,0.0,0.0,0.0,0.0,10.0,0.9090909090909091,6.4125000000000005,,,,,
"Chosen, Robbie",,,9.5,7.125,11.875,16.0,15.0,9.0,3.0,1.0,0.2111111111111111,6.4125000000000005,,,,,
"McLaughlinIND, Chase",,,9.5,7.125,11.875,0.0,0.0,4.0,0.0,0.0,0.24,6.4125000000000005,,,,,
"Robinson, Allen",WR,NY Giants,9.461538461538462,7.096153846153847,11.826923076923077,16.0,11.0,10.0,13.0,2.0,0.2641509433962264,6.386538461538462,,,,,
"Samuel, Curtis",WR,Buffalo,9.459016393442623,7.0942622950819665,11.823770491803279,15.0,4.0,16.0,15.0,11.0,0.38870967741935486,6.38483606557377,,,,,
"Lazard, Allen",WR,NY Jets,9.446428571428571,7.084821428571429,11.808035714285714,10.0,13.0,14.0,10.0,9.0,0.3649122807017544,6.376339285714286,,,,,
"Singletary, Devin",RB,NY Giants,9.4,7.050000000000001,11.75,16.0,16.0,15.0,15.0,13.0,0.37236842105263157,6.345000000000001,,,,,
"Coker, Jalen",WR,Carolina,9.375,7.03125,11.71875,0.0,0.0,0.0,0.0,8.0,0.8888888888888888,6.328125,,,,,
"Jones, Julio",,,9.352941176470589,7.014705882352942,11.691176470588236,9.0,8.0,10.0,7.0,0.0,0.23714285714285716,6.313235294117648,,,,,
"Drake, Kenyan",,,9.35,7.012499999999999,11.6875,15.0,12.0,11.0,2.0,0.0,0.1951219512195122,6.311249999999999,,,,,
"Mitchell, Elijah",RB,San Francisco,9.333333333333334,7.0,11.666666666666668,0.0,10.0,4.0,10.0,0.0,0.28800000000000003,6.3,,,,,
"Hilton, T.Y.",,,9.307692307692308,6.980769230769232,11.634615384615385,15.0,9.0,2.0,0.0,0.0,0.14444444444444443,6.282692307692309,,,,,
"Henderson, Darrell",,,9.292682926829269,6.969512195121951,11.615853658536587,15.0,12.0,10.0,4.0,0.0,0.20238095238095238,6.272560975609756,,,,,
"Rattler, Spencer",QB,New Orleans,9.25,6.9375,11.5625,0.0,0.0,0.0,0.0,4.0,0.8,6.24375,,,,,
"Shakir, Khalil",WR,Buffalo,9.242424242424242,6.931818181818182,11.553030303030303,0.0,0.0,6.0,13.0,14.0,0.6176470588235294,6.238636363636363,,,,,
"Maher, Brett",,,9.235294117647058,6.9264705882352935,11.544117647058822,0.0,0.0,10.0,7.0,0.0,0.32222222222222224,6.233823529411764,,,,,
"DickerLAC, Cameron",,,9.235294117647058,6.9264705882352935,11.544117647058822,0.0,0.0,1.0,0.0,16.0,0.9055555555555556,6.233823529411764,,,,,
"Davis, Mike",,,9.228571428571428,6.921428571428571,11.535714285714285,14.0,16.0,5.0,0.0,0.0,0.16944444444444445,6.229285714285714,,,,,
"Coutee, Keke",,,9.2,6.8999999999999995,11.5,8.0,1.0,1.0,0.0,0.0,0.11818181818181818,6.21,,,,,
"MaherDAL, Brett",,,9.166666666666666,6.875,11.458333333333332,0.0,0.0,6.0,0.0,0.0,0.2571428571428571,6.1875,,,,,
"ReichardMIN, Will",,,9.166666666666666,6.875,11.458333333333332,0.0,0.0,0.0,0.0,12.0,0.9230769230769231,6.1875,,,,,
"Gould, Robbie",,,9.1,6.824999999999999,11.375,0.0,0.0,10.0,0.0,0.0,0.2727272727272727,6.142499999999999,,,,,
"Kraft, Tucker",TE,Green Bay,9.090909090909092,6.818181818181818,11.363636363636365,0.0,0.0,0.0,9.0,13.0,0.7217391304347827,6.136363636363637,,,,,
"Renfrow, Hunter",,,9.076923076923077,6.8076923076923075,11.346153846153847,16.0,16.0,9.0,11.0,0.0,0.22452830188679246,6.1269230769230765,,,,,
"McLaughlinTB, Chase",,,9.0625,6.796875,11.328125,0.0,0.0,0.0,0.0,16.0,0.9411764705882353,6.1171875,,,,,
"Johnson, David",,,9.037037037037036,6.777777777777777,11.296296296296296,12.0,12.0,3.0,0.0,0.0,0.16071428571428573,6.1,,,,,
"Walker, Devontez",WR,Baltimore,9.0,6.75,11.25,0.0,0.0,0.0,0.0,1.0,0.5,6.075,,,,,
"WrightKC, Matthew",,,9.0,6.75,11.25,0.0,0.0,2.0,0.0,0.0,0.19999999999999998,6.075,,,,,
"Whittington, Jordan",WR,LA Rams,9.0,6.75,11.25,0.0,0.0,0.0,0.0,4.0,0.8,6.075,,,,,
"Henry, Hunter",TE,New England,9.0,6.75,11.25,14.0,15.0,14.0,12.0,15.0,0.4,6.075,,,,,
"Blankenship, Rodrigo",,,9.0,6.75,11.25,0.0,0.0,1.0,0.0,0.0,0.15,6.075,,,,,
"Gallup, Michael",,,9.0,6.75,11.25,15.0,9.0,12.0,14.0,0.0,0.24509803921568626,6.075,,,,,
"Vizcaino, Tristan",,,9.0,6.75,11.25,0.0,0.0,1.0,0.0,0.0,0.15,6.075,,,,,
"Shudak, Caleb",,,9.0,6.75,11.25,0.0,0.0,1.0,0.0,0.0,0.15,6.075,,,,,
"Penny, Rashaad",,,8.947368421052632,6.710526315789474,11.18421052631579,3.0,9.0,5.0,2.0,0.0,0.22000000000000003,6.039473684210527,,,,,
"Hopkins, Dustin",K,Cleveland,8.933333333333334,6.7,11.166666666666668,0.0,0.0,0.0,15.0,0.0,0.375,6.03,,,,,
"Pitts, Kyle",TE,Atlanta,8.872727272727273,6.654545454545454,11.090909090909092,0.0,16.0,10.0,16.0,13.0,0.4571428571428572,5.989090909090909,,,,,
"Ertz, Zach",TE,Washington,8.830508474576272,6.622881355932204,11.038135593220339,11.0,16.0,10.0,7.0,15.0,0.41833333333333333,5.960593220338984,,,,,
"CarlsonLV, Daniel",,,8.830188679245284,6.622641509433963,11.037735849056604,16.0,16.0,5.0,0.0,16.0,0.412962962962963,5.960377358490567,,,,,
"Robinson, Wan'Dale",WR,NY Giants,8.82857142857143,6.621428571428572,11.035714285714286,0.0,0.0,6.0,14.0,15.0,0.6222222222222222,5.9592857142857145,,,,,
"BatesDET, Jake",,,8.8125,6.609375,11.015625,0.0,0.0,0.0,0.0,16.0,0.9411764705882353,5.9484375,,,,,
"Thomas, Logan",TE,San Francisco,8.808510638297872,6.606382978723404,11.01063829787234,16.0,5.0,11.0,15.0,0.0,0.24791666666666667,5.945744680851063,,,,,
"McMillan, Jalen",WR,Tampa Bay,8.8,6.6000000000000005,11.0,0.0,0.0,0.0,0.0,10.0,0.9090909090909091,5.94,,,,,
"Freiermuth, Pat",TE,Pittsburgh,8.796296296296296,6.597222222222221,10.99537037037037,0.0,15.0,14.0,10.0,15.0,0.4763636363636364,5.937499999999999,,,,,
"Wilson, Jeffery",RB,Miami,8.71111111111111,6.533333333333333,10.888888888888888,11.0,6.0,15.0,8.0,5.0,0.32608695652173914,5.88,,,,,
"Brissett, Jacoby",QB,New England,8.707317073170731,6.530487804878049,10.884146341463413,10.0,9.0,14.0,2.0,6.0,0.32857142857142857,5.8774390243902435,,,,,
"BoswellPIT, Chris",,,8.705882352941176,6.529411764705882,10.88235294117647,13.0,16.0,6.0,0.0,16.0,0.4288461538461539,5.876470588235295,,,,,
"Huntley, Tyler",QB,Cleveland,8.65,6.487500000000001,10.8125,2.0,6.0,5.0,4.0,3.0,0.35714285714285715,5.838750000000001,,,,,
"Gesicki, Mike",TE,Cincinnati,8.636363636363637,6.4772727272727275,10.795454545454547,14.0,14.0,13.0,12.0,13.0,0.38656716417910447,5.829545454545455,,,,,
"Shepard, Sterling",WR,Tampa Bay,8.634146341463415,6.475609756097562,10.792682926829269,12.0,7.0,3.0,7.0,12.0,0.4357142857142857,5.828048780487806,,,,,
"LutzDEN, Wil",,,8.625,6.46875,10.78125,0.0,0.0,0.0,0.0,16.0,0.9411764705882353,5.821875,,,,,
"Tucker, Justin",K,Baltimore,8.615384615384615,6.461538461538462,10.769230769230768,0.0,0.0,10.0,16.0,0.0,0.34814814814814815,5.815384615384616,,,,,
"Green, A.J.",DB,Minnesota,8.6,6.449999999999999,10.75,11.0,15.0,9.0,0.0,0.0,0.18888888888888886,5.805,,,,,
"Palmer, Josh",WR,LA Chargers,8.58,6.4350000000000005,10.725,0.0,13.0,14.0,9.0,14.0,0.4784313725490196,5.791500000000001,,,,,
"Bateman, Rashod",WR,Baltimore,8.568181818181818,6.426136363636363,10.710227272727273,0.0,10.0,5.0,15.0,14.0,0.5222222222222223,5.783522727272727,,,,,
"Beckham, Jr.",,,8.567567567567568,6.425675675675676,10.70945945945946,6.0,13.0,0.0,13.0,5.0,0.3526315789473684,5.783108108108109,,,,,
"Bourne, Kendrick",WR,New England,8.55,6.4125000000000005,10.6875,14.0,16.0,13.0,8.0,9.0,0.33934426229508197,5.77125,,,,,
"Pierce, Alec",WR,Indianapolis,8.5,6.375,10.625,0.0,0.0,11.0,15.0,12.0,0.5461538461538462,5.7375,,,,,
"Wilson, Michael",WR,Arizona,8.5,6.375,10.625,0.0,0.0,0.0,10.0,14.0,0.72,5.7375,,,,,
"Kincaid, Dalton",TE,Buffalo,8.5,6.375,10.625,0.0,0.0,0.0,14.0,12.0,0.6518518518518519,5.7375,,,,,
"Wesley, Antoine",,,8.5,6.375,10.625,0.0,6.0,0.0,0.0,0.0,0.17142857142857146,5.7375,,,,,
"Osborn, K.J.",WR,New England,8.479166666666666,6.359375,10.598958333333332,0.0,15.0,15.0,14.0,4.0,0.3489795918367347,5.7234375,,,,,
"Moore, Elijah",WR,Cleveland,8.452830188679245,6.339622641509434,10.566037735849056,0.0,10.0,12.0,16.0,15.0,0.5,5.705660377358491,,,,,
"Higbee, Tyler",TE,LA Rams,8.431034482758621,6.323275862068966,10.538793103448276,15.0,14.0,14.0,14.0,1.0,0.2559322033898305,5.69094827586207,,,,,
"Myers, Jason",K,Seattle,8.423076923076923,6.3173076923076925,10.528846153846153,0.0,0.0,10.0,16.0,0.0,0.34814814814814815,5.6855769230769235,,,,,
"Smith, Jonnu",TE,Miami,8.415384615384616,6.311538461538461,10.51923076923077,14.0,14.0,10.0,13.0,14.0,0.39999999999999997,5.680384615384615,,,,,
"Kmet, Cole",TE,Chicago,8.411764705882353,6.3088235294117645,10.514705882352942,11.0,16.0,14.0,14.0,13.0,0.39275362318840584,5.677941176470588,,,,,
"Lance, Trey",QB,Dallas,8.4,6.300000000000001,10.5,0.0,6.0,2.0,0.0,2.0,0.34545454545454546,5.670000000000001,,,,,
"Cook, Jared",,,8.392857142857142,6.294642857142857,10.491071428571427,13.0,15.0,0.0,0.0,0.0,0.1482758620689655,5.665178571428571,,,,,
"Slayton, Darius",WR,NY Giants,8.378787878787879,6.284090909090909,10.473484848484848,15.0,9.0,13.0,16.0,13.0,0.3970149253731344,5.655681818181819,,,,,
"TuckerBAL, Justin",,,8.351851851851851,6.263888888888888,10.439814814814813,16.0,16.0,6.0,0.0,16.0,0.41090909090909095,5.637499999999999,,,,,
"Dillon, AJ",RB,Green Bay,8.339285714285714,6.254464285714285,10.424107142857142,9.0,16.0,16.0,15.0,0.0,0.2614035087719298,5.629017857142856,,,,,
"Means, Jerrod",WR,New Orleans,8.333333333333334,6.25,10.416666666666668,0.0,0.0,0.0,0.0,3.0,0.75,5.625,,,,,
"RylandARI, Chad",,,8.333333333333334,6.25,10.416666666666668,0.0,0.0,0.0,0.0,12.0,0.9230769230769231,5.625,,,,,
"McManusGB, Brandon",,,8.3,6.2250000000000005,10.375,0.0,0.0,0.0,0.0,10.0,0.9090909090909091,5.602500000000001,,,,,
"Ruggs, Henry",,,8.3,6.2250000000000005,10.375,13.0,7.0,0.0,0.0,0.0,0.1285714285714286,5.602500000000001,,,,,
"GayLA, Matt",,,8.275862068965518,6.206896551724139,10.344827586206897,7.0,16.0,6.0,0.0,0.0,0.19,5.586206896551725,,,,,
"Ebron, Eric",,,8.25,6.1875,10.3125,14.0,6.0,0.0,0.0,0.0,0.12380952380952384,5.5687500000000005,,,,,
"Jones, II",,,8.242424242424242,6.181818181818182,10.303030303030303,14.0,15.0,4.0,0.0,0.0,0.1647058823529412,5.5636363636363635,,,,,
"Vele, Devaughn",WR,Denver,8.2,6.1499999999999995,10.25,0.0,0.0,0.0,0.0,10.0,0.9090909090909091,5.534999999999999,,,,,
"Graham, Jimmy",,,8.192307692307692,6.144230769230768,10.240384615384615,14.0,8.0,0.0,4.0,0.0,0.17037037037037037,5.529807692307692,,,,,
"Valdes-Scantling, Marquez",WR,Buffalo,8.175438596491228,6.131578947368421,10.219298245614034,13.0,9.0,14.0,13.0,8.0,0.35344827586206895,5.518421052631579,,,,,
"Peoples-Jones, Donovan",WR,Detroit,8.170731707317072,6.128048780487804,10.213414634146341,6.0,12.0,15.0,8.0,0.0,0.25476190476190474,5.515243902439024,,,,,
"Freeman, Devonta",,,8.15,6.112500000000001,10.1875,5.0,15.0,0.0,0.0,0.0,0.16666666666666666,5.501250000000001,,,,,
"Agholor, Nelson",WR,Baltimore,8.147540983606557,6.110655737704918,10.184426229508198,15.0,13.0,10.0,12.0,11.0,0.3693548387096774,5.4995901639344265,,,,,
"McKinnon, Jerick",,,8.145833333333334,6.109375,10.182291666666668,14.0,6.0,16.0,12.0,0.0,0.2489795918367347,5.4984375000000005,,,,,
"ZuerleinDAL, Greg",,,8.133333333333333,6.1,10.166666666666666,16.0,14.0,0.0,0.0,0.0,0.14193548387096774,5.49,,,,,
"Charbonnet, Zach",RB,Seattle,8.133333333333333,6.1,10.166666666666666,0.0,0.0,0.0,15.0,15.0,0.6774193548387096,5.49,,,,,
"Zuerlein, Greg",K,NY Jets,8.130434782608695,6.0978260869565215,10.16304347826087,0.0,0.0,10.0,13.0,0.0,0.3416666666666666,5.488043478260869,,,,,
"BassBUF, Tyler",,,8.12962962962963,6.097222222222222,10.162037037037038,16.0,16.0,6.0,0.0,16.0,0.41090909090909095,5.4875,,,,,
"KooATL, Younghoe",,,8.098039215686274,6.073529411764706,10.122549019607842,15.0,16.0,6.0,0.0,14.0,0.3942307692307692,5.466176470588235,,,,,
"BlankenshipIND, Rodrigo",,,8.095238095238095,6.071428571428571,10.119047619047619,16.0,5.0,0.0,0.0,0.0,0.11818181818181818,5.464285714285714,,,,,
"Fairbairn, Ka'imi",K,Houston,8.090909090909092,6.068181818181818,10.113636363636365,0.0,0.0,11.0,11.0,0.0,0.3347826086956522,5.461363636363637,,,,,
"McPhersonCIN, Evan",,,8.058823529411764,6.044117647058823,10.073529411764707,0.0,16.0,6.0,0.0,12.0,0.4857142857142857,5.439705882352941,,,,,
"Reynolds, Josh",WR,Denver,8.055555555555555,6.041666666666666,10.069444444444445,16.0,8.0,11.0,15.0,4.0,0.3,5.4375,,,,,
"FairbairnHOU, Ka'imi",,,8.043478260869565,6.032608695652174,10.054347826086955,16.0,10.0,5.0,0.0,15.0,0.4276595744680851,5.429347826086957,,,,,
"Edwards, Gus",RB,LA Chargers,8.03921568627451,6.029411764705882,10.049019607843137,16.0,0.0,8.0,16.0,11.0,0.4115384615384615,5.426470588235294,,,,,
"Douglas, Demario",WR,New England,8.037037037037036,6.027777777777777,10.046296296296296,0.0,0.0,0.0,13.0,14.0,0.6857142857142857,5.424999999999999,,,,,
"Moss, Zack",RB,Cincinnati,8.017241379310345,6.012931034482759,10.021551724137932,13.0,12.0,12.0,13.0,8.0,0.3474576271186441,5.411637931034483,,,,,
"White, James",,,8.0,6.0,10.0,14.0,3.0,0.0,0.0,0.0,0.1111111111111111,5.4,,,,,
"Gay, Matt",K,Indianapolis,8.0,6.0,10.0,0.0,0.0,10.0,16.0,0.0,0.34814814814814815,5.4,,,,,
"SandersMIA, Jason",,,8.0,6.0,10.0,16.0,15.0,6.0,0.0,16.0,0.4148148148148148,5.4,,,,,
"Legette, Xavier",WR,Carolina,8.0,6.0,10.0,0.0,0.0,0.0,0.0,13.0,0.9285714285714286,5.4,,,,,
"Dotson, Jahan",WR,Washington,7.96969696969697,5.9772727272727275,9.962121212121213,0.0,0.0,10.0,13.0,10.0,0.5352941176470588,5.379545454545455,,,,,
"Jones, Zay",WR,Arizona,7.959183673469388,5.969387755102041,9.948979591836736,10.0,14.0,15.0,7.0,3.0,0.28200000000000003,5.372448979591836,,,,,
"Rush, Cooper",QB,Dallas,7.925925925925926,5.944444444444445,9.907407407407407,0.0,3.0,7.0,6.0,11.0,0.5750000000000001,5.3500000000000005,,,,,
"Johnston, Quentin",WR,LA Chargers,7.925925925925926,5.944444444444445,9.907407407407407,0.0,0.0,0.0,15.0,12.0,0.6428571428571429,5.3500000000000005,,,,,
"Dicker, Cameron",K,LA Chargers,7.92,5.9399999999999995,9.9,0.0,0.0,9.0,16.0,0.0,0.35,5.346,,,,,
"Foreman, D'Onta",RB,Cleveland,7.888888888888889,5.916666666666667,9.86111111111111,5.0,8.0,15.0,9.0,8.0,0.39565217391304347,5.325,,,,,
"Warren, Jaylen",RB,Pittsburgh,7.886363636363637,5.9147727272727275,9.857954545454547,0.0,0.0,15.0,16.0,13.0,0.5311111111111111,5.3232954545454545,,,,,
"Elliott, Jake",K,Philadelphia,7.884615384615385,5.913461538461538,9.855769230769232,0.0,0.0,10.0,16.0,0.0,0.34814814814814815,5.322115384615385,,,,,
"Sanders, Jason",K,Miami,7.884615384615385,5.913461538461538,9.855769230769232,0.0,0.0,10.0,16.0,0.0,0.34814814814814815,5.322115384615385,,,,,
"Otton, Cade",TE,Tampa Bay,7.880952380952381,5.9107142857142865,9.851190476190476,0.0,0.0,13.0,15.0,14.0,0.555813953488372,5.319642857142858,,,,,
"Fant, Noah",TE,Seattle,7.855072463768116,5.891304347826087,9.818840579710145,14.0,15.0,15.0,13.0,12.0,0.3728571428571429,5.302173913043478,,,,,
"Jennings, Jauan",WR,San Francisco,7.8478260869565215,5.885869565217391,9.809782608695652,0.0,10.0,14.0,9.0,13.0,0.48510638297872344,5.297282608695652,,,,,
"ButkerKC, Harrison",,,7.844444444444444,5.883333333333333,9.805555555555555,16.0,15.0,2.0,0.0,12.0,0.3739130434782609,5.295,,,,,
"FolkNE, Nick",,,7.842105263157895,5.881578947368421,9.802631578947368,16.0,16.0,6.0,0.0,0.0,0.16923076923076924,5.2934210526315795,,,,,
"Bass, Tyler",K,Buffalo,7.84,5.88,9.8,0.0,0.0,9.0,16.0,0.0,0.35,5.292,,,,,
"SuccopTB, Ryan",,,7.815789473684211,5.8618421052631575,9.769736842105264,16.0,16.0,6.0,0.0,0.0,0.16923076923076924,5.275657894736842,,,,,
"Dowdle, Rico",RB,Dallas,7.806451612903226,5.85483870967742,9.758064516129032,2.0,0.0,0.0,15.0,14.0,0.63125,5.2693548387096785,,,,,
"Prater, Matt",K,Arizona,7.782608695652174,5.836956521739131,9.728260869565217,0.0,0.0,8.0,15.0,0.0,0.35000000000000003,5.253260869565218,,,,,
"Reed, Jordan",,,7.777777777777778,5.833333333333333,9.722222222222221,9.0,0.0,0.0,0.0,0.0,0.09,5.25,,,,,
"Higgins, Rashard",,,7.7727272727272725,5.829545454545454,9.71590909090909,12.0,10.0,0.0,0.0,0.0,0.1391304347826087,5.246590909090909,,,,,
"Cobb, Randall",,,7.771428571428571,5.828571428571428,9.714285714285714,10.0,10.0,11.0,4.0,0.0,0.21944444444444444,5.2457142857142856,,,,,
"Butker, Harrison",K,Kansas City,7.769230769230769,5.826923076923077,9.711538461538462,0.0,0.0,10.0,16.0,0.0,0.34814814814814815,5.244230769230769,,,,,
"Ferguson, Jake",TE,Dallas,7.7368421052631575,5.802631578947368,9.671052631578947,0.0,0.0,10.0,16.0,12.0,0.5487179487179487,5.222368421052631,,,,,
"Smith, Tre'Quan",WR,Detroit,7.714285714285714,5.785714285714286,9.642857142857142,12.0,9.0,7.0,0.0,0.0,0.17586206896551723,5.207142857142857,,,,,
"Spears, Tyjae",RB,Tennessee,7.703703703703703,5.777777777777778,9.62962962962963,0.0,0.0,0.0,16.0,11.0,0.6214285714285713,5.2,,,,,
"Grupe, Blake",K,New Orleans,7.6875,5.765625,9.609375,0.0,0.0,0.0,16.0,0.0,0.3764705882352941,5.1890625,,,,,
"Brown, Noah",WR,Houston,7.680851063829787,5.76063829787234,9.601063829787234,7.0,7.0,14.0,8.0,11.0,0.4270833333333333,5.184574468085106,,,,,
"YorkCLE, Cade",,,7.666666666666667,5.75,9.583333333333334,0.0,0.0,6.0,0.0,0.0,0.2571428571428571,5.175,,,,,
"Stidham, Jarrett",QB,Denver,7.666666666666667,5.75,9.583333333333334,5.0,0.0,2.0,1.0,1.0,0.25,5.175,,,,,
"JosephMIN, Greg",,,7.636363636363637,5.7272727272727275,9.545454545454547,0.0,16.0,6.0,0.0,0.0,0.21739130434782608,5.154545454545455,,,,,
"Allgeier, Tyler",RB,Atlanta,7.630434782608695,5.7228260869565215,9.53804347826087,0.0,0.0,15.0,16.0,15.0,0.551063829787234,5.15054347826087,,,,,
"Moody, Jake",K,San Francisco,7.625,5.71875,9.53125,0.0,0.0,0.0,16.0,0.0,0.3764705882352941,5.1468750000000005,,,,,
"Williams, Jamaal",RB,New Orleans,7.625,5.71875,9.53125,14.0,12.0,16.0,12.0,10.0,0.36000000000000004,5.1468750000000005,,,,,
"Wicks, Dontayvion",WR,Green Bay,7.590909090909091,5.693181818181818,9.488636363636363,0.0,0.0,0.0,12.0,10.0,0.6434782608695653,5.1238636363636365,,,,,
"PraterARI, Matt",,,7.583333333333333,5.6875,9.479166666666666,0.0,16.0,4.0,0.0,4.0,0.336,5.11875,,,,,
"McLaughlin, Chase",K,Tampa Bay,7.576923076923077,5.6826923076923075,9.471153846153847,0.0,0.0,10.0,16.0,0.0,0.34814814814814815,5.114423076923077,,,,,
"Washington, Parker",WR,Jacksonville,7.571428571428571,5.678571428571429,9.464285714285714,0.0,0.0,0.0,5.0,9.0,0.7333333333333333,5.110714285714286,,,,,
"HopkinsLAC, Dustin",,,7.571428571428571,5.678571428571429,9.464285714285714,0.0,16.0,5.0,0.0,0.0,0.21363636363636365,5.110714285714286,,,,,
"Rodgers, Richard",,,7.555555555555555,5.666666666666666,9.444444444444445,8.0,0.0,1.0,0.0,0.0,0.11000000000000001,5.1,,,,,
"Folk, Nick",K,Tennessee,7.538461538461538,5.653846153846153,9.423076923076923,0.0,0.0,10.0,16.0,0.0,0.34814814814814815,5.088461538461538,,,,,
"GayIND, Matt",,,7.533333333333333,5.65,9.416666666666666,0.0,0.0,0.0,0.0,15.0,0.9375,5.085000000000001,,,,,
"Carter, Michael",RB,Arizona,7.512195121951219,5.634146341463414,9.390243902439025,0.0,26.0,30.0,24.0,2.0,0.3108433734939759,5.070731707317073,,,,,
"Yeldon, T.J.",,,7.5,5.625,9.375,2.0,0.0,0.0,0.0,0.0,0.06666666666666667,5.0625,,,,,
"James, Richie",,,7.5,5.625,9.375,6.0,0.0,15.0,7.0,0.0,0.27241379310344827,5.0625,,,,,
"PineiroNYJ, Eddy",,,7.5,5.625,9.375,0.0,4.0,0.0,0.0,0.0,0.16,5.0625,,,,,
"Callaway, Marquez",,,7.5,5.625,9.375,6.0,16.0,8.0,0.0,0.0,0.2,5.0625,,,,,
"Akers, Cam",RB,Houston,7.488888888888889,5.616666666666667,9.36111111111111,11.0,0.0,14.0,7.0,13.0,0.45869565217391306,5.055000000000001,,,,,
"McManusDEN, Brandon",,,7.486486486486487,5.614864864864865,9.358108108108109,15.0,16.0,6.0,0.0,0.0,0.17105263157894737,5.053378378378379,,,,,
"Likely, Isaiah",TE,Baltimore,7.485714285714286,5.614285714285714,9.357142857142858,0.0,0.0,12.0,11.0,12.0,0.5555555555555556,5.0528571428571425,,,,,
"Fitzgerald, Larry",,,7.461538461538462,5.596153846153847,9.326923076923077,13.0,0.0,0.0,0.0,0.0,0.09285714285714286,5.036538461538462,,,,,
"Patterson, Cordarrelle",RB,Pittsburgh,7.453125,5.58984375,9.31640625,15.0,15.0,12.0,11.0,11.0,0.36153846153846153,5.030859375,,,,,
"Robinson, Demarcus",WR,LA Rams,7.433333333333334,5.575,9.291666666666668,14.0,12.0,14.0,8.0,12.0,0.380327868852459,5.0175,,,,,
"CarlsonNYJ, Anders",,,7.428571428571429,5.571428571428571,9.285714285714286,0.0,0.0,0.0,0.0,7.0,0.875,5.014285714285714,,,,,
"Badgley, Michael",K,Detroit,7.428571428571429,5.571428571428571,9.285714285714286,0.0,0.0,11.0,3.0,0.0,0.3,5.014285714285714,,,,,
"Pierce, Dameon",RB,Houston,7.424242424242424,5.568181818181818,9.28030303030303,0.0,0.0,13.0,13.0,7.0,0.4735294117647059,5.011363636363637,,,,,
"Koo, Younghoe",K,Atlanta,7.423076923076923,5.5673076923076925,9.278846153846153,0.0,0.0,10.0,16.0,0.0,0.34814814814814815,5.010576923076924,,,,,
"Santos, Cairo",K,Chicago,7.423076923076923,5.5673076923076925,9.278846153846153,0.0,0.0,10.0,16.0,0.0,0.34814814814814815,5.010576923076924,,,,,
"Hilliard, Dontrell",,,7.421052631578948,5.565789473684211,9.276315789473685,2.0,6.0,11.0,0.0,0.0,0.23500000000000001,5.00921052631579,,,,,
"LutzNO, Wil",,,7.409090909090909,5.556818181818182,9.261363636363637,16.0,0.0,6.0,0.0,0.0,0.14782608695652175,5.0011363636363635,,,,,
"Moore, Rondale",WR,Atlanta,7.405405405405405,5.554054054054054,9.256756756756756,0.0,14.0,8.0,15.0,0.0,0.29473684210526313,4.998648648648649,,,,,
"Carlson, Daniel",K,Las Vegas,7.4,5.550000000000001,9.25,0.0,0.0,10.0,15.0,0.0,0.34615384615384615,4.995000000000001,,,,,
"Hodgins, Isaiah",WR,NY Giants,7.4,5.550000000000001,9.25,0.0,0.0,9.0,9.0,2.0,0.3952380952380953,4.995000000000001,,,,,
"Ward, Greg",,,7.380952380952381,5.5357142857142865,9.226190476190476,16.0,5.0,0.0,0.0,0.0,0.11818181818181818,4.982142857142858,,,,,
"Herbert, Khalil",RB,Chicago,7.357142857142857,5.517857142857142,9.196428571428571,0.0,13.0,12.0,11.0,6.0,0.386046511627907,4.9660714285714285,,,,,
"Williams, Preston",,,7.333333333333333,5.5,9.166666666666666,8.0,4.0,0.0,0.0,0.0,0.12307692307692308,4.95,,,,,
"Bernard, Giovani",,,7.333333333333333,5.5,9.166666666666666,16.0,10.0,1.0,0.0,0.0,0.1392857142857143,4.95,,,,,
"Hines, Nyheim",RB,Cleveland,7.326086956521739,5.494565217391305,9.157608695652174,16.0,16.0,14.0,0.0,0.0,0.19148936170212766,4.945108695652174,,,,,
"Knox, Dawson",TE,Buffalo,7.322033898305085,5.491525423728813,9.152542372881356,11.0,13.0,13.0,9.0,13.0,0.4033333333333333,4.942372881355932,,,,,
"Johnson, Duke",,,7.3125,5.484375,9.140625,11.0,4.0,1.0,0.0,0.0,0.12941176470588237,4.9359375000000005,,,,,
"Conklin, Tyler",TE,NY Jets,7.298507462686567,5.473880597014926,9.123134328358208,7.0,16.0,15.0,15.0,14.0,0.41764705882352937,4.926492537313433,,,,,
"JosephNYJ, Greg",,,7.285714285714286,5.464285714285714,9.107142857142858,0.0,0.0,0.0,0.0,7.0,0.875,4.917857142857143,,,,,
"Murray, Latavius",,,7.2727272727272725,5.454545454545454,9.09090909090909,15.0,13.0,12.0,15.0,0.0,0.24464285714285713,4.909090909090909,,,,,
"Tonyan, Robert",TE,Minnesota,7.260869565217392,5.445652173913044,9.07608695652174,15.0,8.0,16.0,7.0,0.0,0.22765957446808513,4.901086956521739,,,,,
"BullockCIN, Randy",,,7.25,5.4375,9.0625,12.0,0.0,0.0,0.0,0.0,0.09230769230769233,4.89375,,,,,
"Johnson, Juwan",TE,New Orleans,7.25,5.4375,9.0625,4.0,8.0,13.0,11.0,12.0,0.45510204081632655,4.89375,,,,,
"Edmonds, Chase",RB,Tampa Bay,7.230769230769231,5.423076923076923,9.038461538461538,16.0,12.0,12.0,12.0,0.0,0.2339622641509434,4.880769230769231,,,,,
"MoodySF, Jake",,,7.230769230769231,5.423076923076923,9.038461538461538,0.0,0.0,0.0,0.0,13.0,0.9285714285714286,4.880769230769231,,,,,
"Westbrook, Nick",WR,Tennessee,7.211538461538462,5.408653846153847,9.014423076923077,4.0,13.0,11.0,13.0,11.0,0.42452830188679247,4.867788461538463,,,,,
"Hollins, Mack",WR,Buffalo,7.196078431372549,5.397058823529412,8.995098039215687,9.0,7.0,15.0,8.0,12.0,0.4230769230769231,4.857352941176471,,,,,
"MaherNO, Brett",,,7.166666666666667,5.375,8.958333333333334,0.0,6.0,0.0,0.0,0.0,0.17142857142857146,4.8375,,,,,
"BadgleyIND, Michael",,,7.166666666666667,5.375,8.958333333333334,0.0,12.0,0.0,0.0,0.0,0.18461538461538465,4.8375,,,,,
"Turner, Malik",WR,San Francisco,7.166666666666667,5.375,8.958333333333334,0.0,6.0,0.0,0.0,0.0,0.17142857142857146,4.8375,,,,,
"Lutz, Wil",K,Denver,7.16,5.37,8.95,0.0,0.0,10.0,15.0,0.0,0.34615384615384615,4.833,,,,,
"Williams, Darrel",,,7.147058823529412,5.360294117647059,8.933823529411764,13.0,16.0,5.0,0.0,0.0,0.17142857142857143,4.824264705882353,,,,,
"Burkhead, Rex",,,7.111111111111111,5.333333333333333,8.88888888888889,10.0,12.0,14.0,0.0,0.0,0.20540540540540542,4.8,,,,,
"GonzalezCAR, Zane",,,7.083333333333333,5.3125,8.854166666666666,0.0,12.0,0.0,0.0,0.0,0.18461538461538465,4.78125,,,,,
"Watkins, Sammy",,,7.076923076923077,5.3076923076923075,8.846153846153847,10.0,9.0,7.0,0.0,0.0,0.1814814814814815,4.776923076923077,,,,,
"MyersSEA, Jason",,,7.0754716981132075,5.306603773584905,8.84433962264151,16.0,15.0,6.0,0.0,16.0,0.4148148148148148,4.775943396226415,,,,,
"FolkTEN, Nick",,,7.071428571428571,5.303571428571429,8.839285714285714,0.0,0.0,0.0,0.0,14.0,0.9333333333333333,4.773214285714286,,,,,
"Pineiro, Eddy",K,Carolina,7.04,5.28,8.8,0.0,0.0,10.0,15.0,0.0,0.34615384615384615,4.752000000000001,,,,,
"Byrd, Damiere",WR,Washington,7.033333333333333,5.275,8.791666666666666,14.0,9.0,7.0,0.0,0.0,0.1709677419354839,4.7475000000000005,,,,,
"Mattison, Alexander",RB,Las Vegas,7.028169014084507,5.27112676056338,8.785211267605634,13.0,15.0,16.0,15.0,12.0,0.3763888888888889,4.744014084507042,,,,,
"GanoNYG, Graham",,,7.0,5.25,8.75,16.0,16.0,6.0,0.0,8.0,0.31063829787234043,4.7250000000000005,,,,,
"Croom, Jason",,,7.0,5.25,8.75,1.0,0.0,0.0,0.0,0.0,0.05,4.7250000000000005,,,,,
"Thomas, Jordan",,,7.0,5.25,8.75,1.0,0.0,0.0,0.0,0.0,0.05,4.7250000000000005,,,,,
"BlankenshipARI, Rodrigo",,,7.0,5.25,8.75,0.0,0.0,1.0,0.0,0.0,0.15,4.7250000000000005,,,,,
"Fumagalli, Troy",,,7.0,5.25,8.75,3.0,0.0,0.0,0.0,0.0,0.07500000000000001,4.7250000000000005,,,,,
"Thompson, Colin",,,7.0,5.25,8.75,1.0,0.0,0.0,0.0,0.0,0.05,4.7250000000000005,,,,,
"Boswell, Chris",K,Pittsburgh,7.0,5.25,8.75,0.0,0.0,5.0,16.0,0.0,0.3590909090909091,4.7250000000000005,,,,,
"Sciba, Nick",,,7.0,5.25,8.75,0.0,0.0,1.0,0.0,0.0,0.15,4.7250000000000005,,,,,
"Pearsall, Ricky",WR,San Francisco,7.0,5.25,8.75,0.0,0.0,0.0,0.0,6.0,0.8571428571428571,4.7250000000000005,,,,,
"McPherson, Evan",K,Cincinnati,7.0,5.25,8.75,0.0,0.0,9.0,16.0,0.0,0.35,4.7250000000000005,,,,,
"Mabry, Tyler",TE,Seattle,7.0,5.25,8.75,0.0,0.0,1.0,0.0,0.0,0.15,4.7250000000000005,,,,,
"Doss, Keelan",WR,Las Vegas,7.0,5.25,8.75,0.0,0.0,0.0,1.0,0.0,0.2,4.7250000000000005,,,,,
"GrupeNO, Blake",,,7.0,5.25,8.75,0.0,0.0,0.0,0.0,15.0,0.9375,4.7250000000000005,,,,,
"Burton, Trey",,,7.0,5.25,8.75,11.0,0.0,0.0,0.0,0.0,0.09166666666666667,4.7250000000000005,,,,,
"Bryant, Dez",,,7.0,5.25,8.75,3.0,0.0,0.0,0.0,0.0,0.07500000000000001,4.7250000000000005,,,,,
"SlyeCAR, Joey",,,7.0,5.25,8.75,16.0,0.0,0.0,0.0,0.0,0.09411764705882353,4.7250000000000005,,,,,
"Gallman, Wayne",,,6.95,5.2125,8.6875,14.0,6.0,0.0,0.0,0.0,0.12380952380952384,4.69125,,,,,
"Hardman, Mecole",WR,Kansas City,6.9411764705882355,5.205882352941177,8.676470588235293,15.0,16.0,8.0,5.0,7.0,0.3096153846153846,4.685294117647059,,,,,
"GostkowskiTEN, Stephen",,,6.933333333333334,5.2,8.666666666666668,15.0,0.0,0.0,0.0,0.0,0.09375,4.680000000000001,,,,,
"Everett, Gerald",TE,Chicago,6.919354838709677,5.189516129032258,8.649193548387096,15.0,14.0,14.0,13.0,6.0,0.3126984126984127,4.670564516129033,,,,,
"GonzalezARI, Zane",,,6.916666666666667,5.1875,8.645833333333334,12.0,0.0,0.0,0.0,0.0,0.09230769230769233,4.66875,,,,,
"Patterson, Riley",,,6.913043478260869,5.184782608695652,8.641304347826086,0.0,0.0,10.0,13.0,0.0,0.3416666666666666,4.666304347826087,,,,,
"Peterson, Adrian",,,6.9,5.175000000000001,8.625,16.0,4.0,0.0,0.0,0.0,0.1142857142857143,4.657500000000001,,,,,
"McManus, Brandon",,,6.884615384615385,5.163461538461538,8.605769230769232,0.0,0.0,10.0,16.0,0.0,0.34814814814814815,4.647115384615384,,,,,
"Michel, Sony",,,6.882352941176471,5.161764705882353,8.602941176470589,8.0,16.0,10.0,0.0,0.0,0.2,4.6455882352941185,,,,,
"Smith, Irv",TE,Kansas City,6.88,5.16,8.6,11.0,0.0,6.0,8.0,0.0,0.23461538461538461,4.644,,,,,
"Dortch, Greg",WR,Arizona,6.875,5.15625,8.59375,0.0,1.0,10.0,7.0,14.0,0.6060606060606061,4.640625,,,,,
"Johnson, Josh",QB,Baltimore,6.875,5.15625,8.59375,0.0,4.0,1.0,0.0,3.0,0.4555555555555555,4.640625,,,,,
"NarvesonTEN, Brayden",,,6.857142857142857,5.142857142857142,8.571428571428571,0.0,0.0,0.0,0.0,7.0,0.875,4.628571428571428,,,,,
"PattersonJAX, Riley",,,6.833333333333333,5.125,8.541666666666666,0.0,0.0,6.0,0.0,0.0,0.2571428571428571,4.6125,,,,,
"PattersonDET, Riley",,,6.833333333333333,5.125,8.541666666666666,0.0,6.0,0.0,0.0,0.0,0.17142857142857146,4.6125,,,,,
"Cole, Keelan",,,6.823529411764706,5.117647058823529,8.529411764705882,16.0,12.0,6.0,0.0,0.0,0.1657142857142857,4.605882352941176,,,,,
"CrosbyGB, Mason",,,6.815789473684211,5.1118421052631575,8.519736842105264,16.0,16.0,6.0,0.0,0.0,0.16923076923076924,4.600657894736842,,,,,
"Dulcich, Greg",TE,Denver,6.785714285714286,5.089285714285714,8.482142857142858,0.0,0.0,10.0,2.0,2.0,0.38666666666666666,4.580357142857143,,,,,
"Tate, Golden",,,6.75,5.0625,8.4375,12.0,0.0,0.0,0.0,0.0,0.09230769230769233,4.55625,,,,,
"NugentARI, Mike",,,6.75,5.0625,8.4375,4.0,0.0,0.0,0.0,0.0,0.08,4.55625,,,,,
"Atwell, Chatarius",WR,LA Rams,6.742857142857143,5.057142857142857,8.428571428571429,0.0,0.0,9.0,12.0,14.0,0.5972222222222222,4.551428571428572,,,,,
"Washington, James",,,6.739130434782608,5.054347826086956,8.42391304347826,12.0,11.0,0.0,0.0,0.0,0.1416666666666667,4.548913043478261,,,,,
"Johnson, Brandon",WR,Denver,6.7272727272727275,5.045454545454546,8.40909090909091,0.0,0.0,3.0,7.0,1.0,0.39166666666666666,4.540909090909091,,,,,
"Moore, David",WR,Carolina,6.724137931034483,5.043103448275862,8.405172413793103,15.0,0.0,0.0,3.0,11.0,0.45666666666666667,4.538793103448276,,,,,
"Hurst, Hayden",TE,LA Chargers,6.705882352941177,5.029411764705882,8.382352941176471,15.0,10.0,12.0,8.0,6.0,0.31346153846153846,4.526470588235294,,,,,
"Mason, Jordan",RB,San Francisco,6.703703703703703,5.027777777777778,8.37962962962963,0.0,0.0,7.0,8.0,12.0,0.6178571428571429,4.525,,,,,
"BullockTEN, Randy",,,6.7,5.025,8.375,0.0,15.0,5.0,0.0,0.0,0.21428571428571427,4.522500000000001,,,,,
"Woods, Jelani",TE,Indianapolis,6.7,5.025,8.375,0.0,0.0,10.0,0.0,0.0,0.2727272727272727,4.522500000000001,,,,,
"Amendola, Danny",,,6.7,5.025,8.375,14.0,6.0,0.0,0.0,0.0,0.12380952380952384,4.522500000000001,,,,,
"Bradley, Ja'Marcus",,,6.666666666666667,5.0,8.333333333333334,1.0,2.0,0.0,0.0,0.0,0.125,4.5,,,,,
"Havrisik, Lucas",,,6.666666666666667,5.0,8.333333333333334,0.0,0.0,0.0,9.0,0.0,0.36,4.5,,,,,
"Perriman, Breshad",,,6.666666666666667,5.0,8.333333333333334,12.0,4.0,5.0,0.0,0.0,0.1590909090909091,4.5,,,,,
"Campbell, Parris",WR,Philadelphia,6.65625,4.9921875,8.3203125,2.0,5.0,15.0,8.0,2.0,0.3303030303030303,4.49296875,,,,,
"Knight, Zonovan",RB,Detroit,6.625,4.96875,8.28125,0.0,0.0,6.0,2.0,0.0,0.28888888888888886,4.471875,,,,,
"Carlson, Anders",K,Green Bay,6.625,4.96875,8.28125,0.0,0.0,0.0,16.0,0.0,0.3764705882352941,4.471875,,,,,
"HopkinsWAS, Dustin",,,6.625,4.96875,8.28125,16.0,0.0,0.0,0.0,0.0,0.09411764705882353,4.471875,,,,,
"Cephus, Quintez",WR,Houston,6.588235294117647,4.9411764705882355,8.235294117647058,11.0,5.0,1.0,0.0,0.0,0.13333333333333333,4.447058823529412,,,,,
"Crosby, Mason",,,6.583333333333333,4.9375,8.229166666666666,0.0,0.0,10.0,2.0,0.0,0.29230769230769227,4.4437500000000005,,,,,
"Booker, Devontae",,,6.566666666666666,4.925,8.208333333333332,15.0,15.0,0.0,0.0,0.0,0.14516129032258066,4.4325,,,,,
"KartyLA, Joshua",,,6.5625,4.921875,8.203125,0.0,0.0,0.0,0.0,16.0,0.9411764705882353,4.4296875,,,,,
"Bagent, Tyson",QB,Chicago,6.555555555555555,4.916666666666666,8.194444444444445,0.0,0.0,0.0,5.0,4.0,0.6,4.425,,,,,
"Raymond, Kalif",WR,Detroit,6.555555555555555,4.916666666666666,8.194444444444445,4.0,12.0,14.0,16.0,8.0,0.38909090909090904,4.425,,,,,
"Guerendo, Isaac",RB,San Francisco,6.545454545454546,4.909090909090909,8.181818181818182,0.0,0.0,0.0,0.0,11.0,0.9166666666666666,4.418181818181818,,,,,
"Tolbert, Jalen",WR,Dallas,6.5,4.875,8.125,0.0,0.0,2.0,10.0,14.0,0.688888888888889,4.3875,,,,,
"Asiasi, Devin",,,6.5,4.875,8.125,1.0,0.0,1.0,0.0,0.0,0.13333333333333333,4.3875,,,,,
"Whiteheart, Blake",TE,Arizona,6.5,4.875,8.125,0.0,0.0,0.0,0.0,2.0,0.6666666666666666,4.3875,,,,,
"Jefferson, Van",WR,Pittsburgh,6.5,4.875,8.125,9.0,16.0,8.0,10.0,11.0,0.39090909090909093,4.3875,,,,,
"Okonkwo, Chigoziem",TE,Tennessee,6.476190476190476,4.857142857142858,8.095238095238095,0.0,0.0,12.0,15.0,15.0,0.572093023255814,4.371428571428572,,,,,
"Treadwell, Laquon",WR,Indianapolis,6.466666666666667,4.85,8.083333333333334,4.0,8.0,3.0,0.0,0.0,0.18125,4.365,,,,,
"GouldSF, Robbie",,,6.454545454545454,4.840909090909091,8.068181818181818,15.0,12.0,6.0,0.0,0.0,0.16764705882352943,4.3568181818181815,,,,,
"ElliottPHI, Jake",,,6.452830188679245,4.839622641509434,8.066037735849056,16.0,16.0,5.0,0.0,16.0,0.412962962962963,4.355660377358491,,,,,
"PraterDET, Matt",,,6.4375,4.828125,8.046875,16.0,0.0,0.0,0.0,0.0,0.09411764705882353,4.3453125,,,,,
"Davis, Re'Mahn",RB,Buffalo,6.428571428571429,4.821428571428571,8.035714285714286,0.0,0.0,0.0,0.0,14.0,0.9333333333333333,4.339285714285714,,,,,
"Moore, Chris",WR,Arizona,6.424242424242424,4.818181818181818,8.03030303030303,0.0,7.0,13.0,13.0,0.0,0.3088235294117647,4.336363636363637,,,,,
"SantosCHI, Cairo",,,6.415094339622642,4.811320754716982,8.018867924528303,16.0,16.0,5.0,0.0,16.0,0.412962962962963,4.330188679245284,,,,,
"Joseph, Greg",K,Green Bay,6.384615384615385,4.788461538461538,7.980769230769232,0.0,0.0,10.0,16.0,0.0,0.34814814814814815,4.309615384615385,,,,,
"Johnson, Roschon",RB,Chicago,6.375,4.78125,7.96875,0.0,0.0,0.0,14.0,10.0,0.6240000000000001,4.3031250000000005,,,,,
"Iosivas, Andrei",WR,Cincinnati,6.35,4.762499999999999,7.9375,0.0,0.0,0.0,7.0,13.0,0.7523809523809524,4.28625,,,,,
"Tucker, Tre",WR,Las Vegas,6.333333333333333,4.75,7.916666666666666,0.0,0.0,0.0,10.0,14.0,0.72,4.275,,,,,
"WrightPIT, Matthew",,,6.333333333333333,4.75,7.916666666666666,3.0,0.0,0.0,0.0,0.0,0.07500000000000001,4.275,,,,,
"Montgomery, D.J.",WR,Indianapolis,6.333333333333333,4.75,7.916666666666666,0.0,1.0,0.0,2.0,0.0,0.25,4.275,,,,,
"Gano, Graham",K,NY Giants,6.333333333333333,4.75,7.916666666666666,0.0,0.0,10.0,8.0,0.0,0.3263157894736842,4.275,,,,,
"Miller, Anthony",,,6.333333333333333,4.75,7.916666666666666,15.0,3.0,0.0,0.0,0.0,0.1105263157894737,4.275,,,,,
"Thompson, Chris",,,6.333333333333333,4.75,7.916666666666666,6.0,0.0,0.0,0.0,0.0,0.08571428571428573,4.275,,,,,
"LittleJAX, Cam",,,6.3125,4.734375,7.890625,0.0,0.0,0.0,0.0,16.0,0.9411764705882353,4.2609375,,,,,
"Johnson, Theo",TE,NY Giants,6.3,4.725,7.875,0.0,0.0,0.0,0.0,10.0,0.9090909090909091,4.2524999999999995,,,,,
"Hall, Marvin",,,6.3,4.725,7.875,9.0,1.0,0.0,0.0,0.0,0.1,4.2524999999999995,,,,,
"McCoy, Colt",,,6.266666666666667,4.7,7.833333333333333,4.0,7.0,4.0,0.0,0.0,0.1875,4.23,,,,,
"LamboJAX, Josh",,,6.25,4.6875,7.8125,4.0,0.0,0.0,0.0,0.0,0.08,4.21875,,,,,
"BadgleyLAC, Michael",,,6.25,4.6875,7.8125,16.0,0.0,0.0,0.0,0.0,0.09411764705882353,4.21875,,,,,
"Thompson, Darwin",,,6.2,4.65,7.75,5.0,0.0,0.0,0.0,0.0,0.08333333333333333,4.1850000000000005,,,,,
"ParkeyCLE, Cody",,,6.2,4.65,7.75,15.0,0.0,0.0,0.0,0.0,0.09375,4.1850000000000005,,,,,
"Williams, Ty'Son",,,6.166666666666667,4.625,7.708333333333334,0.0,6.0,0.0,0.0,0.0,0.17142857142857146,4.1625000000000005,,,,,
"Gore, Derrick",,,6.125,4.59375,7.65625,0.0,7.0,0.0,1.0,0.0,0.20000000000000004,4.134375,,,,,
"Okwuegbunam, Albert",TE,Philadelphia,6.1,4.574999999999999,7.625,4.0,12.0,4.0,0.0,0.0,0.19047619047619047,4.1175,,,,,
"Perine, Samaje",RB,Denver,6.098591549295775,4.573943661971831,7.623239436619719,11.0,14.0,15.0,16.0,15.0,0.4138888888888889,4.116549295774648,,,,,
"Doyle, Jack",,,6.090909090909091,4.568181818181818,7.613636363636363,10.0,12.0,0.0,0.0,0.0,0.14782608695652175,4.111363636363636,,,,,
"Slye, Joey",K,New England,6.076923076923077,4.5576923076923075,7.596153846153846,0.0,0.0,10.0,16.0,0.0,0.34814814814814815,4.101923076923077,,,,,
"Shenault, Laviska",WR,Seattle,6.072727272727272,4.554545454545455,7.59090909090909,14.0,15.0,11.0,8.0,7.0,0.3196428571428571,4.09909090909091,,,,,
"Gore, Frank",RB,Buffalo,6.066666666666666,4.55,7.583333333333333,15.0,0.0,0.0,0.0,0.0,0.09375,4.095,,,,,
"SlyeWAS, Joey",,,6.0625,4.546875,7.578125,0.0,11.0,5.0,0.0,0.0,0.21764705882352942,4.0921875000000005,,,,,
"Watkins, Quez",WR,Pittsburgh,6.0606060606060606,4.545454545454545,7.575757575757576,4.0,15.0,11.0,3.0,0.0,0.23235294117647057,4.090909090909091,,,,,
"Tillman, Cedric",WR,Cleveland,6.055555555555555,4.541666666666666,7.569444444444445,0.0,0.0,0.0,9.0,9.0,0.6631578947368421,4.0874999999999995,,,,,
"Wilson, Cedrick",WR,New Orleans,6.041666666666667,4.53125,7.552083333333334,10.0,13.0,7.0,10.0,8.0,0.36122448979591837,4.078125,,,,,
"Jackson, DeSean",,,6.041666666666667,4.53125,7.552083333333334,5.0,13.0,6.0,0.0,0.0,0.196,4.078125,,,,,
"Moreau, Foster",TE,New Orleans,6.040816326530612,4.530612244897959,7.551020408163264,6.0,11.0,12.0,10.0,10.0,0.408,4.077551020408164,,,,,
"Uzomah, C.J.",TE,Philadelphia,6.0285714285714285,4.521428571428571,7.535714285714286,2.0,15.0,12.0,6.0,0.0,0.25555555555555554,4.069285714285714,,,,,
"McCormick, Sincere",RB,Las Vegas,6.0,4.5,7.5,0.0,0.0,0.0,0.0,4.0,0.8,4.05,,,,,
"Inman, Dontrelle",,,6.0,4.5,7.5,7.0,0.0,0.0,0.0,0.0,0.08750000000000001,4.05,,,,,
"Bonnafon, Reggie",,,6.0,4.5,7.5,2.0,1.0,0.0,0.0,0.0,0.1,4.05,,,,,
"Collins, Alex",,,6.0,4.5,7.5,3.0,11.0,0.0,0.0,0.0,0.16666666666666666,4.05,,,,,
"RosasJAX, Aldrick",,,6.0,4.5,7.5,6.0,0.0,0.0,0.0,0.0,0.08571428571428573,4.05,,,,,
"Godwin, Terry",,,6.0,4.5,7.5,1.0,0.0,0.0,0.0,0.0,0.05,4.05,,,,,
"SeibertDET, Austin",,,6.0,4.5,7.5,0.0,6.0,3.0,0.0,0.0,0.21000000000000002,4.05,,,,,
"Snead, Willie",,,6.0,4.5,7.5,11.0,4.0,0.0,2.0,0.0,0.15000000000000002,4.05,,,,,
"Berrios, Braxton",WR,Miami,6.0,4.5,7.5,12.0,14.0,13.0,11.0,0.0,0.2411764705882353,4.05,,,,,
"Fells, Darren",,,6.0,4.5,7.5,10.0,3.0,0.0,0.0,0.0,0.1142857142857143,4.05,,,,,
"Cooks, Elijah",WR,Jacksonville,6.0,4.5,7.5,0.0,0.0,0.0,1.0,0.0,0.2,4.05,,,,,
"Bachman, Alex",WR,Las Vegas,6.0,4.5,7.5,0.0,0.0,0.0,0.0,1.0,0.5,4.05,,,,,
"ShraderKC, Spencer",,,6.0,4.5,7.5,0.0,0.0,0.0,0.0,4.0,0.8,4.05,,,,,
"Malone, Josh",,,6.0,4.5,7.5,1.0,0.0,0.0,0.0,0.0,0.05,4.05,,,,,
"PineiroCAR, Eddy",,,5.954545454545454,4.465909090909091,7.4431818181818175,0.0,0.0,6.0,0.0,16.0,0.773913043478261,4.019318181818182,,,,,
"Johnson, Ty",RB,Buffalo,5.9423076923076925,4.456730769230769,7.427884615384616,9.0,14.0,9.0,6.0,14.0,0.43018867924528303,4.011057692307692,,,,,
"Strange, Brenton",TE,Jacksonville,5.933333333333334,4.45,7.416666666666667,0.0,0.0,0.0,3.0,12.0,0.825,4.005,,,,,
"Pascal, Zach",WR,Arizona,5.928571428571429,4.446428571428571,7.4107142857142865,16.0,14.0,10.0,2.0,0.0,0.19069767441860466,4.001785714285714,,,,,
"Williams, Maxx",,,5.909090909090909,4.431818181818182,7.386363636363637,5.0,4.0,2.0,0.0,0.0,0.15833333333333333,3.9886363636363638,,,,,
"Parham, Donald",TE,LA Chargers,5.9,4.425000000000001,7.375,6.0,10.0,4.0,10.0,0.0,0.25161290322580643,3.982500000000001,,,,,
"Sanders, Ja'Tavion",TE,Carolina,5.9,4.425000000000001,7.375,0.0,0.0,0.0,0.0,10.0,0.9090909090909091,3.982500000000001,,,,,
"SlomanTEN, Samuel",,,5.875,4.40625,7.34375,8.0,0.0,0.0,0.0,0.0,0.08888888888888889,3.965625,,,,,
"SlyeNE, Joey",,,5.875,4.40625,7.34375,0.0,0.0,0.0,0.0,16.0,0.9411764705882353,3.965625,,,,,
"Zaccheaus, Olamide",WR,Washington,5.857142857142857,4.392857142857142,7.321428571428571,8.0,14.0,14.0,7.0,13.0,0.41403508771929826,3.9535714285714283,,,,,
"Hamler, KJ",WR,Buffalo,5.85,4.387499999999999,7.3125,12.0,3.0,5.0,0.0,0.0,0.15714285714285717,3.9487499999999995,,,,,
"Burks, Treylon",WR,Tennessee,5.818181818181818,4.363636363636363,7.272727272727273,0.0,0.0,10.0,8.0,4.0,0.4434782608695652,3.9272727272727272,,,,,
"Wolford, John",QB,Tampa Bay,5.8,4.35,7.25,1.0,2.0,2.0,0.0,0.0,0.18333333333333335,3.9149999999999996,,,,,
"Boutte, Kayshon",WR,New England,5.8,4.35,7.25,0.0,0.0,0.0,2.0,13.0,0.8625,3.9149999999999996,,,,,
"ZuerleinNYJ, Greg",,,5.785714285714286,4.339285714285714,7.232142857142857,0.0,0.0,6.0,0.0,8.0,0.6533333333333334,3.905357142857143,,,,,
"Musgrave, Luke",TE,Green Bay,5.769230769230769,4.326923076923077,7.211538461538462,0.0,0.0,0.0,10.0,3.0,0.5,3.894230769230769,,,,,
"Goodwin, Marquise",,,5.769230769230769,4.326923076923077,7.211538461538462,0.0,10.0,10.0,6.0,0.0,0.2740740740740741,3.894230769230769,,,,,
"Allen, Brandon",QB,San Francisco,5.769230769230769,4.326923076923077,7.211538461538462,5.0,4.0,1.0,0.0,3.0,0.32857142857142857,3.894230769230769,,,,,
"Hyde, Carlos",,,5.75,4.3125,7.1875,10.0,10.0,0.0,0.0,0.0,0.14285714285714285,3.88125,,,,,
"Seals-Jones, Ricky",,,5.7272727272727275,4.295454545454546,7.159090909090909,0.0,11.0,0.0,0.0,0.0,0.18333333333333335,3.865909090909091,,,,,
"Johnson, Marcus",,,5.714285714285714,4.285714285714286,7.142857142857143,6.0,5.0,3.0,0.0,0.0,0.16666666666666666,3.857142857142857,,,,,
"Johnson, Tyron",WR,Dallas,5.714285714285714,4.285714285714286,7.142857142857143,11.0,2.0,1.0,0.0,0.0,0.12000000000000001,3.857142857142857,,,,,
"York, Cade",K,Cleveland,5.7,4.275,7.125,0.0,0.0,10.0,0.0,0.0,0.2727272727272727,3.8475000000000006,,,,,
"Hamilton, DaeSean",,,5.7,4.275,7.125,10.0,0.0,0.0,0.0,0.0,0.09090909090909091,3.8475000000000006,,,,,
"Miller, Scott",WR,Pittsburgh,5.6875,4.265625,7.109375,13.0,2.0,8.0,7.0,2.0,0.2696969696969697,3.8390625000000003,,,,,
"Pringle, Byron",,,5.685714285714286,4.264285714285714,7.107142857142858,5.0,15.0,6.0,9.0,0.0,0.24722222222222223,3.837857142857143,,,,,
"Humphries, Adam",,,5.681818181818182,4.261363636363637,7.102272727272727,6.0,16.0,0.0,0.0,0.0,0.16521739130434784,3.835227272727273,,,,,
"Olsen, Greg",,,5.666666666666667,4.25,7.083333333333334,9.0,0.0,0.0,0.0,0.0,0.09,3.825,,,,,
"Hooper, Austin",TE,New England,5.661971830985915,4.246478873239436,7.077464788732394,13.0,14.0,16.0,13.0,15.0,0.4041666666666667,3.8218309859154926,,,,,
"Nailor, Jalen",WR,Minnesota,5.647058823529412,4.235294117647059,7.058823529411765,0.0,0.0,3.0,2.0,12.0,0.7611111111111111,3.811764705882353,,,,,
"Jackson, Justin",,,5.645161290322581,4.233870967741936,7.056451612903226,8.0,12.0,11.0,0.0,0.0,0.203125,3.8104838709677424,,,,,
"Conley, Chris",WR,San Francisco,5.642857142857143,4.232142857142858,7.053571428571429,14.0,11.0,2.0,0.0,1.0,0.1793103448275862,3.808928571428572,,,,,
"Ford, Isaiah",,,5.625,4.21875,7.03125,9.0,7.0,0.0,0.0,0.0,0.13529411764705884,3.796875,,,,,
"Davis, Malik",RB,Dallas,5.6,4.199999999999999,7.0,0.0,0.0,5.0,0.0,0.0,0.25,3.7799999999999994,,,,,
"Howard, Jordan",,,5.6,4.199999999999999,7.0,7.0,7.0,1.0,0.0,0.0,0.15,3.7799999999999994,,,,,
"Benjamin, Eno",,,5.588235294117647,4.1911764705882355,6.985294117647058,0.0,6.0,11.0,0.0,0.0,0.25,3.772058823529412,,,,,
"Adams, Josh",,,5.5,4.125,6.875,6.0,0.0,0.0,0.0,0.0,0.08571428571428573,3.7125,,,,,
"Jeffery, Alshon",,,5.5,4.125,6.875,4.0,0.0,0.0,0.0,0.0,0.08,3.7125,,,,,
"McLaughlin, Jaleel",RB,Denver,5.5,4.125,6.875,0.0,0.0,0.0,16.0,14.0,0.6580645161290322,3.7125,,,,,
"Ingram, Mark",,,5.5,4.125,6.875,10.0,14.0,10.0,0.0,0.0,0.1942857142857143,3.7125,,,,,
"Eifert, Tyler",,,5.5,4.125,6.875,14.0,0.0,0.0,0.0,0.0,0.09333333333333334,3.7125,,,,,
"Edwards, Bryan",,,5.458333333333333,4.09375,6.822916666666666,8.0,13.0,3.0,0.0,0.0,0.17200000000000004,3.684375,,,,,
"Humphrey, Lil'Jordan",WR,Denver,5.448275862068965,4.086206896551724,6.810344827586206,2.0,6.0,2.0,9.0,10.0,0.52,3.6775862068965517,,,,,
"Guyton, Jalen",WR,Las Vegas,5.444444444444445,4.083333333333334,6.805555555555555,15.0,14.0,1.0,6.0,0.0,0.1891891891891892,3.6750000000000007,,,,,
"Howard, O.J.",,,5.444444444444445,4.083333333333334,6.805555555555555,4.0,7.0,7.0,0.0,0.0,0.20526315789473687,3.6750000000000007,,,,,
"Driskel, Jeff",QB,Washington,5.444444444444445,4.083333333333334,6.805555555555555,3.0,0.0,6.0,0.0,0.0,0.20999999999999996,3.6750000000000007,,,,,
"Hogan, Chris",,,5.428571428571429,4.071428571428571,6.7857142857142865,4.0,3.0,0.0,0.0,0.0,0.125,3.664285714285714,,,,,
"Pettis, Dante",WR,Chicago,5.421052631578948,4.065789473684211,6.776315789473685,3.0,2.0,10.0,0.0,4.0,0.385,3.6592105263157895,,,,,
"WrightJAX, Matthew",,,5.416666666666667,4.0625,6.770833333333334,0.0,12.0,0.0,0.0,0.0,0.18461538461538465,3.65625,,,,,
"GonzalezWAS, Zane",,,5.4,4.050000000000001,6.75,0.0,0.0,0.0,0.0,5.0,0.8333333333333334,3.645000000000001,,,,,
"Allen, Davis",TE,LA Rams,5.4,4.050000000000001,6.75,0.0,0.0,0.0,3.0,2.0,0.5333333333333333,3.645000000000001,,,,,
"YorkCIN, Cade",,,5.4,4.050000000000001,6.75,0.0,0.0,0.0,0.0,5.0,0.8333333333333334,3.645000000000001,,,,,
"Herndon, IV",,,5.4,4.050000000000001,6.75,11.0,4.0,0.0,0.0,0.0,0.11875000000000001,3.645000000000001,,,,,
"Succop, Ryan",,,5.4,4.050000000000001,6.75,0.0,0.0,10.0,0.0,0.0,0.2727272727272727,3.645000000000001,,,,,
"Hyatt, Jalin",WR,NY Giants,5.384615384615385,4.038461538461538,6.730769230769232,0.0,0.0,0.0,9.0,4.0,0.5428571428571428,3.6346153846153846,,,,,
"Austin, Calvin",WR,Pittsburgh,5.37037037037037,4.027777777777778,6.712962962962963,0.0,0.0,0.0,12.0,15.0,0.7071428571428572,3.625,,,,,
"Arnold, Dan",,,5.363636363636363,4.0227272727272725,6.704545454545454,14.0,10.0,9.0,0.0,0.0,0.17941176470588235,3.620454545454545,,,,,
"FickenNYJ, Sam",,,5.333333333333333,4.0,6.666666666666666,9.0,0.0,0.0,0.0,0.0,0.09,3.6,,,,,
"Johnson, Olabisi",,,5.333333333333333,4.0,6.666666666666666,6.0,0.0,0.0,0.0,0.0,0.08571428571428573,3.6,,,,,
"Cohen, Tarik",RB,NY Jets,5.333333333333333,4.0,6.666666666666666,3.0,0.0,0.0,0.0,0.0,0.07500000000000001,3.6,,,,,
"Sims, Cam",WR,Carolina,5.333333333333333,4.0,6.666666666666666,11.0,8.0,8.0,0.0,0.0,0.18214285714285713,3.6,,,,,
"Irwin, Trenton",WR,Cincinnati,5.318181818181818,3.9886363636363638,6.647727272727273,1.0,1.0,8.0,9.0,3.0,0.4043478260869566,3.5897727272727273,,,,,
"Perry, A.T.",WR,New Orleans,5.285714285714286,3.9642857142857144,6.607142857142857,0.0,0.0,0.0,7.0,0.0,0.35000000000000003,3.567857142857143,,,,,
"JohnsonWAS, Brian",,,5.285714285714286,3.9642857142857144,6.607142857142857,0.0,7.0,0.0,0.0,0.0,0.17500000000000002,3.567857142857143,,,,,
"Bigsby, Cartavious",RB,Jacksonville,5.28,3.96,6.6000000000000005,0.0,0.0,0.0,12.0,13.0,0.6846153846153846,3.564,,,,,
"McLaughlinCLE, Chase",,,5.266666666666667,3.95,6.583333333333333,0.0,15.0,0.0,0.0,0.0,0.1875,3.555,,,,,
"Kumerow, Jake",,,5.25,3.9375,6.5625,1.0,1.0,2.0,0.0,0.0,0.18,3.54375,,,,,
"Hill, Justice",RB,Baltimore,5.25,3.9375,6.5625,6.0,0.0,12.0,15.0,15.0,0.5142857142857142,3.54375,,,,,
"Ballage, Kalen",,,5.235294117647059,3.9264705882352944,6.544117647058823,11.0,6.0,0.0,0.0,0.0,0.1277777777777778,3.533823529411765,,,,,
"Willis, Malik",QB,Tennessee,5.230769230769231,3.9230769230769234,6.538461538461538,0.0,0.0,7.0,2.0,4.0,0.4928571428571429,3.530769230769231,,,,,
"Watson, Justin",WR,Kansas City,5.222222222222222,3.916666666666667,6.527777777777778,3.0,0.0,9.0,13.0,11.0,0.518918918918919,3.5250000000000004,,,,,
"Johnson, Tyler",WR,LA Rams,5.222222222222222,3.916666666666667,6.527777777777778,7.0,12.0,0.0,0.0,8.0,0.39642857142857146,3.5250000000000004,,,,,
"Beebe, Chad",,,5.222222222222222,3.916666666666667,6.527777777777778,9.0,0.0,0.0,0.0,0.0,0.09,3.5250000000000004,,,,,
"Alie-Cox, Mo",TE,Indianapolis,5.2,3.9000000000000004,6.5,13.0,12.0,10.0,9.0,6.0,0.31960784313725493,3.5100000000000002,,,,,
"Jefferson, Jermar",RB,Detroit,5.2,3.9000000000000004,6.5,0.0,4.0,0.0,0.0,1.0,0.3,3.5100000000000002,,,,,
"Toney, Kadarius",WR,Kansas City,5.1875,3.890625,6.484375,0.0,9.0,7.0,13.0,3.0,0.3666666666666667,3.5015625,,,,,
"Tucker, Sean",RB,Tampa Bay,5.166666666666667,3.875,6.458333333333334,0.0,0.0,0.0,3.0,9.0,0.7846153846153846,3.4875000000000003,,,,,
"Jarwin, Blake",,,5.166666666666667,3.875,6.458333333333334,1.0,5.0,0.0,0.0,0.0,0.15714285714285717,3.4875000000000003,,,,,
"Chandler, Ty",RB,Minnesota,5.142857142857143,3.8571428571428577,6.428571428571429,0.0,0.0,0.0,12.0,9.0,0.6272727272727273,3.471428571428572,,,,,
"Smith, Rodney",,,5.125,3.84375,6.40625,7.0,1.0,0.0,0.0,0.0,0.10000000000000002,3.459375,,,,,
"Mims, Marvin",WR,Denver,5.115384615384615,3.8365384615384612,6.394230769230768,0.0,0.0,0.0,14.0,12.0,0.6518518518518519,3.4528846153846153,,,,,
"Zylstra, Shane",TE,Detroit,5.111111111111111,3.833333333333333,6.388888888888888,0.0,2.0,6.0,0.0,1.0,0.31999999999999995,3.4499999999999997,,,,,
"AmmendolaNYJ, Matt",,,5.111111111111111,3.833333333333333,6.388888888888888,0.0,9.0,0.0,0.0,0.0,0.18,3.4499999999999997,,,,,
"Bell, Le'Veon",,,5.111111111111111,3.833333333333333,6.388888888888888,11.0,7.0,0.0,0.0,0.0,0.13157894736842105,3.4499999999999997,,,,,
"Ahmed, Salvon",RB,Miami,5.103448275862069,3.827586206896552,6.379310344827587,6.0,11.0,5.0,7.0,0.0,0.23666666666666672,3.444827586206897,,,,,
"McKenzie, Isaiah",WR,NY Giants,5.1020408163265305,3.826530612244898,6.377551020408163,15.0,11.0,13.0,10.0,0.0,0.23199999999999998,3.443877551020408,,,,,
"Allen, Kyle",QB,Pittsburgh,5.066666666666666,3.8,6.333333333333333,4.0,2.0,2.0,6.0,1.0,0.30000000000000004,3.42,,,,,
"Hill, Brian",,,5.0625,3.796875,6.328125,16.0,0.0,0.0,0.0,0.0,0.09411764705882353,3.4171875000000003,,,,,
"Palmer, Trey",WR,Tampa Bay,5.043478260869565,3.782608695652174,6.304347826086957,0.0,0.0,0.0,16.0,7.0,0.5583333333333333,3.4043478260869566,,,,,
"Mims, Denzel",WR,Jacksonville,5.0,3.75,6.25,8.0,6.0,7.0,0.0,0.0,0.18636363636363634,3.375,,,,,
"Hudson, Tanner",TE,Cincinnati,5.0,3.75,6.25,3.0,0.0,5.0,11.0,7.0,0.4888888888888889,3.375,,,,,
"Schoonmaker, Luke",TE,Dallas,5.0,3.75,6.25,0.0,0.0,0.0,7.0,8.0,0.675,3.375,,,,,
"Mickens, Jaydon",,,5.0,3.75,6.25,2.0,1.0,0.0,0.0,0.0,0.1,3.375,,,,,
"Bryant, Hunter",,,5.0,3.75,6.25,1.0,0.0,0.0,0.0,0.0,0.05,3.375,,,,,
"Finley, Ryan",,,5.0,3.75,6.25,4.0,0.0,0.0,0.0,0.0,0.08,3.375,,,,,
"Horsted, Jesper",TE,New Orleans,5.0,3.75,6.25,0.0,2.0,1.0,1.0,0.0,0.22000000000000003,3.375,,,,,
"Fitzpatrick, Dez",WR,Pittsburgh,5.0,3.75,6.25,0.0,3.0,0.0,0.0,0.0,0.15000000000000002,3.375,,,,,
"Harty, Deonte",WR,Baltimore,5.0,3.75,6.25,9.0,12.0,3.0,10.0,0.0,0.23428571428571426,3.375,,,,,
"Brownlee, Jason",WR,NY Jets,5.0,3.75,6.25,0.0,0.0,0.0,3.0,0.0,0.30000000000000004,3.375,,,,,
"Gray, Noah",TE,Kansas City,5.0,3.75,6.25,0.0,6.0,16.0,14.0,13.0,0.49200000000000005,3.375,,,,,
"Blough, David",,,5.0,3.75,6.25,1.0,1.0,1.0,0.0,0.0,0.15000000000000002,3.375,,,,,
"PattersonATL, Riley",,,5.0,3.75,6.25,0.0,0.0,0.0,0.0,4.0,0.8,3.375,,,,,
"Gainwell, Kenny",RB,Philadelphia,4.9491525423728815,3.711864406779661,6.186440677966102,0.0,14.0,16.0,15.0,14.0,0.46,3.340677966101695,,,,,
"Bullock, Randy",,,4.928571428571429,3.6964285714285716,6.1607142857142865,0.0,0.0,9.0,5.0,0.0,0.3133333333333333,3.3267857142857147,,,,,
"Brown, Malcolm",,,4.925925925925926,3.694444444444444,6.1574074074074066,15.0,6.0,6.0,0.0,0.0,0.16071428571428573,3.3249999999999997,,,,,
"Marshall, Terrace",WR,Carolina,4.925925925925926,3.694444444444444,6.1574074074074066,0.0,9.0,11.0,5.0,2.0,0.325,3.3249999999999997,,,,,
"Demercado, Emari",RB,Arizona,4.913043478260869,3.684782608695652,6.141304347826086,0.0,0.0,0.0,11.0,12.0,0.6833333333333332,3.3163043478260867,,,,,
"Rypien, Brett",QB,Chicago,4.888888888888889,3.666666666666667,6.111111111111112,2.0,1.0,4.0,2.0,0.0,0.24000000000000005,3.3000000000000003,,,,,
"Johnson, Collin",WR,Chicago,4.875,3.65625,6.09375,9.0,5.0,0.0,1.0,1.0,0.1941176470588235,3.290625,,,,,
"All, Erick",TE,Cincinnati,4.857142857142857,3.6428571428571423,6.071428571428571,0.0,0.0,0.0,0.0,7.0,0.875,3.278571428571428,,,,,
"Sanu, Mohamed",,,4.857142857142857,3.6428571428571423,6.071428571428571,7.0,7.0,0.0,0.0,0.0,0.14,3.278571428571428,,,,,
"McCloud, Ray",,,4.803571428571429,3.6026785714285716,6.0044642857142865,10.0,13.0,12.0,6.0,15.0,0.43157894736842106,3.2424107142857146,,,,,
"Shaughnessy, O'",,,4.8,3.5999999999999996,6.0,13.0,7.0,0.0,0.0,0.0,0.1285714285714286,3.2399999999999998,,,,,
"Ammendola, Matt",,,4.8,3.5999999999999996,6.0,0.0,0.0,0.0,5.0,0.0,0.3333333333333333,3.2399999999999998,,,,,
"Swain, Freddie",WR,Chicago,4.782608695652174,3.5869565217391304,5.978260869565217,8.0,13.0,2.0,0.0,0.0,0.16666666666666666,3.2282608695652173,,,,,
"Abdullah, Ameer",RB,Las Vegas,4.781818181818182,3.586363636363637,5.9772727272727275,6.0,13.0,11.0,13.0,12.0,0.4232142857142857,3.2277272727272734,,,,,
"Bolden, Brandon",,,4.769230769230769,3.5769230769230766,5.961538461538462,0.0,15.0,8.0,3.0,0.0,0.24444444444444446,3.219230769230769,,,,,
"Cracraft, River",WR,Miami,4.769230769230769,3.5769230769230766,5.961538461538462,3.0,0.0,4.0,4.0,2.0,0.36428571428571427,3.219230769230769,,,,,
"Johnson, Kerryon",,,4.769230769230769,3.5769230769230766,5.961538461538462,13.0,0.0,0.0,0.0,0.0,0.09285714285714286,3.219230769230769,,,,,
"Kroft, Tyler",,,4.764705882352941,3.5735294117647056,5.955882352941177,6.0,7.0,4.0,0.0,0.0,0.17777777777777778,3.216176470588235,,,,,
"Walker, Phillip",QB,Seattle,4.75,3.5625,5.9375,4.0,5.0,6.0,5.0,0.0,0.24761904761904757,3.2062500000000003,,,,,
"Smith, Lee",,,4.75,3.5625,5.9375,3.0,5.0,0.0,0.0,0.0,0.14444444444444446,3.2062500000000003,,,,,
"Smith, Shi",,,4.733333333333333,3.55,5.916666666666667,0.0,4.0,11.0,0.0,0.0,0.25625,3.195,,,,,
"Mack, Marlon",,,4.7272727272727275,3.545454545454546,5.909090909090909,1.0,5.0,5.0,0.0,0.0,0.21666666666666667,3.1909090909090914,,,,,
"Oliver, Josh",TE,Minnesota,4.71875,3.5390625,5.8984375,0.0,6.0,8.0,10.0,8.0,0.4727272727272727,3.18515625,,,,,
"Brate, Cameron",,,4.714285714285714,3.5357142857142856,5.892857142857143,12.0,14.0,9.0,0.0,0.0,0.1861111111111111,3.182142857142857,,,,,
"Davis, Isaiah",RB,NY Jets,4.714285714285714,3.5357142857142856,5.892857142857143,0.0,0.0,0.0,0.0,7.0,0.875,3.182142857142857,,,,,
"Bowden, Lynn",,,4.714285714285714,3.5357142857142856,5.892857142857143,8.0,0.0,0.0,6.0,0.0,0.21333333333333335,3.182142857142857,,,,,
"Grant, Jakeem",,,4.681818181818182,3.5113636363636362,5.852272727272727,14.0,8.0,0.0,0.0,0.0,0.13043478260869565,3.1602272727272727,,,,,
"Schwartz, Anthony",WR,Miami,4.666666666666667,3.5,5.833333333333334,0.0,5.0,4.0,0.0,0.0,0.22000000000000003,3.15,,,,,
"Wilson, Albert",,,4.666666666666667,3.5,5.833333333333334,0.0,9.0,0.0,0.0,0.0,0.18,3.15,,,,,
"CastilloNYJ, Sergio",,,4.666666666666667,3.5,5.833333333333334,6.0,0.0,0.0,0.0,0.0,0.08571428571428573,3.15,,,,,
"HajrullahuCAR, Lirim",,,4.666666666666667,3.5,5.833333333333334,0.0,3.0,0.0,0.0,0.0,0.15000000000000002,3.15,,,,,
"Bellinger, Daniel",TE,NY Giants,4.655172413793103,3.4913793103448274,5.818965517241379,0.0,0.0,11.0,12.0,6.0,0.47000000000000003,3.1422413793103448,,,,,
"Scott, Boston",RB,LA Rams,4.6521739130434785,3.489130434782609,5.815217391304348,16.0,9.0,12.0,9.0,0.0,0.225531914893617,3.140217391304348,,,,,
"Akins, Jordan",TE,Cleveland,4.6440677966101696,3.483050847457627,5.805084745762712,13.0,10.0,13.0,11.0,12.0,0.39333333333333337,3.1347457627118644,,,,,
"Rudolph, Kyle",,,4.625,3.46875,5.78125,10.0,12.0,2.0,0.0,0.0,0.16,3.121875,,,,,
"Agnew, Jamal",,,4.615384615384615,3.4615384615384612,5.769230769230768,11.0,7.0,13.0,8.0,0.0,0.24000000000000005,3.115384615384615,,,,,
"Carter, DeAndre",WR,Chicago,4.609756097560975,3.4573170731707314,5.762195121951219,2.0,13.0,15.0,5.0,6.0,0.3642857142857143,3.1115853658536583,,,,,
"Melton, Bo",WR,Green Bay,4.6,3.4499999999999997,5.75,0.0,0.0,0.0,3.0,7.0,0.7454545454545454,3.105,,,,,
"Quitoriano, Teagan",TE,Houston,4.6,3.4499999999999997,5.75,0.0,0.0,3.0,2.0,0.0,0.2833333333333333,3.105,,,,,
"Bryant, Harrison",TE,Las Vegas,4.586956521739131,3.440217391304348,5.733695652173914,11.0,11.0,12.0,8.0,4.0,0.30000000000000004,3.0961956521739133,,,,,
"Goodson, Tyler",RB,Indianapolis,4.583333333333333,3.4375,5.729166666666666,0.0,0.0,0.0,5.0,7.0,0.6923076923076923,3.09375,,,,,
"Cager, Lawrence",TE,NY Giants,4.571428571428571,3.4285714285714284,5.7142857142857135,1.0,0.0,3.0,3.0,0.0,0.275,3.0857142857142854,,,,,
"Dissly, Will",TE,LA Chargers,4.564516129032258,3.4233870967741935,5.705645161290322,14.0,12.0,15.0,9.0,12.0,0.37936507936507935,3.081048387096774,,,,,
"BaileyMIN, Dan",,,4.5625,3.421875,5.703125,16.0,0.0,0.0,0.0,0.0,0.09411764705882353,3.0796875,,,,,
"Ross, John",WR,Philadelphia,4.555555555555555,3.4166666666666665,5.694444444444445,1.0,7.0,0.0,0.0,1.0,0.25,3.0749999999999997,,,,,
"Jordan, Brevin",TE,Houston,4.518518518518518,3.3888888888888884,5.648148148148148,0.0,8.0,8.0,9.0,2.0,0.34285714285714286,3.05,,,,,
"Moore, Jason",,,4.5,3.375,5.625,0.0,1.0,1.0,0.0,0.0,0.16666666666666666,3.0375,,,,,
"Ratley, Damion",,,4.5,3.375,5.625,2.0,0.0,0.0,0.0,0.0,0.06666666666666667,3.0375,,,,,
"Stills, Kenny",,,4.5,3.375,5.625,6.0,4.0,0.0,0.0,0.0,0.1272727272727273,3.0375,,,,,
"Fehoko, Simi",WR,LA Chargers,4.5,3.375,5.625,0.0,0.0,2.0,1.0,3.0,0.5714285714285714,3.0375,,,,,
"Firkser, Anthony",,,4.5,3.375,5.625,14.0,14.0,6.0,0.0,0.0,0.17142857142857143,3.0375,,,,,
"Sternberger, Jace",,,4.5,3.375,5.625,6.0,0.0,0.0,0.0,0.0,0.08571428571428573,3.0375,,,,,
"Calcaterra, Grant",TE,Philadelphia,4.5,3.375,5.625,0.0,0.0,4.0,1.0,9.0,0.7066666666666667,3.0375,,,,,
"Skowronek, Ben",WR,Houston,4.5,3.375,5.625,0.0,5.0,13.0,6.0,4.0,0.3896551724137931,3.0375,,,,,
"Mayer, Michael",TE,Las Vegas,4.5,3.375,5.625,0.0,0.0,0.0,12.0,8.0,0.6095238095238096,3.0375,,,,,
"Hollister, Jacob",,,4.470588235294118,3.3529411764705883,5.588235294117647,13.0,4.0,0.0,0.0,0.0,0.11666666666666667,3.0176470588235293,,,,,
"Barner, AJ",TE,Seattle,4.461538461538462,3.3461538461538463,5.576923076923077,0.0,0.0,0.0,0.0,13.0,0.9285714285714286,3.0115384615384615,,,,,
"Dwelley, Ross",TE,Atlanta,4.444444444444445,3.3333333333333335,5.555555555555555,10.0,3.0,3.0,1.0,1.0,0.20526315789473684,3.0,,,,,
"Hodge, Khadarel",WR,Atlanta,4.4375,3.328125,5.546875,5.0,8.0,7.0,9.0,3.0,0.32727272727272727,2.9953125000000003,,,,,
"Jackson, Deon",,,4.4375,3.328125,5.546875,0.0,3.0,11.0,2.0,0.0,0.27647058823529413,2.9953125000000003,,,,,
"Turpin, KaVontae",WR,Dallas,4.428571428571429,3.3214285714285716,5.5357142857142865,0.0,0.0,5.0,11.0,12.0,0.6172413793103447,2.9892857142857143,,,,,
"Trautman, Adam",TE,Denver,4.425531914893617,3.3191489361702127,5.531914893617022,9.0,9.0,10.0,11.0,8.0,0.3770833333333334,2.9872340425531916,,,,,
"Allen, Braelon",RB,NY Jets,4.4,3.3000000000000003,5.5,0.0,0.0,0.0,0.0,15.0,0.9375,2.97,,,,,
"SeibertCIN, Austin",,,4.4,3.3000000000000003,5.5,5.0,0.0,0.0,0.0,0.0,0.08333333333333333,2.97,,,,,
"Mingo, Jonathan",WR,Carolina,4.391304347826087,3.2934782608695654,5.489130434782608,0.0,0.0,0.0,15.0,8.0,0.5833333333333334,2.964130434782609,,,,,
"Beathard, C.J.",QB,Jacksonville,4.388888888888889,3.291666666666667,5.486111111111112,6.0,2.0,4.0,6.0,0.0,0.24210526315789477,2.9625000000000004,,,,,
"Wright, Brock",TE,Detroit,4.387096774193548,3.290322580645161,5.483870967741935,0.0,5.0,10.0,8.0,8.0,0.475,2.961290322580645,,,,,
"Duvernay, Devin",WR,Jacksonville,4.37037037037037,3.2777777777777777,5.462962962962963,14.0,15.0,13.0,4.0,8.0,0.32545454545454544,2.95,,,,,
"Parkinson, Colby",TE,LA Rams,4.35,3.2624999999999997,5.4375,1.0,3.0,12.0,12.0,12.0,0.5146341463414634,2.93625,,,,,
"Harry, N'Keal",WR,Minnesota,4.346153846153846,3.259615384615384,5.4326923076923075,12.0,9.0,5.0,0.0,0.0,0.16666666666666666,2.9336538461538457,,,,,
"Auclair, Antony",,,4.333333333333333,3.25,5.416666666666666,0.0,3.0,0.0,0.0,0.0,0.15000000000000002,2.9250000000000003,,,,,
"Bell, Ronnie",WR,San Francisco,4.333333333333333,3.25,5.416666666666666,0.0,0.0,0.0,4.0,2.0,0.5142857142857143,2.9250000000000003,,,,,
"Patmon, Dezmon",,,4.333333333333333,3.25,5.416666666666666,0.0,2.0,1.0,0.0,0.0,0.175,2.9250000000000003,,,,,
"White, Kevin",,,4.333333333333333,3.25,5.416666666666666,0.0,1.0,2.0,0.0,0.0,0.2,2.9250000000000003,,,,,
"Green, Virgil",,,4.333333333333333,3.25,5.416666666666666,3.0,0.0,0.0,0.0,0.0,0.07500000000000001,2.9250000000000003,,,,,
"Franklin, Troy",WR,Denver,4.3076923076923075,3.230769230769231,5.384615384615384,0.0,0.0,0.0,0.0,13.0,0.9285714285714286,2.907692307692308,,,,,
"Tremble, Tommy",TE,Carolina,4.3023255813953485,3.2267441860465116,5.377906976744185,0.0,12.0,10.0,12.0,9.0,0.43636363636363645,2.9040697674418605,,,,,
"Miller, Kendre",RB,New Orleans,4.3,3.2249999999999996,5.375,0.0,0.0,0.0,6.0,4.0,0.5818181818181819,2.9025,,,,,
"Pruitt, MyCole",TE,Pittsburgh,4.264705882352941,3.1985294117647056,5.330882352941177,4.0,10.0,8.0,7.0,5.0,0.36,2.878676470588235,,,,,
"Barber, Peyton",,,4.260869565217392,3.195652173913044,5.326086956521739,14.0,9.0,0.0,0.0,0.0,0.13333333333333333,2.8760869565217395,,,,,
"McLaughlinNYJ, Chase",,,4.25,3.1875,5.3125,4.0,0.0,0.0,0.0,0.0,0.08,2.86875,,,,,
"Strachan, Mike",WR,Carolina,4.25,3.1875,5.3125,0.0,1.0,2.0,1.0,0.0,0.24000000000000005,2.86875,,,,,
"Spann-Ford, Brevyn",TE,Dallas,4.25,3.1875,5.3125,0.0,0.0,0.0,0.0,4.0,0.8,2.86875,,,,,
"Krull, Lucas",TE,Denver,4.25,3.1875,5.3125,0.0,0.0,0.0,4.0,8.0,0.7384615384615384,2.86875,,,,,
"Reagor, Jalen",WR,New England,4.204545454545454,3.153409090909091,5.2556818181818175,11.0,15.0,7.0,5.0,6.0,0.31555555555555553,2.8380681818181817,,,,,
"Brown, Dyami",WR,Washington,4.2,3.1500000000000004,5.25,0.0,8.0,5.0,8.0,14.0,0.5638888888888889,2.8350000000000004,,,,,
"HopkinsCLE, Dustin",,,4.2,3.1500000000000004,5.25,0.0,0.0,0.0,0.0,15.0,0.9375,2.8350000000000004,,,,,
"Hinton, Kendall",,,4.2,3.1500000000000004,5.25,1.0,8.0,11.0,0.0,0.0,0.23809523809523808,2.8350000000000004,,,,,
"Ryland, Chad",K,New England,4.2,3.1500000000000004,5.25,0.0,0.0,0.0,15.0,0.0,0.375,2.8350000000000004,,,,,
"Zylstra, Brandon",,,4.166666666666667,3.125,5.208333333333334,4.0,8.0,0.0,0.0,0.0,0.15384615384615385,2.8125,,,,,
"Miller, Ryan",WR,Tampa Bay,4.142857142857143,3.1071428571428577,5.178571428571429,0.0,0.0,0.0,0.0,7.0,0.875,2.796428571428572,,,,,
"Dorsett, Phillip",WR,Denver,4.133333333333334,3.1000000000000005,5.166666666666667,0.0,4.0,11.0,0.0,0.0,0.25625,2.7900000000000005,,,,,
"Morris, Quintin",TE,Buffalo,4.111111111111111,3.083333333333333,5.138888888888888,0.0,0.0,5.0,2.0,2.0,0.43,2.775,,,,,
"Tate, Auden",,,4.111111111111111,3.083333333333333,5.138888888888888,6.0,3.0,0.0,0.0,0.0,0.12000000000000002,2.775,,,,,
"Hasty, JaMycal",RB,New England,4.111111111111111,3.083333333333333,5.138888888888888,6.0,9.0,12.0,0.0,9.0,0.40540540540540543,2.775,,,,,
"Heath, Malik",WR,Green Bay,4.1,3.0749999999999997,5.125,0.0,0.0,0.0,7.0,3.0,0.5272727272727273,2.7674999999999996,,,,,
"Rodriguez, Christopher",RB,Washington,4.076923076923077,3.0576923076923075,5.096153846153846,0.0,0.0,0.0,8.0,5.0,0.5857142857142856,2.751923076923077,,,,,
"Ogletree, Andrew",TE,Indianapolis,4.076923076923077,3.0576923076923075,5.096153846153846,0.0,0.0,0.0,6.0,7.0,0.6714285714285715,2.751923076923077,,,,,
"Lindsay, Phillip",,,4.074074074074074,3.055555555555556,5.0925925925925934,11.0,13.0,3.0,0.0,0.0,0.16428571428571428,2.7500000000000004,,,,,
"Shaheen, Adam",,,4.066666666666666,3.05,5.083333333333333,9.0,6.0,0.0,0.0,0.0,0.13125,2.745,,,,,
"Coleman, Tevin",,,4.055555555555555,3.0416666666666665,5.069444444444445,6.0,10.0,2.0,0.0,0.0,0.16842105263157894,2.7375,,,,,
"Reynolds, Craig",RB,Detroit,4.043478260869565,3.032608695652174,5.054347826086957,1.0,4.0,6.0,7.0,5.0,0.4375,2.7293478260869564,,,,,
"AmmendolaGB, Matt",,,4.0,3.0,5.0,0.0,0.0,4.0,0.0,0.0,0.24,2.7,,,,,
"Smallwood, Wendell",,,4.0,3.0,5.0,0.0,2.0,0.0,0.0,0.0,0.13333333333333333,2.7,,,,,
"Arcega-Whiteside, J.J.",,,4.0,3.0,5.0,4.0,2.0,0.0,0.0,0.0,0.1142857142857143,2.7,,,,,
"Isabella, Andy",WR,Buffalo,4.0,3.0,5.0,10.0,1.0,3.0,0.0,0.0,0.13999999999999999,2.7,,,,,
"Fountain, Daurice",WR,Detroit,4.0,3.0,5.0,1.0,0.0,0.0,0.0,0.0,0.05,2.7,,,,,
"Yeboah, Kenny",TE,NY Jets,4.0,3.0,5.0,0.0,1.0,0.0,1.0,3.0,0.6,2.7,,,,,
"Fortson, Joe",TE,Miami,4.0,3.0,5.0,0.0,4.0,7.0,0.0,1.0,0.30000000000000004,2.7,,,,,
"Smartt, Stone",TE,LA Chargers,4.0,3.0,5.0,0.0,0.0,3.0,6.0,6.0,0.58125,2.7,,,,,
"ForbathLA, Kai",,,4.0,3.0,5.0,2.0,0.0,0.0,0.0,0.0,0.06666666666666667,2.7,,,,,
"Baldwin, Daylen",WR,Atlanta,4.0,3.0,5.0,0.0,0.0,1.0,0.0,0.0,0.15,2.7,,,,,
"Corbin, Jashaun",RB,NY Giants,4.0,3.0,5.0,0.0,0.0,0.0,1.0,0.0,0.2,2.7,,,,,
"Williams, Seth",WR,Jacksonville,4.0,3.0,5.0,0.0,1.0,0.0,0.0,0.0,0.1,2.7,,,,,
"Swaim, Geoff",,,4.0,3.0,5.0,4.0,12.0,7.0,6.0,1.0,0.267741935483871,2.7,,,,,
"Pope, Troymaine",,,4.0,3.0,5.0,4.0,0.0,0.0,0.0,0.0,0.08,2.7,,,,,
"Wright, Isaiah",,,4.0,3.0,5.0,10.0,0.0,0.0,0.0,0.0,0.09090909090909091,2.7,,,,,
"Burnett, Deontay",WR,Dallas,4.0,3.0,5.0,1.0,0.0,0.0,0.0,0.0,0.05,2.7,,,,,
"Virgil, Jalen",WR,Denver,4.0,3.0,5.0,0.0,0.0,3.0,0.0,0.0,0.22499999999999998,2.7,,,,,
"Wilson, Johnny",WR,Philadelphia,4.0,3.0,5.0,0.0,0.0,0.0,0.0,2.0,0.6666666666666666,2.7,,,,,
"McAtamneyNYG, Jude",,,4.0,3.0,5.0,0.0,0.0,0.0,0.0,1.0,0.5,2.7,,,,,
"Seibert, Austin",K,NY Jets,4.0,3.0,5.0,0.0,0.0,0.0,1.0,0.0,0.2,2.7,,,,,
"Thornton, Tyquan",WR,New England,3.9545454545454546,2.965909090909091,4.943181818181818,0.0,0.0,11.0,9.0,2.0,0.3869565217391305,2.669318181818182,,,,,
"Boykin, Miles",WR,NY Giants,3.9444444444444446,2.9583333333333335,4.930555555555555,12.0,1.0,2.0,3.0,0.0,0.16842105263157894,2.6625,,,,,
"Wilkins, Jordan",,,3.9375,2.953125,4.921875,12.0,0.0,4.0,0.0,0.0,0.14117647058823532,2.6578125,,,,,
"Rogers, Chester",,,3.9285714285714284,2.946428571428571,4.910714285714286,0.0,13.0,1.0,0.0,0.0,0.19333333333333333,2.651785714285714,,,,,
"Smith, Ito",,,3.9166666666666665,2.9375,4.895833333333333,12.0,0.0,0.0,0.0,0.0,0.09230769230769233,2.6437500000000003,,,,,
"Williams, Damien",,,3.9166666666666665,2.9375,4.895833333333333,0.0,8.0,1.0,3.0,0.0,0.2384615384615385,2.6437500000000003,,,,,
"Wallace, Tylan",WR,Baltimore,3.909090909090909,2.9318181818181817,4.886363636363637,0.0,2.0,3.0,0.0,6.0,0.6083333333333333,2.6386363636363637,,,,,
"Boyle, Nick",,,3.888888888888889,2.9166666666666665,4.861111111111111,8.0,1.0,0.0,0.0,0.0,0.1,2.625,,,,,
"Juszczyk, Kyle",RB,San Francisco,3.888888888888889,2.9166666666666665,4.861111111111111,16.0,15.0,11.0,9.0,12.0,0.3671875,2.625,,,,,
"Philips, Kyle",WR,Tennessee,3.888888888888889,2.9166666666666665,4.861111111111111,0.0,0.0,3.0,6.0,0.0,0.33,2.625,,,,,
"McNichols, Jeremy",RB,Washington,3.875,2.90625,4.84375,14.0,13.0,0.0,0.0,13.0,0.4146341463414634,2.615625,,,,,
"Smythe, Durham",TE,Miami,3.8518518518518516,2.888888888888889,4.814814814814815,12.0,12.0,10.0,11.0,9.0,0.36363636363636365,2.6,,,,,
"Kelley, Joshua",,,3.8333333333333335,2.875,4.791666666666667,13.0,8.0,11.0,16.0,0.0,0.2571428571428572,2.5875,,,,,
"Perine, Lamical",RB,Pittsburgh,3.8333333333333335,2.875,4.791666666666667,9.0,2.0,0.0,1.0,0.0,0.13076923076923078,2.5875,,,,,
"Smith, Jeff",WR,Arizona,3.823529411764706,2.8676470588235294,4.779411764705882,7.0,5.0,5.0,0.0,0.0,0.17777777777777778,2.5808823529411766,,,,,
"Granson, Kylen",TE,Indianapolis,3.8048780487804876,2.8536585365853657,4.7560975609756095,0.0,9.0,13.0,12.0,7.0,0.4166666666666667,2.5682926829268293,,,,,
"Streveler, Chris",,,3.8,2.8499999999999996,4.75,2.0,2.0,1.0,0.0,0.0,0.15000000000000002,2.565,,,,,
"Walter, Austin",,,3.8,2.8499999999999996,4.75,1.0,4.0,0.0,0.0,0.0,0.15,2.565,,,,,
"James, Jesse",,,3.7857142857142856,2.8392857142857144,4.732142857142857,11.0,3.0,0.0,0.0,0.0,0.11333333333333334,2.555357142857143,,,,,
"Sample, Drew",TE,Cincinnati,3.7804878048780486,2.835365853658536,4.725609756097561,14.0,6.0,2.0,11.0,8.0,0.37142857142857144,2.551829268292683,,,,,
"Whyle, Josh",TE,Tennessee,3.7777777777777777,2.833333333333333,4.722222222222222,0.0,0.0,0.0,7.0,11.0,0.7263157894736842,2.55,,,,,
"Austin, Tavon",,,3.769230769230769,2.8269230769230766,4.711538461538462,3.0,10.0,0.0,0.0,0.0,0.16428571428571428,2.544230769230769,,,,,
"SantosoLA, Ryan",,,3.75,2.8125,4.6875,0.0,4.0,0.0,0.0,0.0,0.16,2.53125,,,,,
"Polk, Ja'Lynn",WR,New England,3.75,2.8125,4.6875,0.0,0.0,0.0,0.0,8.0,0.8888888888888888,2.53125,,,,,
"Cleveland, Tyrie",WR,Indianapolis,3.75,2.8125,4.6875,3.0,0.0,1.0,0.0,0.0,0.12000000000000002,2.53125,,,,,
"Dallas, DeeJay",RB,Arizona,3.731707317073171,2.798780487804878,4.664634146341464,8.0,10.0,10.0,9.0,4.0,0.3190476190476191,2.5189024390243904,,,,,
"Brown, Pharaoh",TE,Seattle,3.72972972972973,2.7972972972972974,4.662162162162162,7.0,10.0,6.0,8.0,6.0,0.36052631578947364,2.5175675675675677,,,,,
"Higgins, Elijah",TE,Arizona,3.6842105263157894,2.763157894736842,4.605263157894736,0.0,0.0,0.0,7.0,12.0,0.74,2.486842105263158,,,,,
"Covey, Britain",WR,Philadelphia,3.6666666666666665,2.75,4.583333333333333,0.0,0.0,0.0,1.0,2.0,0.6,2.475,,,,,
"Dafney, Dominique",,,3.6666666666666665,2.75,4.583333333333333,2.0,1.0,0.0,0.0,0.0,0.1,2.475,,,,,
"VizcainoLAC, Tristan",,,3.6666666666666665,2.75,4.583333333333333,0.0,6.0,0.0,0.0,0.0,0.17142857142857146,2.475,,,,,
"Morris, Alfred",,,3.6666666666666665,2.75,4.583333333333333,9.0,0.0,0.0,0.0,0.0,0.09,2.475,,,,,
"Winfree, Juwann",WR,Indianapolis,3.6666666666666665,2.75,4.583333333333333,0.0,2.0,1.0,0.0,0.0,0.175,2.475,,,,,
"Vannett, Nick",TE,Tennessee,3.6666666666666665,2.75,4.583333333333333,8.0,4.0,4.0,0.0,8.0,0.43200000000000005,2.475,,,,,
"Carr, Austin",,,3.6666666666666665,2.75,4.583333333333333,3.0,0.0,0.0,0.0,0.0,0.07500000000000001,2.475,,,,,
"Benson, Trinity",,,3.6,2.7,4.5,0.0,5.0,0.0,0.0,0.0,0.16666666666666666,2.43,,,,,
"Griffin, Ryan",,,3.590909090909091,2.6931818181818183,4.488636363636363,4.0,14.0,4.0,0.0,0.0,0.19130434782608696,2.4238636363636368,,,,,
"Sharpe, Tajae",,,3.5833333333333335,2.6875,4.479166666666667,0.0,12.0,0.0,0.0,0.0,0.18461538461538465,2.41875,,,,,
"Boyle, Tim",QB,Houston,3.5625,2.671875,4.453125,7.0,3.0,0.0,3.0,3.0,0.3235294117647059,2.4046875,,,,,
"Washington, Malik",WR,Miami,3.5555555555555554,2.6666666666666665,4.444444444444445,0.0,0.0,0.0,0.0,9.0,0.9,2.4,,,,,
"Heyward, Connor",TE,Pittsburgh,3.55,2.6624999999999996,4.4375,0.0,0.0,7.0,9.0,4.0,0.4619047619047619,2.3962499999999998,,,,,
"Kolar, Charlie",TE,Baltimore,3.5454545454545454,2.659090909090909,4.431818181818182,0.0,0.0,0.0,4.0,7.0,0.7166666666666667,2.3931818181818185,,,,,
"Sherfield, Trent",WR,Minnesota,3.5405405405405403,2.6554054054054053,4.425675675675675,2.0,6.0,15.0,6.0,8.0,0.42894736842105263,2.389864864864865,,,,,
"Anderson, Stephen",,,3.533333333333333,2.65,4.416666666666666,3.0,10.0,2.0,0.0,0.0,0.18125,2.385,,,,,
"Homer, Travis",RB,Chicago,3.53125,2.6484375,4.4140625,9.0,11.0,8.0,0.0,4.0,0.2878787878787879,2.38359375,,,,,
"Bell, David",WR,Cleveland,3.526315789473684,2.644736842105263,4.407894736842105,0.0,0.0,12.0,6.0,1.0,0.35,2.3802631578947366,,,,,
"Lewis, Marcedes",TE,Chicago,3.5161290322580645,2.6370967741935485,4.395161290322581,9.0,11.0,6.0,4.0,1.0,0.234375,2.3733870967741937,,,,,
"BlewittCLE, Chris",,,3.5,2.625,4.375,0.0,2.0,0.0,0.0,0.0,0.13333333333333333,2.3625000000000003,,,,,
"Ridley, Riley",,,3.5,2.625,4.375,2.0,0.0,0.0,0.0,0.0,0.06666666666666667,2.3625000000000003,,,,,
"Ehlinger, Sam",QB,Indianapolis,3.5,2.625,4.375,0.0,3.0,3.0,0.0,0.0,0.21428571428571427,2.3625000000000003,,,,,
"Washington, DeAndre",,,3.5,2.625,4.375,4.0,0.0,0.0,0.0,0.0,0.08,2.3625000000000003,,,,,
"Johnson, KeeSean",,,3.5,2.625,4.375,8.0,0.0,0.0,0.0,0.0,0.08888888888888889,2.3625000000000003,,,,,
"White, Cody",WR,Seattle,3.5,2.625,4.375,0.0,2.0,1.0,0.0,1.0,0.33999999999999997,2.3625000000000003,,,,,
"Turner, D.J.",WR,Las Vegas,3.5,2.625,4.375,0.0,0.0,2.0,0.0,10.0,0.8153846153846154,2.3625000000000003,,,,,
"Myarick, Chris",,,3.5,2.625,4.375,0.0,2.0,6.0,0.0,0.0,0.2444444444444444,2.3625000000000003,,,,,
"Griffin, Garrett",,,3.5,2.625,4.375,0.0,2.0,0.0,0.0,0.0,0.13333333333333333,2.3625000000000003,,,,,
"Mack, Austin",WR,Atlanta,3.5,2.625,4.375,4.0,0.0,0.0,0.0,0.0,0.08,2.3625000000000003,,,,,
"Freeman, Royce",RB,Dallas,3.484848484848485,2.6136363636363638,4.356060606060606,11.0,11.0,3.0,8.0,0.0,0.21764705882352942,2.3522727272727275,,,,,
"Dulin, Ashton",WR,Indianapolis,3.4827586206896552,2.6120689655172415,4.353448275862069,4.0,12.0,7.0,0.0,6.0,0.36333333333333334,2.3508620689655175,,,,,
"Sermon, Trey",RB,Indianapolis,3.4583333333333335,2.59375,4.322916666666667,0.0,5.0,1.0,6.0,12.0,0.628,2.334375,,,,,
"Felton, Demetric",RB,Chicago,3.4545454545454546,2.590909090909091,4.318181818181818,0.0,9.0,2.0,0.0,0.0,0.19999999999999998,2.331818181818182,,,,,
"Evans, Chris",RB,Cincinnati,3.4166666666666665,2.5625,4.270833333333333,0.0,8.0,3.0,1.0,0.0,0.22307692307692306,2.30625,,,,,
"Bates, John",TE,Washington,3.40625,2.5546875,4.2578125,0.0,10.0,6.0,10.0,6.0,0.4181818181818182,2.29921875,,,,,
"Evans, Darrynton",RB,Buffalo,3.4,2.55,4.25,4.0,1.0,3.0,6.0,1.0,0.30625,2.295,,,,,
"RosasDET, Aldrick",,,3.4,2.55,4.25,0.0,5.0,0.0,0.0,0.0,0.16666666666666666,2.295,,,,,
"Mitchell, Adonai",WR,Indianapolis,3.3846153846153846,2.5384615384615383,4.230769230769231,0.0,0.0,0.0,0.0,13.0,0.9285714285714286,2.2846153846153845,,,,,
"Moore, Skyy",WR,Kansas City,3.3846153846153846,2.5384615384615383,4.230769230769231,0.0,0.0,14.0,12.0,0.0,0.3333333333333333,2.2846153846153845,,,,,
"Thompson-Robinson, Dorian",QB,Cleveland,3.3636363636363638,2.522727272727273,4.204545454545455,0.0,0.0,0.0,7.0,4.0,0.5666666666666668,2.2704545454545455,,,,,
"Bobo, Jake",WR,Seattle,3.35,2.5125,4.1875,0.0,0.0,0.0,12.0,8.0,0.6095238095238096,2.2612500000000004,,,,,
"Benson, Trey",RB,Arizona,3.3333333333333335,2.5,4.166666666666667,0.0,0.0,0.0,0.0,12.0,0.9230769230769231,2.25,,,,,
"Mitchell, Steven",,,3.3333333333333335,2.5,4.166666666666667,3.0,0.0,0.0,0.0,0.0,0.07500000000000001,2.25,,,,,
"Brooks, Jalen",WR,Dallas,3.3333333333333335,2.5,4.166666666666667,0.0,0.0,0.0,2.0,10.0,0.8307692307692308,2.25,,,,,
"Erickson, Alex",,,3.3333333333333335,2.5,4.166666666666667,8.0,3.0,0.0,7.0,0.0,0.2210526315789474,2.25,,,,,
"Huntley, Caleb",,,3.3333333333333335,2.5,4.166666666666667,0.0,0.0,12.0,0.0,0.0,0.2769230769230769,2.25,,,,,
"Sweeney, Tommy",TE,Chicago,3.3333333333333335,2.5,4.166666666666667,0.0,5.0,1.0,0.0,0.0,0.18571428571428572,2.25,,,,,
"Keenum, Case",QB,Houston,3.3333333333333335,2.5,4.166666666666667,1.0,4.0,2.0,2.0,0.0,0.22999999999999998,2.25,,,,,
"Smith-Marsette, Ihmir",WR,Carolina,3.3333333333333335,2.5,4.166666666666667,0.0,2.0,2.0,5.0,0.0,0.3,2.25,,,,,
"Patterson, Jaret",RB,LA Chargers,3.3076923076923075,2.480769230769231,4.134615384615384,0.0,13.0,0.0,0.0,0.0,0.18571428571428572,2.2326923076923078,,,,,
"Tomlinson, Eric",TE,Indianapolis,3.2857142857142856,2.4642857142857144,4.107142857142857,0.0,1.0,4.0,0.0,2.0,0.425,2.217857142857143,,,,,
"Proche, James",WR,Cleveland,3.2857142857142856,2.4642857142857144,4.107142857142857,1.0,5.0,4.0,1.0,3.0,0.37999999999999995,2.217857142857143,,,,,
"Batson, Cameron",,,3.272727272727273,2.4545454545454546,4.090909090909091,8.0,3.0,0.0,0.0,0.0,0.11666666666666668,2.209090909090909,,,,,
"Mundt, John",TE,Minnesota,3.272727272727273,2.4545454545454546,4.090909090909091,2.0,1.0,12.0,8.0,10.0,0.5058823529411764,2.209090909090909,,,,,
"Rodgers, Amari",,,3.272727272727273,2.4545454545454546,4.090909090909091,0.0,3.0,8.0,0.0,0.0,0.25,2.209090909090909,,,,,
"Metchie, John",WR,Houston,3.263157894736842,2.4473684210526314,4.078947368421052,0.0,0.0,0.0,12.0,7.0,0.5900000000000001,2.2026315789473685,,,,,
"Ogunbowale, Dare",RB,Houston,3.255813953488372,2.441860465116279,4.069767441860465,6.0,8.0,10.0,7.0,12.0,0.45454545454545453,2.197674418604651,,,,,
"Burton, Jermaine",WR,Cincinnati,3.25,2.4375,4.0625,0.0,0.0,0.0,0.0,4.0,0.8,2.19375,,,,,
"Harris, Kevin",RB,New England,3.25,2.4375,4.0625,0.0,0.0,5.0,3.0,0.0,0.30000000000000004,2.19375,,,,,
"Sims, Steven",WR,Houston,3.25,2.4375,4.0625,11.0,0.0,10.0,2.0,1.0,0.236,2.19375,,,,,
"Izzo, Ryan",,,3.25,2.4375,4.0625,8.0,0.0,0.0,0.0,0.0,0.08888888888888889,2.19375,,,,,
"Vidal, Kimani",RB,LA Chargers,3.25,2.4375,4.0625,0.0,0.0,0.0,0.0,8.0,0.8888888888888888,2.19375,,,,,
"Kennedy, Tom",WR,Detroit,3.25,2.4375,4.0625,0.0,3.0,5.0,0.0,0.0,0.23333333333333334,2.19375,,,,,
"Powell, Brandon",WR,Minnesota,3.25,2.4375,4.0625,9.0,0.0,14.0,11.0,6.0,0.3780487804878049,2.19375,,,,,
"Montgomery, Ty",,,3.2222222222222223,2.416666666666667,4.027777777777778,3.0,9.0,1.0,5.0,0.0,0.23157894736842108,2.1750000000000003,,,,,
"Witten, Jason",,,3.2222222222222223,2.416666666666667,4.027777777777778,9.0,0.0,0.0,0.0,0.0,0.09,2.1750000000000003,,,,,
"Wilson, Emanuel",RB,Green Bay,3.210526315789474,2.4078947368421053,4.0131578947368425,0.0,0.0,0.0,5.0,14.0,0.8,2.167105263157895,,,,,
"Bandy, Michael",WR,Denver,3.2,2.4000000000000004,4.0,0.0,0.0,5.0,0.0,0.0,0.25,2.1600000000000006,,,,,
"Snell, Benjamin",,,3.2,2.4000000000000004,4.0,15.0,12.0,3.0,0.0,0.0,0.1548387096774194,2.1600000000000006,,,,,
"Mallory, Will",TE,Indianapolis,3.1666666666666665,2.375,3.958333333333333,0.0,0.0,0.0,8.0,4.0,0.5538461538461539,2.1375,,,,,
"Johnson, D'Ernest",RB,Jacksonville,3.152173913043478,2.3641304347826084,3.9402173913043477,8.0,11.0,3.0,14.0,10.0,0.4148936170212766,2.1277173913043477,,,,,
"Hendershot, Peyton",TE,Dallas,3.142857142857143,2.357142857142857,3.9285714285714284,0.0,0.0,7.0,4.0,3.0,0.44666666666666666,2.1214285714285714,,,,,
"Daniels, Darrell",,,3.142857142857143,2.357142857142857,3.9285714285714284,6.0,1.0,0.0,0.0,0.0,0.1,2.1214285714285714,,,,,
"Henne, Chad",,,3.125,2.34375,3.90625,3.0,4.0,1.0,0.0,0.0,0.15555555555555556,2.109375,,,,,
"Mitchell, James",TE,Detroit,3.125,2.34375,3.90625,0.0,0.0,7.0,1.0,0.0,0.2777777777777778,2.109375,,,,,
"Hightower, John",,,3.125,2.34375,3.90625,8.0,0.0,0.0,0.0,0.0,0.08888888888888889,2.109375,,,,,
"Sullivan, Stephen",TE,Carolina,3.111111111111111,2.3333333333333335,3.888888888888889,0.0,0.0,2.0,7.0,0.0,0.34,2.1,,,,,
"Stover, Cade",TE,Houston,3.111111111111111,2.3333333333333335,3.888888888888889,0.0,0.0,0.0,0.0,9.0,0.9,2.1,,,,,
"Adkins, Nate",TE,Denver,3.0833333333333335,2.3125,3.854166666666667,0.0,0.0,0.0,3.0,9.0,0.7846153846153846,2.0812500000000003,,,,,
"Lewis, Dion",,,3.0625,2.296875,3.828125,16.0,0.0,0.0,0.0,0.0,0.09411764705882353,2.0671875,,,,,
"Saubert, Eric",TE,San Francisco,3.0416666666666665,2.28125,3.802083333333333,3.0,6.0,8.0,2.0,5.0,0.38799999999999996,2.053125,,,,,
"McSorley, Trace",,,3.0,2.25,3.75,2.0,0.0,4.0,0.0,0.0,0.19999999999999998,2.025,,,,,
"Sinnott, Ben",TE,Washington,3.0,2.25,3.75,0.0,0.0,0.0,0.0,4.0,0.8,2.025,,,,,
"Bertolet, Taylor",,,3.0,2.25,3.75,0.0,0.0,1.0,0.0,0.0,0.15,2.025,,,,,
"McCoy, LeSean",,,3.0,2.25,3.75,8.0,0.0,0.0,0.0,0.0,0.08888888888888889,2.025,,,,,
"Dotson, Elijah",RB,LA Chargers,3.0,2.25,3.75,0.0,0.0,0.0,1.0,0.0,0.2,2.025,,,,,
"Flournoy, Ryan",WR,Dallas,3.0,2.25,3.75,0.0,0.0,0.0,0.0,4.0,0.8,2.025,,,,,
"Williams, Tyrell",,,3.0,2.25,3.75,0.0,1.0,0.0,0.0,0.0,0.1,2.025,,,,,
"Warring, Kahale",,,3.0,2.25,3.75,2.0,0.0,0.0,0.0,0.0,0.06666666666666667,2.025,,,,,
"Perkins, Bryce",,,3.0,2.25,3.75,0.0,0.0,5.0,0.0,0.0,0.25,2.025,,,,,
"DiNucci, Ben",,,3.0,2.25,3.75,2.0,0.0,0.0,0.0,0.0,0.06666666666666667,2.025,,,,,
"Tipton, Mason",WR,New Orleans,3.0,2.25,3.75,0.0,0.0,0.0,0.0,7.0,0.875,2.025,,,,,
"Houston, Dennis",WR,NY Giants,3.0,2.25,3.75,0.0,0.0,1.0,0.0,0.0,0.15,2.025,,,,,
"Kieft, Ko",TE,Tampa Bay,3.0,2.25,3.75,0.0,0.0,7.0,1.0,0.0,0.2777777777777778,2.025,,,,,
"Armstead, Ryquell",,,3.0,2.25,3.75,0.0,1.0,0.0,0.0,0.0,0.1,2.025,,,,,
"Deguara, Josiah",TE,Jacksonville,3.0,2.25,3.75,1.0,11.0,7.0,4.0,3.0,0.3333333333333333,2.025,,,,,
"Austin, Kevin",WR,New Orleans,3.0,2.25,3.75,0.0,0.0,0.0,0.0,5.0,0.8333333333333334,2.025,,,,,
"EberleDET, Dominik",,,3.0,2.25,3.75,0.0,0.0,1.0,0.0,0.0,0.15,2.025,,,,,
"Igwebuike, Godwin",,,3.0,2.25,3.75,0.0,7.0,1.0,0.0,0.0,0.1888888888888889,2.025,,,,,
"Perry, Malcolm",,,3.0,2.25,3.75,7.0,0.0,0.0,0.0,0.0,0.08750000000000001,2.025,,,,,
"Watson, Blake",RB,Denver,3.0,2.25,3.75,0.0,0.0,0.0,0.0,1.0,0.5,2.025,,,,,
"NaggarCLE, Chris",,,3.0,2.25,3.75,0.0,1.0,0.0,0.0,0.0,0.1,2.025,,,,,
"Harris, DeMichael",,,3.0,2.25,3.75,6.0,0.0,0.0,0.0,0.0,0.08571428571428573,2.025,,,,,
"Breida, Matt",,,3.0,2.25,3.75,10.0,7.0,16.0,15.0,0.0,0.2693877551020408,2.025,,,,,
"Ginn, Jr.",,,3.0,2.25,3.75,2.0,0.0,0.0,0.0,0.0,0.06666666666666667,2.025,,,,,
"Thomas, Mike",,,3.0,2.25,3.75,7.0,5.0,2.0,0.0,0.0,0.15333333333333335,2.025,,,,,
"Gordon, Josh",,,3.0,2.25,3.75,0.0,4.0,0.0,0.0,0.0,0.16,2.025,,,,,
"Gould, Anthony",WR,Indianapolis,3.0,2.25,3.75,0.0,0.0,0.0,0.0,1.0,0.5,2.025,,,,,
"Blackshear, Raheem",RB,Carolina,3.0,2.25,3.75,0.0,0.0,9.0,7.0,1.0,0.3611111111111111,2.025,,,,,
"Book, Ian",QB,Kansas City,3.0,2.25,3.75,0.0,1.0,0.0,0.0,0.0,0.1,2.025,,,,,
"FryATL, Elliott",,,3.0,2.25,3.75,1.0,0.0,0.0,0.0,0.0,0.05,2.025,,,,,
"Rogers, Armani",TE,Washington,3.0,2.25,3.75,0.0,0.0,4.0,0.0,0.0,0.24,2.025,,,,,
"McKeon, Sean",TE,Detroit,3.0,2.25,3.75,0.0,3.0,2.0,0.0,0.0,0.20000000000000004,2.025,,,,,
"BrownJAX, Jonathan",,,3.0,2.25,3.75,1.0,0.0,0.0,0.0,0.0,0.05,2.025,,,,,
"Scarbrough, Bo",,,3.0,2.25,3.75,1.0,0.0,0.0,0.0,0.0,0.05,2.025,,,,,
"Brown, Spencer",OT,Buffalo,3.0,2.25,3.75,0.0,0.0,2.0,0.0,0.0,0.19999999999999998,2.025,,,,,
"Fowler, Bennie",,,3.0,2.25,3.75,1.0,0.0,0.0,0.0,0.0,0.05,2.025,,,,,
"Strong, Pierre",RB,Cleveland,2.9615384615384617,2.2211538461538463,3.701923076923077,0.0,0.0,4.0,12.0,10.0,0.5925925925925926,1.9990384615384618,,,,,
"Gilliam, Reggie",RB,Buffalo,2.909090909090909,2.1818181818181817,3.6363636363636367,2.0,4.0,4.0,1.0,0.0,0.21666666666666667,1.9636363636363636,,,,,
"Richard, Jalen",,,2.8947368421052633,2.1710526315789473,3.618421052631579,12.0,7.0,0.0,0.0,0.0,0.13000000000000003,1.9539473684210527,,,,,
"Turner, Cole",TE,Washington,2.875,2.15625,3.59375,0.0,0.0,1.0,7.0,0.0,0.34444444444444444,1.940625,,,,,
"Wilcox, Mitchell",TE,New England,2.875,2.15625,3.59375,0.0,0.0,9.0,7.0,0.0,0.3235294117647059,1.940625,,,,,
"Ervin, Tyler",,,2.857142857142857,2.142857142857143,3.5714285714285716,7.0,0.0,0.0,0.0,0.0,0.08750000000000001,1.9285714285714286,,,,,
"Durham, Payne",TE,Tampa Bay,2.857142857142857,2.142857142857143,3.5714285714285716,0.0,0.0,0.0,4.0,3.0,0.575,1.9285714285714286,,,,,
"Gipson, Xavier",WR,NY Jets,2.8421052631578947,2.1315789473684212,3.552631578947368,0.0,0.0,0.0,13.0,6.0,0.5599999999999999,1.9184210526315792,,,,,
"Horvath, Alexander",RB,New Orleans,2.8333333333333335,2.125,3.541666666666667,0.0,0.0,6.0,0.0,0.0,0.2571428571428571,1.9125,,,,,
"White, Zamir",RB,Las Vegas,2.8,2.0999999999999996,3.5,0.0,0.0,10.0,12.0,8.0,0.5096774193548387,1.8899999999999997,,,,,
"Blake, Christian",,,2.8,2.0999999999999996,3.5,7.0,3.0,0.0,0.0,0.0,0.11818181818181821,1.8899999999999997,,,,,
"Jones, Tony",RB,Arizona,2.789473684210526,2.0921052631578947,3.4868421052631575,1.0,9.0,3.0,6.0,0.0,0.26,1.8828947368421052,,,,,
"Kirkwood, Keith",WR,Baltimore,2.75,2.0625,3.4375,1.0,1.0,2.0,4.0,0.0,0.2777777777777778,1.85625,,,,,
"Oliver, Bryce",WR,Tennessee,2.75,2.0625,3.4375,0.0,0.0,0.0,0.0,4.0,0.8,1.85625,,,,,
"McDonald, Vance",,,2.75,2.0625,3.4375,8.0,0.0,0.0,0.0,0.0,0.08888888888888889,1.85625,,,,,
"Ingold, Alec",RB,Miami,2.744186046511628,2.058139534883721,3.4302325581395348,11.0,5.0,9.0,10.0,8.0,0.38181818181818183,1.852325581395349,,,,,
"Toure, Samori",WR,Green Bay,2.727272727272727,2.0454545454545454,3.4090909090909087,0.0,0.0,4.0,7.0,0.0,0.3333333333333333,1.8409090909090908,,,,,
"Brown, Daniel",,,2.6666666666666665,2.0,3.333333333333333,2.0,1.0,0.0,0.0,0.0,0.1,1.8,,,,,
"Stanton, Johnny",,,2.6666666666666665,2.0,3.333333333333333,0.0,3.0,0.0,0.0,0.0,0.15000000000000002,1.8,,,,,
"Howell, Greg",,,2.6666666666666665,2.0,3.333333333333333,2.0,1.0,0.0,0.0,0.0,0.1,1.8,,,,,
"Williams, Jonathan",,,2.6666666666666665,2.0,3.333333333333333,1.0,4.0,6.0,1.0,0.0,0.23846153846153845,1.8,,,,,
"Badie, Tyler",RB,Denver,2.6666666666666665,2.0,3.333333333333333,0.0,0.0,0.0,0.0,3.0,0.75,1.8,,,,,
"Hollister, Cody",,,2.6666666666666665,2.0,3.333333333333333,1.0,3.0,2.0,0.0,0.0,0.18571428571428572,1.8,,,,,
"Washington, Darnell",TE,Pittsburgh,2.6666666666666665,2.0,3.333333333333333,0.0,0.0,0.0,7.0,11.0,0.7263157894736842,1.8,,,,,
"McCaffrey, Luke",WR,Washington,2.6363636363636362,1.977272727272727,3.2954545454545454,0.0,0.0,0.0,0.0,11.0,0.9166666666666666,1.7795454545454543,,,,,
"Thomas, Ian",TE,Carolina,2.619047619047619,1.9642857142857144,3.2738095238095237,12.0,11.0,13.0,4.0,2.0,0.2534883720930233,1.767857142857143,,,,,
"Ruckert, Jeremy",TE,NY Jets,2.5789473684210527,1.9342105263157894,3.223684210526316,0.0,0.0,0.0,9.0,10.0,0.6799999999999999,1.7407894736842104,,,,,
"Sims, Ben",TE,Green Bay,2.5714285714285716,1.9285714285714288,3.2142857142857144,0.0,0.0,0.0,4.0,3.0,0.575,1.735714285714286,,,,,
"Eskridge, D'Wayne",WR,Seattle,2.5625,1.921875,3.203125,0.0,6.0,6.0,2.0,2.0,0.3411764705882353,1.7296875,,,,,
"Estime, Audric",RB,Denver,2.5454545454545454,1.9090909090909092,3.1818181818181817,0.0,0.0,0.0,0.0,11.0,0.9166666666666666,1.7181818181818183,,,,,
"Jones, Tim",WR,Jacksonville,2.5,1.875,3.125,0.0,0.0,3.0,5.0,2.0,0.4454545454545455,1.6875,,,,,
"Jarrett, Rakim",WR,Tampa Bay,2.5,1.875,3.125,0.0,0.0,0.0,5.0,5.0,0.6363636363636364,1.6875,,,,,
"Sprinkle, Jeremy",,,2.5,1.875,3.125,1.0,1.0,0.0,0.0,0.0,0.10000000000000002,1.6875,,,,,
"Carrier, Derek",,,2.5,1.875,3.125,1.0,1.0,0.0,0.0,0.0,0.10000000000000002,1.6875,,,,,
"Thrash, Jamari",WR,Cleveland,2.5,1.875,3.125,0.0,0.0,0.0,0.0,2.0,0.6666666666666666,1.6875,,,,,
"Smith, Xavier",WR,LA Rams,2.5,1.875,3.125,0.0,0.0,0.0,0.0,2.0,0.6666666666666666,1.6875,,,,,
"Cowing, Jacob",WR,San Francisco,2.5,1.875,3.125,0.0,0.0,0.0,0.0,2.0,0.6666666666666666,1.6875,,,,,
"Nall, Ryan",,,2.5,1.875,3.125,6.0,2.0,0.0,0.0,0.0,0.1111111111111111,1.6875,,,,,
"Gentry, Zach",TE,Las Vegas,2.5,1.875,3.125,0.0,9.0,11.0,0.0,0.0,0.24285714285714283,1.6875,,,,,
"Brooks, Christopher",RB,Miami,2.5,1.875,3.125,0.0,0.0,0.0,3.0,9.0,0.7846153846153846,1.6875,,,,,
"Hopkins, Brycen",,,2.4444444444444446,1.8333333333333335,3.055555555555556,0.0,1.0,5.0,3.0,0.0,0.29000000000000004,1.6500000000000001,,,,,
"Cooper, Pharoh",,,2.4285714285714284,1.8214285714285712,3.0357142857142856,3.0,3.0,1.0,0.0,0.0,0.15000000000000002,1.639285714285714,,,,,
"Ricard, Patrick",RB,Baltimore,2.40625,1.8046875,3.0078125,7.0,7.0,11.0,4.0,3.0,0.30303030303030304,1.62421875,,,,,
"Abanikanda, Israel",RB,NY Jets,2.4,1.7999999999999998,3.0,0.0,0.0,0.0,5.0,0.0,0.3333333333333333,1.6199999999999999,,,,,
"McKitty, Tre'",TE,Buffalo,2.4,1.7999999999999998,3.0,0.0,4.0,6.0,0.0,0.0,0.23636363636363633,1.6199999999999999,,,,,
"Thompson, Skylar",QB,Miami,2.375,1.78125,2.96875,0.0,0.0,6.0,0.0,2.0,0.4222222222222222,1.6031250000000001,,,,,
"Sherman, Anthony",,,2.3333333333333335,1.75,2.916666666666667,3.0,0.0,0.0,0.0,0.0,0.07500000000000001,1.575,,,,,
"Penix, Michael",QB,Atlanta,2.3333333333333335,1.75,2.916666666666667,0.0,0.0,0.0,0.0,3.0,0.75,1.575,,,,,
"Wims, Javon",,,2.3333333333333335,1.75,2.916666666666667,6.0,0.0,0.0,0.0,0.0,0.08571428571428573,1.575,,,,,
"Pierce, Artavis",,,2.3333333333333335,1.75,2.916666666666667,3.0,0.0,0.0,0.0,0.0,0.07500000000000001,1.575,,,,,
"Sills, David",WR,Denver,2.3333333333333335,1.75,2.916666666666667,0.0,2.0,7.0,0.0,0.0,0.25,1.575,,,,,
"Reed, Joe",,,2.3333333333333335,1.75,2.916666666666667,3.0,0.0,0.0,0.0,0.0,0.07500000000000001,1.575,,,,,
"Bell, Blake",,,2.3181818181818183,1.7386363636363638,2.897727272727273,9.0,9.0,1.0,3.0,0.0,0.1826086956521739,1.5647727272727274,,,,,
"Ricci, Giovanni",TE,Cleveland,2.2857142857142856,1.7142857142857142,2.8571428571428568,0.0,0.0,6.0,1.0,0.0,0.27499999999999997,1.5428571428571427,,,,,
"Taylor, J.J.",RB,Houston,2.2857142857142856,1.7142857142857142,2.8571428571428568,5.0,5.0,1.0,0.0,3.0,0.32,1.5428571428571427,,,,,
"Hill, Josh",,,2.2857142857142856,1.7142857142857142,2.8571428571428568,7.0,0.0,0.0,0.0,0.0,0.08750000000000001,1.5428571428571427,,,,,
"Haskins, Hassan",RB,Tennessee,2.2666666666666666,1.7,2.833333333333333,0.0,0.0,6.0,0.0,9.0,0.675,1.53,,,,,
"Riddick, Theo",,,2.25,1.6875,2.8125,4.0,0.0,0.0,0.0,0.0,0.08,1.51875,,,,,
"Brightwell, Gary",,,2.25,1.6875,2.8125,0.0,2.0,7.0,3.0,0.0,0.2846153846153846,1.51875,,,,,
"Ellefson, Ben",,,2.25,1.6875,2.8125,2.0,0.0,2.0,0.0,0.0,0.16,1.51875,,,,,
"Vaughn, Ke'Shawn",,,2.238095238095238,1.6785714285714286,2.7976190476190474,6.0,5.0,4.0,5.0,1.0,0.2636363636363636,1.5107142857142857,,,,,
"Penny, Elijhaa",,,2.2,1.6500000000000001,2.75,6.0,9.0,0.0,0.0,0.0,0.15000000000000002,1.485,,,,,
"Ham, C.J.",RB,Minnesota,2.1538461538461537,1.6153846153846154,2.692307692307692,9.0,14.0,7.0,6.0,3.0,0.28,1.453846153846154,,,,,
"Manhertz, Chris",TE,NY Giants,2.15,1.6124999999999998,2.6875,6.0,6.0,5.0,2.0,1.0,0.24285714285714288,1.45125,,,,,
"Wesco, Trevon",,,2.142857142857143,1.6071428571428572,2.6785714285714284,1.0,2.0,3.0,1.0,0.0,0.22499999999999998,1.4464285714285716,,,,,
"Hill, K.J.",,,2.142857142857143,1.6071428571428572,2.6785714285714284,6.0,1.0,0.0,0.0,0.0,0.1,1.4464285714285716,,,,,
"Beck, Andrew",RB,Houston,2.142857142857143,1.6071428571428572,2.6785714285714284,0.0,0.0,5.0,9.0,0.0,0.33999999999999997,1.4464285714285716,,,,,
"Woods, Michael",WR,Cleveland,2.142857142857143,1.6071428571428572,2.6785714285714284,0.0,0.0,4.0,0.0,3.0,0.525,1.4464285714285716,,,,,
"Hoyer, Brian",,,2.111111111111111,1.5833333333333335,2.638888888888889,1.0,5.0,1.0,2.0,0.0,0.22000000000000003,1.4250000000000003,,,,,
"Taylor, Malik",WR,NY Jets,2.111111111111111,1.5833333333333335,2.638888888888889,5.0,2.0,0.0,2.0,0.0,0.17,1.4250000000000003,,,,,
"Taylor, Patrick",RB,San Francisco,2.0952380952380953,1.5714285714285716,2.619047619047619,0.0,3.0,4.0,10.0,4.0,0.4454545454545455,1.4142857142857146,,,,,
"Boone, Mike",RB,Carolina,2.0833333333333335,1.5625,2.604166666666667,5.0,2.0,7.0,7.0,3.0,0.35200000000000004,1.40625,,,,,
"Rivers, Ronnie",RB,LA Rams,2.0833333333333335,1.5625,2.604166666666667,0.0,0.0,2.0,6.0,4.0,0.5384615384615384,1.40625,,,,,
"Scott, Tyler",WR,Chicago,2.076923076923077,1.557692307692308,2.5961538461538463,0.0,0.0,0.0,12.0,1.0,0.4142857142857143,1.4019230769230773,,,,,
"Johnson, Jakob",,,2.0714285714285716,1.5535714285714288,2.5892857142857144,6.0,3.0,4.0,1.0,0.0,0.18666666666666668,1.398214285714286,,,,,
"Clement, Corey",,,2.066666666666667,1.5500000000000003,2.5833333333333335,8.0,4.0,3.0,0.0,0.0,0.15625,1.3950000000000002,,,,,
"Lambo, Josh",,,2.0,1.5,2.5,0.0,0.0,1.0,0.0,0.0,0.15,1.35,,,,,
"Luepke, Hunter",RB,Dallas,2.0,1.5,2.5,0.0,0.0,0.0,5.0,9.0,0.7333333333333333,1.35,,,,,
"Lloyd, MarShawn",RB,Green Bay,2.0,1.5,2.5,0.0,0.0,0.0,0.0,1.0,0.5,1.35,,,,,
"Harris, Demetrius",,,2.0,1.5,2.5,4.0,2.0,0.0,0.0,0.0,0.1142857142857143,1.35,,,,,
"Jackson, Trishton",WR,Minnesota,2.0,1.5,2.5,0.0,0.0,0.0,2.0,0.0,0.26666666666666666,1.35,,,,,
"Hemingway, Temarrick",,,2.0,1.5,2.5,1.0,0.0,0.0,0.0,0.0,0.05,1.35,,,,,
"Hill, Julian",TE,Miami,2.0,1.5,2.5,0.0,0.0,0.0,4.0,8.0,0.7384615384615384,1.35,,,,,
"Janovich, Andy",,,2.0,1.5,2.5,3.0,4.0,0.0,0.0,0.0,0.1375,1.35,,,,,
"Holker, Dallin",TE,New Orleans,2.0,1.5,2.5,0.0,0.0,0.0,0.0,1.0,0.5,1.35,,,,,
"Smith, Vyncint",,,2.0,1.5,2.5,1.0,0.0,0.0,0.0,0.0,0.05,1.35,,,,,
"Grandy, Cam",TE,Cincinnati,2.0,1.5,2.5,0.0,0.0,0.0,0.0,2.0,0.6666666666666666,1.35,,,,,
"Chisena, Dan",WR,Arizona,2.0,1.5,2.5,0.0,0.0,0.0,0.0,2.0,0.6666666666666666,1.35,,,,,
"Baccellia, Andre",WR,Arizona,2.0,1.5,2.5,0.0,0.0,4.0,0.0,0.0,0.24,1.35,,,,,
"Barkley, Matt",,,2.0,1.5,2.5,3.0,0.0,0.0,1.0,0.0,0.14,1.35,,,,,
"Bawden, Nick",,,2.0,1.5,2.5,0.0,1.0,0.0,5.0,0.0,0.31428571428571433,1.35,,,,,
"Blair, Chris",WR,Atlanta,2.0,1.5,2.5,0.0,0.0,0.0,0.0,1.0,0.5,1.35,,,,,
"Blanton, Kendall",,,2.0,1.5,2.5,0.0,3.0,2.0,0.0,0.0,0.20000000000000004,1.35,,,,,
"Wolf, Ethan",,,2.0,1.5,2.5,0.0,1.0,0.0,0.0,0.0,0.1,1.35,,,,,
"Carlson, Stephen",TE,Chicago,2.0,1.5,2.5,2.0,0.0,0.0,0.0,0.0,0.06666666666666667,1.35,,,,,
"Conner, Tanner",TE,Miami,2.0,1.5,2.5,0.0,0.0,0.0,0.0,2.0,0.6666666666666666,1.35,,,,,
"Fromm, Jake",,,2.0,1.5,2.5,0.0,2.0,0.0,0.0,0.0,0.13333333333333333,1.35,,,,,
"Daniel, Chase",,,2.0,1.5,2.5,4.0,1.0,2.0,0.0,0.0,0.15000000000000002,1.35,,,,,
"Darby, Frank",WR,San Francisco,2.0,1.5,2.5,0.0,1.0,0.0,0.0,0.0,0.1,1.35,,,,,
"Willson, Luke",,,2.0,1.5,2.5,1.0,0.0,0.0,0.0,0.0,0.05,1.35,,,,,
"Davis, Davion",WR,Washington,2.0,1.5,2.5,0.0,1.0,0.0,0.0,0.0,0.1,1.35,,,,,
"Dieter, Gehrig",,,2.0,1.5,2.5,1.0,0.0,0.0,0.0,0.0,0.05,1.35,,,,,
"Farrell, Luke",TE,Jacksonville,2.0,1.5,2.5,0.0,7.0,3.0,9.0,7.0,0.4777777777777778,1.35,,,,,
"Foster, Robert",,,2.0,1.5,2.5,2.0,0.0,0.0,0.0,0.0,0.06666666666666667,1.35,,,,,
"Williams, Isaiah",WR,Detroit,2.0,1.5,2.5,0.0,0.0,0.0,0.0,1.0,0.5,1.35,,,,,
"Washington, Casey",WR,Atlanta,2.0,1.5,2.5,0.0,0.0,0.0,0.0,1.0,0.5,1.35,,,,,
"Miller, Lamar",,,2.0,1.5,2.5,1.0,0.0,0.0,0.0,0.0,0.05,1.35,,,,,
"Thompkins, Deven",WR,Carolina,2.0,1.5,2.5,0.0,0.0,1.0,11.0,4.0,0.5117647058823529,1.35,,,,,
"Scott, Jaleel",,,2.0,1.5,2.5,1.0,0.0,0.0,0.0,0.0,0.05,1.35,,,,,
"Prosise, C.J.",,,2.0,1.5,2.5,5.0,0.0,0.0,0.0,0.0,0.08333333333333333,1.35,,,,,
"Ross, Justyn",WR,Kansas City,2.0,1.5,2.5,0.0,0.0,0.0,3.0,0.0,0.30000000000000004,1.35,,,,,
"Roberts, Seth",,,2.0,1.5,2.5,3.0,0.0,0.0,0.0,0.0,0.07500000000000001,1.35,,,,,
"Newsome, Dazz",,,2.0,1.5,2.5,0.0,1.0,0.0,0.0,0.0,0.1,1.35,,,,,
"Stevens, Tommy",,,2.0,1.5,2.5,1.0,0.0,0.0,0.0,0.0,0.05,1.35,,,,,
"Merritt, Kirk",,,2.0,1.5,2.5,0.0,1.0,0.0,0.0,0.0,0.1,1.35,,,,,
"Thompson, Cody",WR,Tampa Bay,2.0,1.5,2.5,0.0,0.0,0.0,1.0,0.0,0.2,1.35,,,,,
"Mims, Jordan",RB,New Orleans,2.0,1.5,2.5,0.0,0.0,0.0,0.0,5.0,0.8333333333333334,1.35,,,,,
"Ragas, Trey",,,2.0,1.5,2.5,0.0,1.0,0.0,0.0,0.0,0.1,1.35,,,,,
"Woerner, Charlie",TE,Atlanta,1.9230769230769231,1.4423076923076923,2.4038461538461537,2.0,4.0,0.0,2.0,5.0,0.4857142857142857,1.2980769230769231,,,,,
"Nabers, Gabe",,,1.9090909090909092,1.4318181818181819,2.3863636363636367,6.0,5.0,0.0,0.0,0.0,0.13333333333333333,1.2886363636363638,,,,,
"Samuels, Jaylen",,,1.8888888888888888,1.4166666666666665,2.361111111111111,7.0,2.0,0.0,0.0,0.0,0.11000000000000001,1.275,,,,,
"Stoll, Jack",TE,NY Giants,1.8823529411764706,1.4117647058823528,2.3529411764705883,0.0,3.0,8.0,4.0,2.0,0.36666666666666664,1.2705882352941176,,,,,
"Hutchinson, Xavier",WR,Houston,1.875,1.40625,2.34375,0.0,0.0,0.0,9.0,7.0,0.6235294117647059,1.265625,,,,,
"Smith, Kaden",,,1.8666666666666667,1.4,2.3333333333333335,13.0,2.0,0.0,0.0,0.0,0.10625000000000001,1.26,,,,,
"Long, Hunter",TE,LA Rams,1.8333333333333333,1.375,2.2916666666666665,0.0,1.0,0.0,0.0,5.0,0.7428571428571429,1.2375,,,,,
"Davis, Tyler",TE,Green Bay,1.8333333333333333,1.375,2.2916666666666665,0.0,6.0,6.0,0.0,0.0,0.23076923076923078,1.2375,,,,,
"Ward, Jonathan",RB,Pittsburgh,1.8,1.35,2.25,1.0,5.0,1.0,1.0,2.0,0.34545454545454546,1.215,,,,,
"McIntosh, Kenny",RB,Seattle,1.8,1.35,2.25,0.0,0.0,0.0,0.0,5.0,0.8333333333333334,1.215,,,,,
"Board, C.J.",,,1.7857142857142858,1.3392857142857144,2.232142857142857,9.0,4.0,1.0,0.0,0.0,0.13333333333333333,1.205357142857143,,,,,
"Williams, Avery",RB,Atlanta,1.7857142857142858,1.3392857142857144,2.232142857142857,0.0,0.0,14.0,0.0,0.0,0.28,1.205357142857143,,,,,
"Milne, Dax",WR,Washington,1.7857142857142858,1.3392857142857144,2.232142857142857,0.0,8.0,6.0,0.0,0.0,0.22666666666666666,1.205357142857143,,,,,
"Davis, Derius",WR,LA Chargers,1.7727272727272727,1.3295454545454546,2.215909090909091,0.0,0.0,0.0,13.0,9.0,0.6173913043478261,1.1965909090909093,,,,,
"Corum, Blake",RB,LA Rams,1.75,1.3125,2.1875,0.0,0.0,0.0,0.0,12.0,0.9230769230769231,1.1812500000000001,,,,,
"Chestnut, Julius",RB,Tennessee,1.75,1.3125,2.1875,0.0,0.0,3.0,0.0,5.0,0.6555555555555556,1.1812500000000001,,,,,
"Hesse, Parker",TE,Detroit,1.7272727272727273,1.2954545454545454,2.159090909090909,0.0,3.0,8.0,0.0,0.0,0.25,1.165909090909091,,,,,
"Wright, Jaylen",RB,Miami,1.6666666666666667,1.25,2.0833333333333335,0.0,0.0,0.0,0.0,12.0,0.9230769230769231,1.125,,,,,
"Trammell, Austin",WR,Jacksonville,1.6666666666666667,1.25,2.0833333333333335,0.0,0.0,2.0,3.0,1.0,0.4,1.125,,,,,
"Rountree, Larry",,,1.6666666666666667,1.25,2.0833333333333335,0.0,8.0,1.0,0.0,0.0,0.19,1.125,,,,,
"Hudson, Tommy",TE,New Orleans,1.6666666666666667,1.25,2.0833333333333335,0.0,3.0,0.0,0.0,0.0,0.15000000000000002,1.125,,,,,
"McFarland, Anthony",,,1.6666666666666667,1.25,2.0833333333333335,11.0,2.0,1.0,1.0,0.0,0.1375,1.125,,,,,
"Darden, Jaelon",WR,Cleveland,1.6666666666666667,1.25,2.0833333333333335,0.0,5.0,3.0,0.0,1.0,0.29,1.125,,,,,
"Kemp, Marcus",,,1.6666666666666667,1.25,2.0833333333333335,1.0,2.0,0.0,0.0,0.0,0.125,1.125,,,,,
"Brooks, Jonathon",RB,Carolina,1.6666666666666667,1.25,2.0833333333333335,0.0,0.0,0.0,0.0,3.0,0.75,1.125,,,,,
"Stocker, Luke",,,1.625,1.21875,2.03125,6.0,2.0,0.0,0.0,0.0,0.1111111111111111,1.096875,,,,,
"Keizer, Nick",,,1.6,1.2000000000000002,2.0,5.0,0.0,0.0,0.0,0.0,0.08333333333333333,1.0800000000000003,,,,,
"Conner, Snoop",RB,Dallas,1.6,1.2000000000000002,2.0,0.0,0.0,5.0,0.0,0.0,0.25,1.0800000000000003,,,,,
"Toilolo, Levine",,,1.6,1.2000000000000002,2.0,5.0,0.0,0.0,0.0,0.0,0.08333333333333333,1.0800000000000003,,,,,
"Davis-Price, Tyrion",RB,Philadelphia,1.6,1.2000000000000002,2.0,0.0,0.0,4.0,1.0,0.0,0.26666666666666666,1.0800000000000003,,,,,
"Carter, Cethan",,,1.5714285714285714,1.1785714285714286,1.9642857142857142,5.0,2.0,0.0,0.0,0.0,0.1125,1.0607142857142857,,,,,
"Ozigbo, Devine",,,1.5555555555555556,1.1666666666666667,1.9444444444444444,4.0,1.0,3.0,1.0,0.0,0.19,1.05,,,,,
"Laird, Patrick",,,1.5,1.125,1.875,9.0,3.0,0.0,0.0,0.0,0.11538461538461539,1.0125,,,,,
"Hart, Penny",,,1.5,1.125,1.875,1.0,6.0,3.0,0.0,0.0,0.2,1.0125,,,,,
"Vaki, Sione",DB,Detroit,1.5,1.125,1.875,0.0,0.0,0.0,0.0,4.0,0.8,1.0125,,,,,
"Vaughn, Deuce",RB,Dallas,1.5,1.125,1.875,0.0,0.0,0.0,6.0,4.0,0.5818181818181819,1.0125,,,,,
"Smith, Ainias",WR,Philadelphia,1.5,1.125,1.875,0.0,0.0,0.0,0.0,2.0,0.6666666666666666,1.0125,,,,,
"Ali, Rasheen",RB,Baltimore,1.5,1.125,1.875,0.0,0.0,0.0,0.0,2.0,0.6666666666666666,1.0125,,,,,
"Callaway, Antonio",,,1.5,1.125,1.875,2.0,0.0,0.0,0.0,0.0,0.06666666666666667,1.0125,,,,,
"Gandy-Golden, Antonio",,,1.5,1.125,1.875,2.0,0.0,0.0,0.0,0.0,0.06666666666666667,1.0125,,,,,
"Spiller, Isaiah",RB,LA Chargers,1.4285714285714286,1.0714285714285714,1.7857142857142858,0.0,0.0,5.0,9.0,0.0,0.33999999999999997,0.9642857142857143,,,,,
"Smith, Keith",,,1.4090909090909092,1.0568181818181819,1.7613636363636365,10.0,8.0,1.0,3.0,0.0,0.1782608695652174,0.9511363636363637,,,,,
"Reiman, Tip",TE,Arizona,1.4,1.0499999999999998,1.75,0.0,0.0,0.0,0.0,5.0,0.8333333333333334,0.9449999999999998,,,,,
"Taylor, Trent",WR,San Francisco,1.4,1.0499999999999998,1.75,6.0,0.0,7.0,2.0,0.0,0.21875,0.9449999999999998,,,,,
"Williams, Trayveon",RB,Cincinnati,1.375,1.03125,1.71875,6.0,1.0,4.0,13.0,0.0,0.28800000000000003,0.928125,,,,,
"Cabinda, Jason",,,1.3636363636363635,1.0227272727272727,1.7045454545454544,3.0,5.0,2.0,1.0,0.0,0.19166666666666665,0.9204545454545454,,,,,
"Graham, Jaeden",,,1.3333333333333333,1.0,1.6666666666666665,3.0,0.0,0.0,0.0,0.0,0.07500000000000001,0.9,,,,,
"Phillips, Scottie",,,1.3333333333333333,1.0,1.6666666666666665,1.0,2.0,0.0,0.0,0.0,0.125,0.9,,,,,
"Westbrook, Dede",,,1.3333333333333333,1.0,1.6666666666666665,2.0,7.0,0.0,0.0,0.0,0.16,0.9,,,,,
"Ollison, Qadree",,,1.3333333333333333,1.0,1.6666666666666665,1.0,5.0,0.0,0.0,0.0,0.15714285714285717,0.9,,,,,
"Ingram, Keaontay",RB,Kansas City,1.3125,0.984375,1.640625,0.0,0.0,9.0,7.0,0.0,0.3235294117647059,0.8859375,,,,,
"Gray, Eric",RB,NY Giants,1.3076923076923077,0.9807692307692308,1.6346153846153846,0.0,0.0,0.0,4.0,9.0,0.7571428571428571,0.8826923076923078,,,,,
"Gabbert, Blaine",,,1.3,0.9750000000000001,1.625,4.0,5.0,0.0,1.0,0.0,0.1636363636363636,0.8775000000000001,,,,,
"Yelder, Deon",,,1.2857142857142858,0.9642857142857144,1.6071428571428572,6.0,1.0,0.0,0.0,0.0,0.1,0.867857142857143,,,,,
"Jones, Velus",WR,Chicago,1.263157894736842,0.9473684210526315,1.5789473684210527,0.0,0.0,9.0,9.0,1.0,0.365,0.8526315789473684,,,,,
"Hairston, Troy",RB,Houston,1.25,0.9375,1.5625,0.0,0.0,4.0,0.0,0.0,0.24,0.84375,,,,,
"Haener, Jake",QB,New Orleans,1.25,0.9375,1.5625,0.0,0.0,0.0,0.0,8.0,0.8888888888888888,0.84375,,,,,
"Matlock, Scott",DT,LA Chargers,1.25,0.9375,1.5625,0.0,0.0,0.0,0.0,4.0,0.8,0.84375,,,,,
"Kinsey, Mason",WR,Tennessee,1.25,0.9375,1.5625,0.0,0.0,1.0,1.0,2.0,0.54,0.84375,,,,,
"Zuber, Isaiah",,,1.25,0.9375,1.5625,4.0,0.0,0.0,0.0,0.0,0.08,0.84375,,,,,
"Burton, Michael",RB,Denver,1.2105263157894737,0.9078947368421053,1.513157894736842,6.0,9.0,5.0,8.0,10.0,0.4384615384615385,0.8171052631578948,,,,,
"Shepherd, Darrius",,,1.2,0.8999999999999999,1.5,5.0,0.0,0.0,0.0,0.0,0.08333333333333333,0.8099999999999999,,,,,
"Olszewski, Gunner",WR,NY Giants,1.2,0.8999999999999999,1.5,6.0,3.0,9.0,2.0,0.0,0.22380952380952382,0.8099999999999999,,,,,
"Fisk, Tucker",,,1.1428571428571428,0.8571428571428571,1.4285714285714284,0.0,0.0,0.0,1.0,6.0,0.8,0.7714285714285714,,,,,
"Steele, Carson",RB,Kansas City,1.0909090909090908,0.8181818181818181,1.3636363636363635,0.0,0.0,0.0,0.0,11.0,0.9166666666666666,0.7363636363636363,,,,,
"Watt, Derek",,,1.0769230769230769,0.8076923076923077,1.346153846153846,0.0,4.0,9.0,0.0,0.0,0.25,0.726923076923077,,,,,
"Jennings, Terrell",RB,New England,1.0,0.75,1.25,0.0,0.0,0.0,0.0,1.0,0.5,0.675,,,,,
"Camp, Jalen",WR,Cleveland,1.0,0.75,1.25,0.0,0.0,1.0,0.0,0.0,0.15,0.675,,,,,
"Butt, Jake",,,1.0,0.75,1.25,2.0,0.0,0.0,0.0,0.0,0.06666666666666667,0.675,,,,,
"Schreck, Mason",,,1.0,0.75,1.25,0.0,0.0,2.0,0.0,0.0,0.19999999999999998,0.675,,,,,
"Keene, Dalton",TE,Houston,1.0,0.75,1.25,3.0,0.0,0.0,0.0,0.0,0.07500000000000001,0.675,,,,,
"Alexander, Maurice",WR,Detroit,1.0,0.75,1.25,0.0,0.0,1.0,0.0,0.0,0.15,0.675,,,,,
"Kelly, John",RB,Cleveland,1.0,0.75,1.25,0.0,1.0,0.0,0.0,0.0,0.1,0.675,,,,,
"Moncrief, Donte",,,1.0,0.75,1.25,2.0,0.0,0.0,0.0,0.0,0.06666666666666667,0.675,,,,,
"Winston, Easop",WR,Seattle,1.0,0.75,1.25,0.0,1.0,0.0,0.0,0.0,0.1,0.675,,,,,
"McAllister, Tyreik",RB,Las Vegas,1.0,0.75,1.25,0.0,0.0,0.0,0.0,1.0,0.5,0.675,,,,,
"Shenker, Samuel",,,1.0,0.75,1.25,0.0,0.0,0.0,0.0,1.0,0.5,0.675,,,,,
"Lassiter, Kwamie",WR,Cincinnati,1.0,0.75,1.25,0.0,0.0,0.0,1.0,0.0,0.2,0.675,,,,,
"Miller, Bruce",,,1.0,0.75,1.25,1.0,0.0,0.0,0.0,0.0,0.05,0.675,,,,,
"Sanders, Braylon",WR,Miami,1.0,0.75,1.25,0.0,0.0,1.0,0.0,0.0,0.15,0.675,,,,,
"Bellamy, LeVante",,,1.0,0.75,1.25,2.0,0.0,0.0,0.0,0.0,0.06666666666666667,0.675,,,,,
"Bell, Jaheim",TE,New England,1.0,0.75,1.25,0.0,0.0,0.0,0.0,1.0,0.5,0.675,,,,,
"McMath, Racey",WR,Dallas,1.0,0.75,1.25,0.0,2.0,2.0,0.0,0.0,0.2,0.675,,,,,
"McClellan, Jase",RB,Atlanta,1.0,0.75,1.25,0.0,0.0,0.0,0.0,2.0,0.6666666666666666,0.675,,,,,
"Martin-Robinson, David",TE,Tennessee,1.0,0.75,1.25,0.0,0.0,0.0,0.0,1.0,0.5,0.675,,,,,
"Baugh, Marcus",,,1.0,0.75,1.25,1.0,0.0,0.0,0.0,0.0,0.05,0.675,,,,,
"ParkeyNO, Cody",,,1.0,0.75,1.25,0.0,1.0,0.0,0.0,0.0,0.1,0.675,,,,,
"Morgan, Stanley",WR,New Orleans,1.0,0.75,1.25,0.0,1.0,0.0,0.0,0.0,0.1,0.675,,,,,
"Dowell, Colton",WR,Tennessee,1.0,0.75,1.25,0.0,0.0,0.0,1.0,0.0,0.2,0.675,,,,,
"Wells, David",TE,Tampa Bay,1.0,0.75,1.25,0.0,0.0,0.0,1.0,0.0,0.2,0.675,,,,,
"Gillaspia, Cullen",,,1.0,0.75,1.25,1.0,0.0,0.0,0.0,0.0,0.05,0.675,,,,,
"Patrick, Jacques",,,1.0,0.75,1.25,0.0,1.0,0.0,0.0,0.0,0.1,0.675,,,,,
"Fotheringham, Cole",TE,Las Vegas,1.0,0.75,1.25,0.0,0.0,0.0,1.0,0.0,0.2,0.675,,,,,
"Green, Antoine",WR,Detroit,1.0,0.75,1.25,0.0,0.0,0.0,1.0,0.0,0.2,0.675,,,,,
"Wiley, Jared",TE,Kansas City,1.0,0.75,1.25,0.0,0.0,0.0,0.0,1.0,0.5,0.675,,,,,
"FitzPatrick, John",TE,Atlanta,1.0,0.75,1.25,0.0,0.0,0.0,0.0,1.0,0.5,0.675,,,,,
"DuBose, Grant",WR,Green Bay,1.0,0.75,1.25,0.0,0.0,0.0,0.0,2.0,0.6666666666666666,0.675,,,,,
"Hull, Evan",RB,Indianapolis,1.0,0.75,1.25,0.0,0.0,0.0,1.0,0.0,0.2,0.675,,,,,
"Dillon, Brandon",,,1.0,0.75,1.25,1.0,0.0,0.0,0.0,0.0,0.05,0.675,,,,,
"Pryor, Kendric",WR,Cincinnati,1.0,0.75,1.25,0.0,0.0,0.0,0.0,1.0,0.5,0.675,,,,,
"Keyton, Ramel",WR,Las Vegas,1.0,0.75,1.25,0.0,0.0,0.0,0.0,1.0,0.5,0.675,,,,,
"Cox, Chandler",,,1.0,0.75,1.25,2.0,0.0,0.0,0.0,0.0,0.06666666666666667,0.675,,,,,
"Davidson, Zach",TE,Buffalo,1.0,0.75,1.25,0.0,0.0,0.0,0.0,1.0,0.5,0.675,,,,,
"Gray, Danny",WR,San Francisco,1.0,0.75,1.25,0.0,0.0,2.0,0.0,0.0,0.19999999999999998,0.675,,,,,
"Harris, Jacob",WR,Philadelphia,1.0,0.75,1.25,0.0,0.0,1.0,0.0,0.0,0.15,0.675,,,,,
"Rader, Kevin",,,1.0,0.75,1.25,0.0,2.0,0.0,1.0,0.0,0.2,0.675,,,,,
"Nauta, Isaac",,,1.0,0.75,1.25,1.0,0.0,0.0,0.0,0.0,0.05,0.675,,,,,
"Armah, Alex",,,0.9375,0.703125,1.171875,9.0,5.0,0.0,2.0,0.0,0.15882352941176472,0.6328125,,,,,
"Nwangwu, Kene",RB,Minnesota,0.8888888888888888,0.6666666666666666,1.1111111111111112,0.0,5.0,1.0,3.0,0.0,0.25,0.6,,,,,
"Blasingame, Khari",RB,Chicago,0.8,0.6000000000000001,1.0,4.0,2.0,0.0,4.0,0.0,0.21818181818181823,0.5400000000000001,,,,,
"Shipley, Will",RB,Philadelphia,0.75,0.5625,0.9375,0.0,0.0,0.0,0.0,4.0,0.8,0.50625,,,,,
"Jones, Charlie",WR,Cincinnati,0.75,0.5625,0.9375,0.0,0.0,0.0,3.0,1.0,0.44000000000000006,0.50625,,,,,
"Huntley, Jason",,,0.6666666666666666,0.5,0.8333333333333333,3.0,0.0,0.0,0.0,0.0,0.07500000000000001,0.45,,,,,
"Funk, Jake",RB,Detroit,0.6666666666666666,0.5,0.8333333333333333,0.0,2.0,0.0,1.0,0.0,0.2,0.45,,,,,
"Washington, Dwayne",,,0.625,0.46875,0.78125,2.0,3.0,3.0,0.0,0.0,0.18888888888888888,0.421875,,,,,
"Corley, Malachi",WR,NY Jets,0.6,0.44999999999999996,0.75,0.0,0.0,0.0,0.0,5.0,0.8333333333333334,0.40499999999999997,,,,,
"Prentice, Adam",RB,New Orleans,0.6,0.44999999999999996,0.75,0.0,3.0,5.0,2.0,0.0,0.26363636363636367,0.40499999999999997,,,,,
"Ebner, Trestan",,,0.6,0.44999999999999996,0.75,0.0,0.0,5.0,0.0,0.0,0.25,0.40499999999999997,,,,,
"Foster, D.J.",,,0.5,0.375,0.625,2.0,0.0,0.0,0.0,0.0,0.06666666666666667,0.3375,,,,,
"Ezukanma, Erik",WR,Miami,0.5,0.375,0.625,0.0,0.0,0.0,2.0,0.0,0.26666666666666666,0.3375,,,,,
"Holani, George",RB,Seattle,0.5,0.375,0.625,0.0,0.0,0.0,0.0,2.0,0.6666666666666666,0.3375,,,,,
"Eason, Jacob",QB,Green Bay,0.5,0.375,0.625,0.0,1.0,1.0,0.0,0.0,0.16666666666666666,0.3375,,,,,
"Lewis, Tommylee",,,0.5,0.375,0.625,3.0,1.0,0.0,0.0,0.0,0.1,0.3375,,,,,
"Webster, Nsimba",WR,Chicago,0.5,0.375,0.625,1.0,0.0,1.0,0.0,0.0,0.13333333333333333,0.3375,,,,,
