Player,Position,SeasonsPlayed,Weighted_Pts*_PerGame,Weighted_Passing_Yds_PerGame,Weighted_Passing_TD_PerGame,Weighted_Passing_Int_PerGame,Weighted_Rushing_Yds_PerGame,Weighted_Rushing_TD_PerGame,Weighted_Receiving_Rec_PerGame,Weighted_Receiving_Yds_PerGame,Weighted_Receiving_TD_PerGame,Weighted_Pts*,Weighted_Passing_Yds,Weighted_Passing_TD,Weighted_Passing_Int,Weighted_Rushing_Yds,Weighted_Rushing_TD,Weighted_Receiving_Rec,Weighted_Receiving_Yds,Weighted_Receiving_TD,Weighted_GamesPlayed,TotalWeight,ProjectedPointsPerGame,ProjectedPoints
Cole KmetC. Kmet,TE,3,5.364107142857144,0.0,0.0,0.0,0.095,0.0,3.6371428571428566,37.17892857142857,0.33249999999999996,71.915,0.0,0.0,0.0,1.3299999999999998,0.0,48.7825,498.1325,4.465,12.682500000000001,1.0,5.364107142857144,85.8257142857143
Ricky PearsallR. Pearsall,TE,1,3.9583333333333335,0.0,0.0,0.0,6.175000000000001,0.0,2.691666666666667,30.083333333333332,0.15833333333333333,23.75,0.0,0.0,0.0,37.05,0.0,16.15,180.5,0.95,5.699999999999999,0.65,3.9583333333333335,63.333333333333336
Kenyan DrakeK. Drake,WR,2,2.376623376623377,0.0,0.0,0.0,10.961038961038962,0.07792207792207792,1.103896103896104,12.889610389610391,0.02597402597402598,19.714285714285715,0.0,0.0,0.0,120.57142857142858,0.8571428571428573,5.714285714285714,42.142857142857146,0.28571428571428575,4.571428571428572,0.35,2.376623376623377,38.02597402597403
C.J. StroudC. Stroud,QB,2,18.80679894179894,268.8434920634921,1.4646296296296295,0.6917195767195767,15.177962962962964,0.06547619047619048,0.021825396825396828,0.0,0.0,275.7944444444445,3948.755555555556,21.511111111111113,10.266666666666667,224.4611111111111,0.9166666666666666,0.3055555555555556,0.0,0.0,16.194444444444446,0.9,18.80679894179894,300.90878306878307
Darnell WashingtonD. Washington,TE,2,1.3605699855699855,0.0,0.0,0.0,0.0,0.0,1.3866161616161614,14.275360750360749,0.06237373737373738,14.513888888888888,0.0,0.0,0.0,0.0,0.0,14.197222222222221,147.83055555555555,0.6861111111111111,9.394444444444444,0.9,1.3605699855699855,21.76911976911977
Kyle JuszczykK. Juszczyk,TE,3,1.627114898989899,0.0,0.0,0.0,1.6948863636363634,0.06009469696969697,1.348232323232323,11.950088383838384,0.061414141414141414,17.717499999999998,0.0,0.0,0.0,19.665000000000003,0.7124999999999999,14.915,132.4775,0.57,10.5925,1.0,1.627114898989899,26.033838383838383
Braelon AllenB. Allen,RB,1,2.9400000000000004,0.0,0.0,0.0,17.580000000000002,0.12,1.02,8.4,0.06,44.1,0.0,0.0,0.0,263.7,1.8,15.3,126.0,0.9,13.5,0.65,2.9400000000000004,47.040000000000006
DeAndre CarterD. Carter,TE,3,0.9341666666666667,0.0,0.0,0.0,0.76,0.0,1.3410833333333332,12.255,0.019000000000000003,8.882499999999999,0.0,0.0,0.0,2.8499999999999996,0.0,10.355,100.03500000000001,0.28500000000000003,6.3175,1.0,0.9341666666666667,14.946666666666667
Jalen GuytonJ. Guyton,TE,2,2.9857142857142858,0.0,0.0,0.0,0.0,0.0,1.6738095238095239,27.436904761904767,0.1130952380952381,9.771428571428572,0.0,0.0,0.0,0.0,0.0,7.328571428571429,77.76428571428572,0.6785714285714286,4.342857142857143,0.35,2.9857142857142858,47.77142857142857
Bryce OliverB. Oliver,WR,1,1.5,0.0,0.0,0.0,0.0,0.0,1.25,20.0,0.0,6.0,0.0,0.0,0.0,0.0,0.0,5.0,80.0,0.0,4.0,0.65,1.5,24.0
Phillip DorsettP. Dorsett,WR,1,2.3636363636363638,0.0,0.0,0.0,0.0,0.0,1.8181818181818181,23.363636363636363,0.09090909090909091,26.0,0.0,0.0,0.0,0.0,0.0,20.0,257.0,1.0,11.0,0.1,2.3636363636363638,37.81818181818182
David MooreD. Moore,TE,2,3.5760942760942753,0.0,0.0,0.0,0.0,0.0,2.2230639730639727,27.83627946127946,0.2127104377104377,30.18888888888889,0.0,0.0,0.0,0.0,0.0,21.63888888888889,245.68055555555551,1.636111111111111,8.338888888888889,0.9,3.5760942760942753,57.217508417508405
Baker MayfieldB. Mayfield,QB,3,24.23820833333334,274.16489583333333,2.201916666666667,0.956875,18.092583333333337,0.17018750000000002,0.0,0.0,0.0,363.7700000000001,4098.985000000001,33.11000000000001,14.245000000000001,271.15000000000003,2.5300000000000007,0.0,0.0,0.0,16.335,1.0,24.23820833333334,387.81133333333344
Marvin MimsM. Mims,WR,2,3.3617724867724874,0.0,0.0,0.0,3.163359788359789,0.0,1.9814814814814814,28.16732804232804,0.1402116402116402,41.88888888888889,0.0,0.0,0.0,39.111111111111114,0.0,24.611111111111114,352.33333333333337,1.7222222222222223,12.555555555555555,0.9,3.3617724867724874,53.7883597883598
Rhamondre StevensonR. Stevenson,RB,3,8.31375,0.0,0.0,0.0,50.58107142857143,0.395625,2.4514285714285715,13.693125,0.047410714285714285,114.48,0.0,0.0,0.0,696.015,5.445,33.615,187.20000000000002,0.675,12.33,1.0,8.31375,133.02
Hendon HookerH. Hooker,RB,1,0.3,18.6,0.0,0.0,0.6,0.0,0.0,0.0,0.0,0.9,55.800000000000004,0.0,0.0,1.8,0.0,0.0,0.0,0.0,2.7,0.65,0.3,4.8
Blake BellB. Bell,TE,2,3.2571428571428576,0.0,0.0,0.0,0.0,0.0,1.1761904761904762,9.816666666666668,0.4976190476190476,5.9714285714285715,0.0,0.0,0.0,0.0,0.0,2.9857142857142858,20.22142857142857,0.95,2.3071428571428574,0.35,3.2571428571428576,52.11428571428572
Jacob HarrisJ. Harris,TE,1,0.0,0.0,0.0,0.0,0.0,0.0,0.95,5.7,0.0,0.0,0.0,0.0,0.0,0.0,0.0,0.95,5.7,0.0,0.95,0.1,0.0,0.0
D.J. CharkD. Chark,TE,3,2.323846153846154,0.0,0.0,0.0,0.0,0.0,1.8497596153846152,22.264711538461537,0.12697115384615387,23.132499999999997,0.0,0.0,0.0,0.0,0.0,12.254999999999997,175.56,1.4725,5.0825,1.0,2.323846153846154,37.181538461538466
Durham SmytheD. Smythe,TE,3,0.7876363636363636,0.0,0.0,0.0,0.009500000000000001,0.009500000000000001,1.422409090909091,11.745934343434342,0.009500000000000001,8.5025,0.0,0.0,0.0,0.095,0.095,14.2975,121.0775,0.095,9.120000000000001,1.0,0.7876363636363636,12.602181818181817
Michael GallupM. Gallup,WR,2,3.928571428571429,0.0,0.0,0.0,0.0,0.0,2.639455782312925,31.18367346938776,0.19727891156462588,52.142857142857146,0.0,0.0,0.0,0.0,0.0,35.142857142857146,416.8571428571429,2.5714285714285716,13.42857142857143,0.35,3.928571428571429,62.85714285714286
CeeDee LambC. Lamb,TE,3,10.840687499999998,0.0,0.0,0.0,4.734166666666667,0.0296875,6.574395833333334,81.42034375,0.4429375,167.15249999999997,0.0,0.0,0.0,72.865,0.475,101.0325,1253.5725000000002,6.84,14.5825,1.0,10.840687499999998,173.45099999999996
Devin AsiasiD. Asiasi,TE,1,0.0,0.0,0.0,0.0,0.0,0.0,1.9,4.75,0.0,0.0,0.0,0.0,0.0,0.0,0.0,1.9,4.75,0.0,0.95,0.1,0.0,0.0
Chris MooreC. Moore,WR,2,3.3186813186813193,0.0,0.0,0.0,2.2527472527472527,0.0,2.054945054945055,33.20879120879121,0.04395604395604396,43.14285714285715,0.0,0.0,0.0,29.28571428571429,0.0,26.71428571428572,431.7142857142857,0.5714285714285715,13.0,0.35,3.3186813186813193,53.09890109890111
Will MalloryW. Mallory,TE,2,0.6663194444444444,0.0,0.0,0.0,0.0,0.0,1.279861111111111,11.802430555555555,0.0,4.644444444444445,0.0,0.0,0.0,0.0,0.0,7.494444444444444,74.52222222222221,0.0,4.855555555555555,0.9,0.6663194444444444,10.66111111111111
Marquise GoodwinM. Goodwin,WR,2,2.6095238095238096,0.0,0.0,0.0,4.071428571428572,0.0,1.2476190476190476,19.033333333333335,0.11428571428571431,22.28571428571429,0.0,0.0,0.0,25.0,0.0,10.571428571428573,158.42857142857144,1.142857142857143,7.142857142857143,0.35,2.6095238095238096,41.75238095238095
Pat FreiermuthP. Freiermuth,TE,3,4.601619047619048,0.0,0.0,0.0,0.0,0.0,3.1983333333333337,32.696059523809524,0.30807142857142855,63.9825,0.0,0.0,0.0,0.0,0.0,43.98499999999999,451.3925,4.37,12.9675,1.0,4.601619047619048,73.62590476190476
Leonard FournetteL. Fournette,RB,2,3.668571428571429,0.0,0.0,0.017142857142857144,24.30857142857143,0.05142857142857144,1.2342857142857144,8.897142857142859,0.05142857142857144,37.02857142857143,0.0,0.0,0.2571428571428572,184.62857142857143,0.7714285714285716,18.514285714285716,133.45714285714288,0.7714285714285716,4.5,0.35,3.668571428571429,58.697142857142865
Blake WatsonB. Watson,WR,1,2.0,0.0,0.0,0.0,10.0,0.0,1.0,13.000000000000002,0.0,2.0,0.0,0.0,0.0,10.0,0.0,1.0,13.000000000000002,0.0,1.0,0.65,2.0,32.0
Penny HartP. Hart,TE,1,0.31666666666666665,0.0,0.0,0.0,0.0,0.0,0.95,6.333333333333333,0.0,0.95,0.0,0.0,0.0,0.0,0.0,2.85,19.0,0.0,2.85,0.1,0.31666666666666665,5.066666666666666
Tyler BadieT. Badie,TE,1,2.216666666666667,0.0,0.0,0.0,27.233333333333338,0.0,0.95,-0.6333333333333333,0.0,6.649999999999999,0.0,0.0,0.0,81.7,0.0,2.8499999999999996,-1.9,0.0,2.8499999999999996,0.65,2.216666666666667,35.46666666666667
Mike StrachanM. Strachan,WR,2,3.5714285714285716,0.0,0.0,0.0,0.0,0.0,1.142857142857143,40.57142857142857,0.0,4.285714285714286,0.0,0.0,0.0,0.0,0.0,1.5714285714285716,49.0,0.0,1.2857142857142858,0.35,3.5714285714285716,57.142857142857146
D'Onta ForemanD. Foreman,RB,3,3.58975,0.0,0.0,0.0,27.108500000000003,0.13,0.670625,5.44475,0.024999999999999998,35.28,0.0,0.0,0.0,263.02500000000003,1.35,5.8500000000000005,46.575,0.225,8.055,1.0,3.58975,57.436
Tee HigginsT. Higgins,WR,3,10.230104895104896,0.0,0.0,0.0,0.0,0.0,5.286083916083916,70.02562937062937,0.6224825174825175,107.60000000000001,0.0,0.0,0.0,0.0,0.0,55.5,738.75,6.5,10.55,1.0,10.230104895104896,163.68167832167833
Robert WoodsR. Woods,TE,3,1.8192905982905985,0.0,0.0,0.0,0.12788461538461537,0.0,2.1388803418803417,20.67841452991453,0.030935897435897437,21.564999999999998,0.0,0.0,0.0,1.6624999999999999,0.0,24.035,235.74249999999998,0.4275,10.07,1.0,1.8192905982905985,29.108649572649576
Marcus MariotaM. Mariota,RB,3,8.23673076923077,78.3398076923077,0.6888461538461539,0.062307692307692314,14.912307692307694,0.027692307692307693,0.0,0.0,0.0,33.075,322.06500000000005,2.52,0.81,61.830000000000005,0.36000000000000004,0.0,0.0,0.0,2.565,1.0,8.23673076923077,131.7876923076923
Ben SimsB. Sims,TE,2,1.1479166666666665,0.0,0.0,0.0,0.0,0.0,1.1787037037037036,10.990972222222222,0.06597222222222222,3.905555555555556,0.0,0.0,0.0,0.0,0.0,3.8,34.35833333333333,0.2638888888888889,3.1138888888888885,0.9,1.1479166666666665,18.366666666666664
Hunter LongH. Long,TE,1,0.57,0.0,0.0,0.0,0.0,0.0,1.3299999999999998,11.399999999999999,0.0,2.8499999999999996,0.0,0.0,0.0,0.0,0.0,6.649999999999999,57.0,0.0,4.75,0.65,0.57,9.12
Andrew OgletreeA. Ogletree,TE,2,2.231746031746032,0.0,0.0,0.0,0.0,0.0,1.1799603174603175,15.090674603174602,0.18597883597883597,14.566666666666666,0.0,0.0,0.0,0.0,0.0,7.863888888888889,99.16944444444444,1.2138888888888888,6.38611111111111,0.9,2.231746031746032,35.70793650793651
Jesper HorstedJ. Horsted,TE,2,0.27142857142857146,0.0,0.0,0.0,0.0,0.0,1.4928571428571429,7.871428571428572,0.0,0.27142857142857146,0.0,0.0,0.0,0.0,0.0,1.4928571428571429,7.871428571428572,0.0,0.95,0.35,0.27142857142857146,4.342857142857143
Allen LazardA. Lazard,WR,3,6.548412698412698,0.0,0.0,0.0,0.0,0.0,3.3583333333333334,45.61071428571429,0.4218253968253969,63.2,0.0,0.0,0.0,0.0,0.0,32.8,444.95,4.0,9.75,1.0,6.548412698412698,104.77460317460317
T.J. HockensonT. Hockenson,TE,3,5.205208333333333,0.0,0.0,0.0,0.0,0.0,4.633229166666666,49.70875,0.11479166666666667,60.42,0.0,0.0,0.0,0.0,0.0,51.6325,546.725,1.7575,10.0225,1.0,5.205208333333333,83.28333333333333
Jonathan MingoJ. Mingo,TE,2,1.4052083333333334,0.0,0.0,0.0,0.4288194444444444,0.0,1.9571759259259258,18.588773148148146,0.0,15.674999999999999,0.0,0.0,0.0,3.4305555555555554,0.0,20.95277777777778,200.1861111111111,0.0,9.447222222222221,0.9,1.4052083333333334,22.483333333333334
Theo JohnsonT. Johnson,TE,1,3.23,0.0,0.0,0.0,0.0,0.0,2.755,31.445,0.095,32.3,0.0,0.0,0.0,0.0,0.0,27.549999999999997,314.45,0.95,9.5,0.65,3.23,51.68
Hassan HaskinsH. Haskins,WR,2,1.6444444444444446,0.0,0.0,0.0,4.503703703703704,0.09629629629629628,0.3925925925925926,4.733333333333333,0.09629629629629628,14.200000000000001,0.0,0.0,0.0,34.53333333333334,0.8666666666666667,2.9333333333333336,39.666666666666664,0.8666666666666667,8.600000000000001,0.75,1.6444444444444446,26.311111111111114
Raheem MostertR. Mostert,RB,3,6.578181818181819,0.0,0.0,0.0,34.725,0.3943636363636364,1.4530909090909092,11.608363636363636,0.05700000000000001,89.10000000000001,0.0,0.0,0.0,462.375,5.49,18.180000000000003,143.28,0.855,11.16,1.0,6.578181818181819,105.2509090909091
MarShawn LloydM. Lloyd,TE,1,0.95,0.0,0.0,0.0,14.25,0.0,0.95,2.8499999999999996,0.0,0.95,0.0,0.0,0.0,14.25,0.0,0.95,2.8499999999999996,0.0,0.95,0.65,0.95,15.2
Ray Ray McCloudR. McCloud,TE,3,3.2616666666666667,0.0,0.0,0.0,4.203749999999999,0.007916666666666666,2.813583333333333,31.384833333333333,0.04908333333333333,43.699999999999996,0.0,0.0,0.0,53.01,0.095,38.665,424.745,0.7124999999999999,11.827499999999999,1.0,3.2616666666666667,52.18666666666667
Mike WilliamsM. Williams,WR,3,5.195,0.0,0.0,0.0,0.25,0.0,3.375,45.68666666666667,0.18166666666666667,36.2,0.0,0.0,0.0,0.75,0.0,23.65,326.0,1.3,8.45,1.0,5.195,83.12
Jamaal WilliamsJ. Williams,RB,3,2.4135,0.0,0.0,0.0,18.38775,0.142875,0.7582500000000001,3.6461249999999996,0.0,31.275000000000002,0.0,0.0,0.0,227.925,1.935,8.55,40.95,0.0,9.99,1.0,2.4135,38.616
Tyler MabryT. Mabry,TE,1,5.7,0.0,0.0,0.0,0.0,0.0,0.95,6.6499999999999995,0.95,5.7,0.0,0.0,0.0,0.0,0.0,0.95,6.6499999999999995,0.95,0.95,0.1,5.7,91.2
Zack MossZ. Moss,RB,3,6.252692307692309,0.0,0.0,0.0,33.48432692307693,0.23278846153846156,2.2091826923076923,17.237451923076925,0.10774038461538463,62.05500000000001,0.0,0.0,0.0,344.25,2.295,20.25,155.475,1.035,8.685,1.0,6.252692307692309,100.04307692307694
James ConnerJ. Conner,RB,3,11.168653846153846,0.0,0.0,0.0,64.61134615384617,0.4729615384615385,2.504711538461539,20.148173076923076,0.08342307692307692,157.815,0.0,0.0,0.0,908.2800000000001,6.66,35.64,291.825,1.125,12.645000000000001,1.0,11.168653846153846,178.69846153846154
Courtland SuttonC. Sutton,WR,3,8.944505494505496,1.3928571428571428,0.04642857142857143,0.0,0.038461538461538464,0.0,4.801373626373627,62.95879120879121,0.46483516483516485,124.6,19.5,0.65,0.0,0.5,0.0,66.75,875.3000000000001,6.5,13.899999999999999,1.0,8.944505494505496,143.11208791208793
Foster MoreauF. Moreau,WR,3,4.175,0.0,0.0,0.0,0.016666666666666666,0.0,2.2616666666666667,27.796666666666667,0.3016666666666667,42.55,0.0,0.0,0.0,0.2,0.0,23.15,284.8,3.0500000000000003,10.2,1.0,4.175,66.8
Jerome FordJ. Ford,RB,3,5.8725000000000005,0.0,0.0,0.0,36.323437500000004,0.19125000000000003,2.255625,14.2453125,0.0703125,82.75500000000001,0.0,0.0,0.0,500.31,2.6550000000000002,31.095,197.55,1.125,11.385000000000002,1.0,5.8725000000000005,93.96000000000001
DeeJay DallasD. Dallas,TE,3,1.460888888888889,0.0,0.0,0.009500000000000001,6.609625,0.0,0.4647083333333333,2.065986111111111,0.15437499999999998,7.1725,0.0,0.0,0.095,40.137499999999996,0.0,3.5625,19.047499999999996,0.6174999999999999,5.557499999999999,1.0,1.460888888888889,23.374222222222222
Quez WatkinsQ. Watkins,TE,2,1.788961038961039,0.0,0.0,0.0,0.02467532467532468,0.0,2.3482683982683983,19.47294372294372,0.07402597402597402,14.250000000000002,0.0,0.0,0.0,0.27142857142857146,0.0,13.164285714285715,125.53571428571428,0.8142857142857144,5.021428571428572,0.35,1.788961038961039,28.623376623376625
Samori ToureS. Toure,TE,2,1.4928571428571429,0.0,0.0,0.0,0.0,0.0,1.114795918367347,13.125510204081632,0.06785714285714287,8.007142857142856,0.0,0.0,0.0,0.0,0.0,6.785714285714286,75.1857142857143,0.27142857142857146,5.835714285714285,0.35,1.4928571428571429,23.885714285714286
Bijan RobinsonB. Robinson,RB,2,11.875625000000001,0.0,0.0,0.0,66.63916666666667,0.49583333333333335,3.2235416666666667,24.2,0.09020833333333333,180.65,0.0,0.0,0.0,1014.4,7.500000000000001,49.15,369.0,1.4,13.75,0.9,11.875625000000001,190.01000000000002
Nick BawdenN. Bawden,TE,1,1.14,0.0,0.0,0.0,0.76,0.19,0.57,3.9899999999999998,0.0,5.699999999999999,0.0,0.0,0.0,3.8,0.95,2.8499999999999996,19.95,0.0,4.75,0.25,1.14,18.24
Tip ReimanT. Reiman,TE,1,0.19,0.0,0.0,0.0,0.0,0.0,1.14,7.03,0.0,0.95,0.0,0.0,0.0,0.0,0.0,5.699999999999999,35.15,0.0,4.75,0.65,0.19,3.04
A.J. McCarronA. McCarron,RB,1,0.0,-0.9,0.0,0.0,0.0,0.0,0.0,0.0,0.0,0.0,-0.9,0.0,0.0,0.0,0.0,0.0,0.0,0.0,0.9,0.25,0.0,0.0
Willie SneadW. Snead,TE,1,0.0,0.0,0.0,0.0,0.0,0.0,0.95,6.6499999999999995,0.0,0.0,0.0,0.0,0.0,0.0,0.0,1.9,13.299999999999999,0.0,1.9,0.25,0.0,0.0
Sione VakiS. Vaki,WR,1,0.75,0.0,0.0,0.0,3.4999999999999996,0.0,0.75,9.25,0.0,3.0,0.0,0.0,0.0,13.999999999999998,0.0,3.0,37.0,0.0,4.0,0.65,0.75,12.0
Jeremy RuckertJ. Ruckert,TE,2,0.7048765432098766,0.0,0.0,0.0,0.0,0.0,1.6355246913580244,11.28858024691358,0.0,6.7555555555555555,0.0,0.0,0.0,0.0,0.0,15.88611111111111,108.45833333333331,0.0,9.23611111111111,0.9,0.7048765432098766,11.278024691358025
Mason RudolphM. Rudolph,QB,2,15.542592592592595,225.51018518518518,1.262962962962963,1.0592592592592593,11.244444444444447,0.13240740740740742,0.0,0.0,0.0,83.17222222222225,1179.8111111111114,6.966666666666667,6.355555555555556,64.71666666666667,0.7944444444444445,0.0,0.0,0.0,5.6833333333333345,0.9,15.542592592592595,248.6814814814815
Nick FolesN. Foles,RB,1,0.0,100.8,0.0,1.8,3.6,0.0,0.0,0.0,0.0,0.0,201.6,0.0,3.6,7.2,0.0,0.0,0.0,0.0,1.8,0.1,0.0,0.0
Deon JacksonD. Jackson,TE,2,0.9623376623376624,0.0,0.0,0.0,10.388311688311688,0.02467532467532468,2.2886363636363636,8.056493506493506,0.02467532467532468,10.585714285714287,0.0,0.0,0.0,65.41428571428571,0.27142857142857146,9.907142857142858,45.87142857142857,0.27142857142857146,4.342857142857143,0.35,0.9623376623376624,15.397402597402598
Christopher RodriguezC. Rodriguez,RB,2,3.6,0.0,0.0,0.0,28.12875,0.1925,0.0625,0.375,0.0,21.0,0.0,0.0,0.0,163.8,1.15,0.5,3.0,0.0,5.25,0.9,3.6,57.6
Noah GrayN. Gray,TE,3,4.001026785714286,0.0,0.0,0.0,0.02290178571428571,0.0059375,2.4403124999999997,27.291294642857146,0.27736607142857145,53.2475,0.0,0.0,0.0,0.33249999999999996,0.095,32.68,365.03749999999997,3.6574999999999998,12.8725,1.0,4.001026785714286,64.01642857142858
Spencer BrownS. Brown,TE,1,1.9,0.0,0.0,0.0,20.424999999999997,0.0,0.95,4.75,0.0,3.8,0.0,0.0,0.0,40.849999999999994,0.0,1.9,9.5,0.0,1.9,0.1,1.9,30.4
Joe FlaccoJ. Flacco,QB,3,20.828500000000002,280.56600000000003,2.1395000000000004,1.2375,3.8500000000000005,0.0,0.0,0.0,0.0,102.63000000000002,1378.025,10.560000000000002,6.105,19.085000000000004,0.0,0.0,0.0,0.0,5.390000000000001,1.0,20.828500000000002,333.25600000000003
Jalen CampJ. Camp,TE,1,0.0,0.0,0.0,0.0,0.0,0.0,0.95,6.6499999999999995,0.0,0.0,0.0,0.0,0.0,0.0,0.0,0.95,6.6499999999999995,0.0,0.95,0.1,0.0,0.0
Kenny GainwellK. Gainwell,RB,3,2.4763392857142854,0.255,0.0,0.0,17.048839285714287,0.09428571428571429,1.1169642857142859,7.918392857142857,0.0,36.0,3.825,0.0,0.0,245.52,1.395,16.335,115.425,0.0,13.004999999999999,1.0,2.4763392857142854,39.62142857142857
Grant CalcaterraG. Calcaterra,WR,3,2.625,0.0,0.0,0.0,0.0,0.0,2.1416666666666666,25.619444444444447,0.07222222222222222,18.75,0.0,0.0,0.0,0.0,0.0,14.65,178.45,0.65,6.500000000000001,1.0,2.625,42.0
Zach CharbonnetZ. Charbonnet,RB,2,6.003333333333334,0.0,0.0,0.0,26.796666666666667,0.36333333333333334,2.206666666666667,15.54,0.043333333333333335,90.05,0.0,0.0,0.0,401.95,5.45,33.1,233.1,0.65,13.5,0.9,6.003333333333334,96.05333333333334
Jameson WilliamsJ. Williams,WR,3,8.036363636363637,0.0,0.0,0.0,5.809090909090909,0.022727272727272728,2.9454545454545453,54.59545454545455,0.3954545454545455,94.50000000000001,0.0,0.0,0.0,52.2,0.25,36.65,671.1,4.5,11.400000000000002,1.0,8.036363636363637,128.5818181818182
Patrick TaylorP. Taylor,RB,3,2.1600000000000006,0.0,0.0,0.0,14.692499999999999,0.14625000000000002,0.5625,3.3862500000000004,0.0,10.665000000000001,0.0,0.0,0.0,77.805,0.5850000000000001,3.7350000000000003,20.16,0.0,4.95,1.0,2.1600000000000006,34.56000000000001
Darius SlaytonD. Slayton,WR,3,4.589182692307693,0.0,0.0,0.0,0.8500000000000001,0.0,2.956971153846154,43.68173076923077,0.11225961538461539,63.55,0.0,0.0,0.0,11.05,0.0,40.55,601.0500000000001,1.6,13.75,1.0,4.589182692307693,73.42692307692309
Justin FieldsJ. Fields,QB,3,16.488083333333336,150.84116666666668,0.8488333333333334,0.3584166666666667,43.483000000000004,0.5078333333333334,0.0,0.0,0.0,187.71500000000003,1701.26,9.845,4.4,505.615,5.555000000000001,0.0,0.0,0.0,12.100000000000001,1.0,16.488083333333336,263.80933333333337
Chris OlaveC. Olave,WR,3,6.3029761904761905,0.0,0.0,0.0,0.56875,0.0,4.478571428571429,57.29761904761905,0.1693452380952381,69.85,0.0,0.0,0.0,4.55,0.0,48.5,624.95,1.9500000000000002,10.350000000000001,1.0,6.3029761904761905,100.84761904761905
Antonio GibsonA. Gibson,RB,3,3.7409999999999997,0.0,0.0,0.0,24.057000000000006,0.07200000000000001,1.692,14.787,0.042,56.115,0.0,0.0,0.0,360.8550000000001,1.0800000000000003,25.380000000000003,221.805,0.63,13.5,1.0,3.7409999999999997,59.855999999999995
Robert TonyanR. Tonyan,TE,2,1.7206632653061225,0.0,0.0,0.0,0.0,0.0,1.9145408163265305,18.338392857142853,0.03392857142857143,19.678571428571427,0.0,0.0,0.0,0.0,0.0,21.03571428571429,195.7,0.5428571428571429,9.092857142857143,0.35,1.7206632653061225,27.53061224489796
Ryan TannehillR. Tannehill,QB,2,11.170238095238096,208.63333333333338,0.536904761904762,0.7464285714285716,10.129166666666668,0.1505952380952381,0.0,0.0,0.0,108.11428571428574,1934.7428571428575,5.657142857142858,6.600000000000001,91.30000000000003,1.4142857142857146,0.0,0.0,0.0,10.057142857142859,0.35,11.170238095238096,178.72380952380954
Colt McCoyC. McCoy,QB,1,8.525,214.50000000000003,0.275,0.8250000000000002,9.9,0.0,0.0,0.0,0.0,34.1,858.0000000000001,1.1,3.3000000000000007,39.6,0.0,0.0,0.0,0.0,4.4,0.1,8.525,136.4
Miles SandersM. Sanders,RB,3,3.2887500000000003,0.0,0.0,0.0,21.294,0.135375,1.7460000000000002,8.481750000000002,0.0,43.065000000000005,0.0,0.0,0.0,285.70500000000004,1.8,20.16,99.0,0.0,10.665,1.0,3.2887500000000003,52.620000000000005
Brycen TremayneB. Tremayne,TE,1,0.0,0.0,0.0,0.0,0.0,0.0,0.95,-1.9,0.0,0.0,0.0,0.0,0.0,0.0,0.0,0.95,-1.9,0.0,0.95,0.65,0.0,0.0
Hunter HenryH. Henry,TE,3,4.762214285714286,0.0,0.0,0.0,0.0,0.0,3.78575,39.207970238095236,0.2146547619047619,66.78500000000001,0.0,0.0,0.0,0.0,0.0,54.05499999999999,560.0724999999999,2.8499999999999996,13.442499999999999,1.0,4.762214285714286,76.19542857142858
Nelson AgholorN. Agholor,WR,3,3.3177272727272724,0.0,0.0,0.0,0.0,0.0,1.7622727272727272,24.395000000000003,0.22151515151515153,37.2,0.0,0.0,0.0,0.0,0.0,19.7,271.85,2.5,11.15,1.0,3.3177272727272724,53.08363636363636
Anthony FirkserA. Firkser,TE,1,1.1083333333333334,0.0,0.0,0.0,0.0,0.0,1.2666666666666666,14.091666666666667,0.0,6.6499999999999995,0.0,0.0,0.0,0.0,0.0,7.6,84.55,0.0,5.7,0.1,1.1083333333333334,17.733333333333334
Rashaad PennyR. Penny,TE,2,2.442857142857143,0.0,0.0,0.0,24.55071428571429,0.10857142857142858,0.5564285714285714,2.565,0.0,12.214285714285714,0.0,0.0,0.0,105.45,0.5428571428571429,1.7642857142857145,7.735714285714287,0.0,2.7142857142857144,0.35,2.442857142857143,39.08571428571429
Jonathon BrooksJ. Brooks,TE,1,0.95,0.0,0.0,0.0,6.966666666666666,0.0,0.95,7.283333333333332,0.0,2.8499999999999996,0.0,0.0,0.0,20.9,0.0,2.8499999999999996,21.849999999999998,0.0,2.8499999999999996,0.65,0.95,15.2
Lucas KrullL. Krull,TE,2,1.8868055555555556,0.0,0.0,0.0,0.0,0.0,2.071527777777778,19.04618055555556,0.06597222222222222,11.66388888888889,0.0,0.0,0.0,0.0,0.0,14.461111111111112,127.3,0.2638888888888889,6.544444444444444,0.9,1.8868055555555556,30.18888888888889
Jake KumerowJ. Kumerow,WR,1,3.0000000000000004,0.0,0.0,0.0,0.0,0.0,2.0,32.0,0.0,6.000000000000001,0.0,0.0,0.0,0.0,0.0,4.0,64.0,0.0,2.0,0.1,3.0000000000000004,48.00000000000001
Daylen BaldwinD. Baldwin,WR,1,2.0,0.0,0.0,0.0,0.0,0.0,2.0,25.0,0.0,2.0,0.0,0.0,0.0,0.0,0.0,2.0,25.0,0.0,1.0,0.1,2.0,32.0
Elijah CooksE. Cooks,WR,1,3.0,0.0,0.0,0.0,0.0,0.0,3.0,38.0,0.0,3.0,0.0,0.0,0.0,0.0,0.0,3.0,38.0,0.0,1.0,0.25,3.0,48.0
Jarrett StidhamJ. Stidham,RB,3,4.635000000000001,70.065,0.36000000000000004,0.09000000000000001,1.7100000000000002,0.0,0.0,0.0,0.0,6.120000000000001,89.73,0.49500000000000005,0.18000000000000002,3.2400000000000007,0.0,0.0,0.0,0.0,0.9900000000000001,1.0,4.635000000000001,74.16000000000001
Nsimba WebsterN. Webster,TE,1,0.95,0.0,0.0,0.0,0.0,0.0,1.9,13.299999999999999,0.0,0.95,0.0,0.0,0.0,0.0,0.0,1.9,13.299999999999999,0.0,0.95,0.1,0.95,15.2
Quintin MorrisQ. Morris,TE,3,3.32025,0.0,0.0,0.0,0.0,0.0,1.007,9.623499999999998,0.4465,7.2675,0.0,0.0,0.0,0.0,0.0,2.4699999999999998,24.035,0.95,2.1849999999999996,1.0,3.32025,53.124
Chase DanielC. Daniel,RB,1,0.45,12.15,0.0,0.0,0.0,0.0,0.0,0.0,0.0,0.9,24.3,0.0,0.0,0.0,0.0,0.0,0.0,0.0,1.8,0.1,0.45,7.2
Jimmy GaroppoloJ. Garoppolo,QB,2,15.17619047619048,227.42619047619056,1.373809523809524,1.292857142857143,6.050000000000002,0.05714285714285716,0.0,0.0,0.0,118.48571428571431,1712.7000000000005,10.52857142857143,8.32857142857143,41.01428571428573,0.6285714285714287,0.0,0.0,0.0,8.171428571428573,0.35,15.17619047619048,242.81904761904767
Romeo DoubsR. Doubs,WR,3,6.398579545454545,0.0,0.0,0.0,0.1,0.0,3.4900568181818183,45.299431818181816,0.38863636363636367,78.9,0.0,0.0,0.0,1.1,0.0,43.0,550.95,4.9,12.25,1.0,6.398579545454545,102.37727272727273
Malik NabersM. Nabers,TE,1,8.476923076923077,0.0,0.0,0.0,0.14615384615384616,0.0,7.088461538461538,70.81153846153845,0.2923076923076923,110.19999999999999,0.0,0.0,0.0,1.9,0.0,92.14999999999999,920.55,3.8,12.350000000000001,0.65,8.476923076923077,135.63076923076923
Jakob JohnsonJ. Johnson,WR,2,0.7142857142857143,0.0,0.0,0.0,0.0,0.0,1.0,9.071428571428571,0.0,0.7142857142857143,0.0,0.0,0.0,0.0,0.0,1.8571428571428574,10.571428571428573,0.0,1.8571428571428574,0.35,0.7142857142857143,11.428571428571429
DeVonta SmithD. Smith,TE,3,8.191572916666667,0.0,0.0,0.0,0.051458333333333335,0.0,4.95009375,59.66356249999999,0.45698958333333334,109.345,0.0,0.0,0.0,0.6174999999999999,0.0,65.88250000000001,800.7074999999999,6.032500000000001,12.635,1.0,8.191572916666667,131.06516666666667
Marcedes LewisM. Lewis,TE,3,0.7164583333333333,0.0,0.0,0.0,0.0,0.0,0.95,4.001875,0.09104166666666666,3.4675000000000002,0.0,0.0,0.0,0.0,0.0,2.1374999999999997,14.392500000000002,0.4275,2.1374999999999997,1.0,0.7164583333333333,11.463333333333333
Breece HallB. Hall,RB,3,10.078392857142857,0.0,0.0,0.0,49.769999999999996,0.31660714285714286,3.4995535714285717,30.16647321428572,0.15267857142857144,137.655,0.0,0.0,0.0,678.0600000000001,4.1850000000000005,49.365,418.995,2.1600000000000006,12.420000000000002,1.0,10.078392857142857,161.25428571428571
Luke SchoonmakerL. Schoonmaker,TE,2,2.784970238095238,0.0,0.0,0.0,0.0,0.0,2.4456845238095237,21.747271825396822,0.1611607142857143,21.63888888888889,0.0,0.0,0.0,0.0,0.0,19.26388888888889,171.52777777777777,1.2138888888888888,7.336111111111111,0.9,2.784970238095238,44.55952380952381
Bo NixB. Nix,QB,1,21.266666666666666,237.23333333333335,1.6133333333333333,0.8066666666666666,25.813333333333333,0.29333333333333333,0.07333333333333333,0.14666666666666667,0.07333333333333333,319.0,3558.5000000000005,24.200000000000003,12.100000000000001,387.20000000000005,4.4,1.1,2.2,1.1,16.5,0.65,21.266666666666666,340.26666666666665
Chase EdmondsC. Edmonds,RB,2,1.8750000000000002,0.0,0.0,0.0,12.267857142857146,0.042857142857142864,1.0392857142857144,7.864285714285716,0.021428571428571432,22.5,0.0,0.0,0.0,147.21428571428572,0.5142857142857143,12.471428571428572,94.3714285714286,0.2571428571428572,10.800000000000002,0.35,1.8750000000000002,30.000000000000004
Alex EricksonA. Erickson,WR,1,3.2857142857142856,0.0,0.0,0.0,0.0,0.0,2.0,29.0,0.14285714285714285,23.0,0.0,0.0,0.0,0.0,0.0,14.0,203.0,1.0,7.0,0.25,3.2857142857142856,52.57142857142857
Jordan MasonJ. Mason,RB,3,5.873035714285715,0.0,0.0,0.0,46.20214285714286,0.2434821428571429,0.5925,4.970625,0.0,64.98,0.0,0.0,0.0,520.515,2.5200000000000005,6.885000000000001,57.51,0.0,9.450000000000001,1.0,5.873035714285715,93.96857142857144
John MundtJ. Mundt,TE,3,1.8631875,0.0,0.0,0.0,0.0,0.0,1.6181666666666668,12.828958333333333,0.16110416666666666,18.0975,0.0,0.0,0.0,0.0,0.0,15.770000000000001,123.7375,1.5675,9.214999999999998,1.0,1.8631875,29.811
D.J. MooreD. Moore,TE,3,7.953875,0.0,0.0,0.0,3.178739583333334,0.01484375,5.1505833333333335,58.513666666666666,0.36614583333333334,122.6925,0.0,0.0,0.0,48.307500000000005,0.2375,78.9925,902.215,5.6525,14.5825,1.0,7.953875,127.262
Denzel MimsD. Mims,WR,1,2.2857142857142856,0.0,0.0,0.0,0.0,0.0,1.5714285714285714,26.571428571428573,0.0,16.0,0.0,0.0,0.0,0.0,0.0,11.0,186.0,0.0,7.0,0.1,2.2857142857142856,36.57142857142857
Emari DemercadoE. Demercado,RB,2,2.756060606060606,0.0,0.0,0.0,18.53371212121212,0.09962121212121212,1.343939393939394,8.337878787878788,0.0,32.05,0.0,0.0,0.0,215.95000000000002,1.15,15.65,97.35000000000001,0.0,10.55,0.9,2.756060606060606,44.096969696969694
Jayden DanielsJ. Daniels,QB,1,25.88666666666667,242.22,1.6133333333333333,0.5866666666666667,54.046666666666674,0.44000000000000006,0.0,0.0,0.0,388.3,3633.3000000000006,24.200000000000003,8.8,810.7,6.6000000000000005,0.0,0.0,0.0,16.5,0.65,25.88666666666667,414.1866666666667
Joe MixonJ. Mixon,RB,3,12.650048076923078,0.0,0.0,0.0,65.56939903846154,0.6902884615384615,2.706706730769231,22.158605769230768,0.09072115384615385,162.675,0.0,0.0,0.0,844.2,8.775,35.730000000000004,289.485,1.215,11.790000000000001,1.0,12.650048076923078,202.40076923076924
Trent TaylorT. Taylor,RB,2,-0.17448979591836739,0.0,0.0,0.0,-0.09183673469387751,0.0,0.22040816326530616,2.277551020408164,0.0,0.3857142857142858,0.0,0.0,0.0,2.5714285714285716,0.0,1.5428571428571431,15.942857142857145,0.0,3.0857142857142863,0.35,-0.17448979591836739,-2.791836734693878
Dalvin CookD. Cook,TE,3,2.027232142857143,0.0,0.0,0.0,16.55035714285714,0.0475,0.7888392857142856,6.162276785714285,0.011875,23.18,0.0,0.0,0.0,171.09500000000003,0.76,7.790000000000001,52.724999999999994,0.19,6.079999999999999,1.0,2.027232142857143,32.43571428571429
Russell GageR. Gage,TE,1,4.829166666666666,0.0,0.0,0.0,0.0,0.0,3.8,32.5375,0.31666666666666665,57.949999999999996,0.0,0.0,0.0,0.0,0.0,45.6,390.45,3.8,11.4,0.1,4.829166666666666,77.26666666666665
Gunner OlszewskiG. Olszewski,TE,2,-0.5880952380952381,0.0,0.0,0.0,1.0555555555555556,0.0,0.4900793650793651,1.5984126984126985,0.0,-0.5428571428571427,0.0,0.0,0.0,9.5,0.0,2.0357142857142856,14.385714285714288,0.0,3.8,0.35,-0.5880952380952381,-9.40952380952381
Tom KennedyT. Kennedy,WR,1,2.4,0.0,0.0,0.0,0.0,0.0,1.6000000000000003,28.200000000000003,0.0,12.000000000000002,0.0,0.0,0.0,0.0,0.0,8.0,141.0,0.0,5.0,0.1,2.4,38.4
Cam AkersC. Akers,RB,3,4.152857142857143,0.0,0.0,0.0,25.997142857142858,0.1992857142857143,0.8678571428571429,5.052857142857143,0.09000000000000001,48.915,0.0,0.0,0.0,310.14000000000004,2.25,9.225,52.785000000000004,1.1700000000000002,10.440000000000001,1.0,4.152857142857143,66.44571428571429
Ryan MillerR. Miller,TE,1,2.5785714285714287,0.0,0.0,0.0,0.0,0.0,1.3571428571428572,13.842857142857142,0.2714285714285714,18.05,0.0,0.0,0.0,0.0,0.0,9.5,96.89999999999998,1.9,6.649999999999999,0.65,2.5785714285714287,41.25714285714286
Clyde Edwards-HelaireC. Edwards-Helaire,RB,2,4.054081632653062,0.0,0.0,0.0,18.82244897959184,0.13163265306122449,1.2204081632653063,12.533673469387757,0.13163265306122449,45.900000000000006,0.0,0.0,0.0,220.3714285714286,1.4142857142857146,14.65714285714286,153.90000000000003,1.4142857142857146,11.314285714285717,0.35,4.054081632653062,64.865306122449
Phillip WalkerP. Walker,QB,2,5.5,144.20476190476197,0.31428571428571433,0.942857142857143,6.757142857142858,0.0,0.0,0.0,0.0,29.700000000000003,759.3142857142859,1.7285714285714289,4.871428571428572,35.828571428571436,0.0,0.0,0.0,0.0,5.814285714285716,0.35,5.5,88.0
Saquon BarkleyS. Barkley,RB,3,15.261519230769233,0.0,0.0,0.0,94.91584615384615,0.6324807692307693,2.204625,16.628711538461538,0.14723076923076925,224.86500000000004,0.0,0.0,0.0,1399.41,9.405000000000001,32.04,243.40500000000006,2.07,13.14,1.0,15.261519230769233,244.18430769230773
Nyheim HinesN. Hines,TE,1,2.2392857142857143,0.0,0.0,0.0,2.2392857142857143,0.06785714285714285,2.0357142857142856,16.353571428571428,0.06785714285714285,31.349999999999998,0.0,0.0,0.0,31.349999999999998,0.95,28.5,228.95,0.95,13.299999999999999,0.1,2.2392857142857143,35.82857142857143
DeAndre HopkinsD. Hopkins,TE,3,6.24803125,0.0,0.0,0.0,0.13359374999999998,0.0,3.907930555555556,47.398864583333335,0.3265625,90.34499999999998,0.0,0.0,0.0,2.1374999999999997,0.0,55.574999999999996,680.5799999999999,4.797499999999999,13.9175,1.0,6.24803125,99.9685
Van JeffersonV. Jefferson,WR,3,2.909090909090909,0.0,0.0,0.0,0.1,0.0,1.953409090909091,23.995454545454542,0.1556818181818182,30.0,0.0,0.0,0.0,1.0,0.0,20.25,247.5,1.6,10.45,1.0,2.909090909090909,46.54545454545455
Boston ScottB. Scott,WR,2,1.1031746031746033,0.0,0.0,0.0,10.30952380952381,0.04761904761904762,0.43650793650793657,4.484126984126984,0.0,11.571428571428575,0.0,0.0,0.0,104.42857142857143,0.5714285714285715,4.285714285714286,41.42857142857143,0.0,9.857142857142858,0.35,1.1031746031746033,17.650793650793652
Melvin GordonM. Gordon,WR,2,5.323809523809524,0.0,0.0,0.0,24.085714285714285,0.29523809523809524,1.4285714285714286,17.323809523809526,0.0,26.571428571428577,0.0,0.0,0.0,135.85714285714286,1.2857142857142858,9.285714285714286,96.57142857142857,0.0,5.0,0.35,5.323809523809524,85.18095238095239
Joshua DobbsJ. Dobbs,QB,2,17.563736263736264,221.83736263736267,1.1,0.9186813186813189,29.21648351648352,0.36263736263736274,0.0,0.0,0.0,179.3,2008.914285714286,10.52857142857143,8.171428571428573,334.55714285714294,4.714285714285714,0.0,0.0,0.0,10.52857142857143,0.35,17.563736263736264,281.0197802197802
Nick MullensN. Mullens,RB,3,3.3375000000000004,59.98500000000001,0.31125,0.3375,0.6637500000000001,0.0,0.0,0.0,0.0,13.05,236.70000000000002,1.215,1.35,2.6550000000000002,0.0,0.0,0.0,0.0,3.5100000000000002,1.0,3.3375000000000004,53.400000000000006
Cade StoverC. Stover,TE,1,1.4777777777777774,0.0,0.0,0.0,0.0,0.0,1.4777777777777774,13.933333333333332,0.10555555555555553,13.299999999999997,0.0,0.0,0.0,0.0,0.0,13.299999999999997,125.39999999999999,0.95,8.549999999999999,0.65,1.4777777777777774,23.64444444444444
Isaiah DavisI. Davis,RB,1,3.2142857142857144,0.0,0.0,0.0,12.599999999999998,0.12857142857142856,1.0285714285714285,8.614285714285714,0.12857142857142856,22.5,0.0,0.0,0.0,88.2,0.9,7.2,60.300000000000004,0.9,6.299999999999999,0.65,3.2142857142857144,51.42857142857143
Tyron JohnsonT. Johnson,TE,1,0.0,0.0,0.0,0.0,0.0,0.0,0.95,7.6,0.0,0.0,0.0,0.0,0.0,0.0,0.0,0.95,7.6,0.0,0.95,0.1,0.0,0.0
Matt BreidaM. Breida,RB,2,1.3285714285714285,0.0,0.0,0.0,9.557142857142859,0.058928571428571434,0.9375000000000001,5.475,0.0,20.314285714285717,0.0,0.0,0.0,146.44285714285715,0.9,14.271428571428572,83.82857142857144,0.0,13.757142857142858,0.35,1.3285714285714285,21.257142857142856
Alvin KamaraA. Kamara,RB,3,11.201538461538462,0.0,0.0,0.0,56.78653846153847,0.35010989010989013,4.499505494505494,33.88574175824176,0.11373626373626373,154.26000000000002,0.0,0.0,0.0,783.0,4.815,61.695000000000014,466.335,1.575,12.375,1.0,11.201538461538462,179.2246153846154
Kendrick BourneK. Bourne,TE,3,4.048207799145299,0.0,0.0,0.0,0.8154166666666667,0.0,2.971642628205128,33.48942841880341,0.1946688034188034,35.91,0.0,0.0,0.0,8.36,0.0,26.552500000000002,300.7225,1.6624999999999999,8.6925,1.0,4.048207799145299,64.77132478632478
Treylon BurksT. Burks,TE,3,1.3858125,0.0,0.0,0.0,1.13525,0.0,1.3679999999999999,15.847187499999999,0.009500000000000001,10.877500000000001,0.0,0.0,0.0,9.3575,0.0,9.025,113.85749999999999,0.095,5.319999999999999,1.0,1.3858125,22.173
Michael ThomasM. Thomas,TE,2,6.52936507936508,0.0,0.0,0.0,0.0,0.0,4.3880952380952385,49.249206349206354,0.3468253968253968,40.85,0.0,0.0,0.0,0.0,0.0,30.807142857142857,350.4142857142857,1.4928571428571429,6.921428571428571,0.35,6.52936507936508,104.46984126984128
Garrett WilsonG. Wilson,TE,3,7.741114583333333,0.0,0.0,0.0,0.22958333333333333,0.0,5.5248437500000005,61.614625,0.31528125,118.465,0.0,0.0,0.0,3.4675,0.0,84.6925,945.2025,4.7975,14.5825,1.0,7.741114583333333,123.85783333333333
Anthony BrownA. Brown,RB,1,0.0,14.4,0.0,0.0,-4.5,0.0,0.0,0.0,0.0,0.0,14.4,0.0,0.0,-4.5,0.0,0.0,0.0,0.0,0.9,0.1,0.0,0.0
Harrison BryantH. Bryant,TE,3,1.8920833333333333,0.0,0.0,0.0,0.3008333333333333,0.0,2.0048958333333333,17.4146875,0.09697916666666666,11.4475,0.0,0.0,0.0,2.6599999999999997,0.0,11.399999999999999,93.14750000000001,0.8075,5.510000000000001,1.0,1.8920833333333333,30.273333333333333
Geno SmithG. Smith,QB,3,19.003875000000004,283.111255952381,1.3632797619047623,0.9536607142857144,16.052601190476192,0.12185119047619049,0.019642857142857142,-0.039285714285714285,0.0,282.70000000000005,4207.170000000001,20.295000000000005,14.190000000000001,240.46,1.815,0.275,-0.55,0.0,16.335,1.0,19.003875000000004,304.06200000000007
Bryce YoungB. Young,QB,2,13.444444444444445,185.72175925925924,0.8861111111111112,0.7995370370370372,19.03101851851852,0.26481481481481484,0.0,0.0,0.0,171.4777777777778,2398.733333333334,11.305555555555555,10.205555555555557,242.3666666666667,3.177777777777778,0.0,0.0,0.0,14.116666666666669,0.9,13.444444444444445,215.11111111111111
Jonathan WilliamsJ. Williams,RB,2,0.5142857142857143,0.0,0.0,0.0,3.857142857142857,0.0,0.21428571428571433,1.328571428571429,0.0,3.0857142857142863,0.0,0.0,0.0,29.571428571428577,0.0,1.2857142857142858,7.971428571428572,0.0,2.185714285714286,0.35,0.5142857142857143,8.22857142857143
Derek CarrD. Carr,QB,3,18.52125,241.31112500000006,1.6094375000000003,0.5976666666666667,6.408875,0.07150000000000001,0.0,0.0,0.0,220.66000000000003,2914.945,19.14,7.315000000000001,71.335,0.7150000000000001,0.0,0.0,0.0,13.200000000000001,1.0,18.52125,296.34
Cooper RushC. Rush,QB,3,8.855000000000002,132.0457142857143,0.7935714285714286,0.2879761904761905,0.9051190476190478,0.0,0.0,0.0,0.0,93.44500000000001,1360.3150000000003,8.415000000000001,2.75,10.725000000000001,0.0,0.0,0.0,0.0,10.285000000000002,1.0,8.855000000000002,141.68000000000004
Teddy BridgewaterT. Bridgewater,RB,2,2.2628571428571433,35.12571428571429,0.20571428571428577,0.20571428571428577,0.10285714285714295,0.0,0.0,0.0,0.0,11.314285714285717,175.62857142857143,1.0285714285714287,1.0285714285714287,5.657142857142858,0.0,0.0,0.0,0.0,1.9285714285714286,0.35,2.2628571428571433,36.20571428571429
Chris GodwinC. Godwin,TE,3,9.825714285714286,0.0,0.0,0.0,0.7150446428571429,0.01484375,6.218683035714286,71.82296875,0.49111607142857144,89.015,0.0,0.0,0.0,9.785,0.2375,58.4725,678.7275,3.8474999999999997,9.452499999999999,1.0,9.825714285714286,157.21142857142857
Dax MilneD. Milne,TE,1,1.1083333333333334,0.0,0.0,0.0,0.0,0.0,0.95,5.858333333333333,0.15833333333333333,6.6499999999999995,0.0,0.0,0.0,0.0,0.0,5.7,35.15,0.95,5.7,0.1,1.1083333333333334,17.733333333333334
Justyn RossJ. Ross,TE,1,0.6333333333333333,0.0,0.0,0.0,0.0,0.0,1.2666666666666666,11.399999999999999,0.0,1.9,0.0,0.0,0.0,0.0,0.0,3.8,34.199999999999996,0.0,2.8499999999999996,0.25,0.6333333333333333,10.133333333333333
Craig ReynoldsC. Reynolds,TE,3,1.6330952380952382,0.0,0.0,0.0,16.209714285714288,0.033928571428571426,0.43564285714285716,4.048809523809523,0.0,9.927499999999998,0.0,0.0,0.0,94.81,0.2375,2.6599999999999997,25.27,0.0,5.319999999999999,1.0,1.6330952380952382,26.12952380952381
Will LevisW. Levis,QB,2,13.220987654320988,199.76049382716053,1.1382716049382717,1.002469135802469,14.574074074074074,0.033950617283950615,0.0,0.0,0.0,137.62222222222223,2074.6000000000004,11.97777777777778,10.755555555555556,156.44444444444446,0.3055555555555556,0.0,0.0,0.0,11.48888888888889,0.9,13.220987654320988,211.5358024691358
Jimmy GrahamJ. Graham,TE,1,5.9375,0.0,0.0,0.0,0.0,0.0,1.4249999999999998,9.2625,0.95,23.75,0.0,0.0,0.0,0.0,0.0,5.699999999999999,37.05,3.8,3.8,0.25,5.9375,95.0
Cade OttonC. Otton,TE,3,4.77183608058608,0.0,0.0,0.0,-0.17642857142857143,0.0,3.6144368131868134,36.01422161172161,0.2543772893772894,67.45,0.0,0.0,0.0,-2.4699999999999998,0.0,51.015,508.1075,3.61,13.442499999999997,1.0,4.77183608058608,76.34937728937729
Lil'Jordan HumphreyL. Humphrey,TE,3,2.594555555555555,0.0,0.0,0.0,0.0,0.0,2.2288055555555553,21.71225,0.14091666666666663,24.747499999999995,0.0,0.0,0.0,0.0,0.0,21.185,205.2475,1.3299999999999998,8.5025,1.0,2.594555555555555,41.51288888888888
Jaelon DardenJ. Darden,TE,2,0.08444444444444445,0.0,0.0,0.0,0.08444444444444445,0.0,0.9077777777777778,6.037777777777779,0.0,0.2533333333333333,0.0,0.0,0.0,0.2533333333333333,0.0,1.0766666666666669,8.233333333333333,0.0,1.2033333333333334,0.75,0.08444444444444445,1.3511111111111112
Tom BradyT. Brady,QB,1,21.3125,316.9375,1.6500000000000004,0.61875,-0.06875,0.06875,0.0,0.0,0.0,341.0,5071.0,26.400000000000006,9.9,-1.1,1.1,0.0,0.0,0.0,17.6,0.1,21.3125,341.0
Colby ParkinsonC. Parkinson,TE,3,2.4185416666666666,0.0,0.0,0.0,0.0,0.0,2.1097916666666663,21.72729166666667,0.106875,29.022500000000004,0.0,0.0,0.0,0.0,0.0,25.317500000000003,260.7275,1.2825,11.399999999999999,1.0,2.4185416666666666,38.696666666666665
Dan ArnoldD. Arnold,WR,1,0.8888888888888888,0.0,0.0,0.0,0.0,0.0,1.0,15.0,0.0,8.0,0.0,0.0,0.0,0.0,0.0,9.0,135.0,0.0,9.0,0.1,0.8888888888888888,14.222222222222221
Kendric PryorK. Pryor,TE,1,0.0,0.0,0.0,0.0,0.0,0.0,0.95,8.549999999999999,0.0,0.0,0.0,0.0,0.0,0.0,0.0,0.95,8.549999999999999,0.0,0.95,0.65,0.0,0.0
Jonathan TaylorJ. Taylor,RB,3,11.697727272727272,0.0,0.0,0.0,75.90829545454547,0.5727272727272728,1.385340909090909,10.7425,0.07375,131.715,0.0,0.0,0.0,862.3800000000001,6.39,15.120000000000001,116.865,0.81,10.035,1.0,11.697727272727272,187.16363636363636
Keke CouteeK. Coutee,WR,1,1.0,0.0,0.0,0.0,0.0,0.0,1.0,20.0,0.0,1.0,0.0,0.0,0.0,0.0,0.0,1.0,20.0,0.0,1.0,0.1,1.0,16.0
Montrell WashingtonM. Washington,TE,1,0.0,0.0,0.0,0.0,3.5625,0.0,0.475,0.2375,0.0,0.0,0.0,0.0,0.0,28.5,0.0,3.8,1.9,0.0,7.6,0.1,0.0,0.0
Chris ManhertzC. Manhertz,TE,3,3.88075,0.0,0.0,0.0,0.0,0.0,0.969,3.9329999999999994,0.6174999999999999,4.2275,0.0,0.0,0.0,0.0,0.0,1.6624999999999999,9.025,0.6174999999999999,1.5675,1.0,3.88075,62.092
Samaje PerineS. Perine,TE,3,3.1599375,0.0,0.0,0.0,9.18590625,0.06867708333333333,1.96115625,20.102,0.0665,48.26,0.0,0.0,0.0,141.2175,1.045,30.115,307.94249999999994,0.9974999999999999,14.487499999999999,1.0,3.1599375,50.559
Shane ZylstraS. Zylstra,WR,2,2.3333333333333335,0.0,0.0,0.0,0.0,0.0,1.1111111111111112,20.400000000000002,0.08888888888888889,5.333333333333333,0.0,0.0,0.0,0.0,0.0,2.3333333333333335,27.066666666666666,0.5333333333333333,1.6666666666666667,0.75,2.3333333333333335,37.333333333333336
Lynn BowdenL. Bowden,TE,1,1.5833333333333333,0.0,0.0,0.0,5.383333333333334,0.0,1.5833333333333333,12.35,0.0,9.5,0.0,0.0,0.0,32.3,0.0,9.5,74.1,0.0,5.699999999999999,0.25,1.5833333333333333,25.333333333333332
Kyler MurrayK. Murray,QB,3,20.81995238095238,240.79014285714285,1.2562380952380952,0.6954285714285715,37.16061904761904,0.38619047619047625,0.0,0.0,0.0,259.105,3034.0750000000003,15.455000000000002,8.580000000000002,474.37500000000006,4.73,0.0,0.0,0.0,13.860000000000001,1.0,20.81995238095238,333.1192380952381
Dalton KincaidD. Kincaid,TE,2,4.103472222222222,0.0,0.0,0.0,0.0,0.0,3.6454365079365076,35.344775132275124,0.15205026455026452,51.61666666666666,0.0,0.0,0.0,0.0,0.0,46.23333333333333,446.3416666666667,1.9,11.927777777777777,0.9,4.103472222222222,65.65555555555555
Jordan MimsJ. Mims,TE,1,1.14,0.0,0.0,0.0,7.9799999999999995,0.0,0.76,7.9799999999999995,0.0,5.699999999999999,0.0,0.0,0.0,39.9,0.0,3.8,39.9,0.0,4.75,0.65,1.14,18.24
Albert OkwuegbunamA. Okwuegbunam,TE,1,3.3249999999999997,0.0,0.0,0.0,0.0,0.0,2.375,22.5625,0.2375,13.299999999999999,0.0,0.0,0.0,0.0,0.0,9.5,90.25,0.95,3.8,0.1,3.3249999999999997,53.199999999999996
Tanner ConnerT. Conner,TE,1,0.475,0.0,0.0,0.0,0.0,0.0,1.4249999999999998,7.6,0.0,0.95,0.0,0.0,0.0,0.0,0.0,2.8499999999999996,15.2,0.0,1.9,0.65,0.475,7.6
Emanuel WilsonE. Wilson,RB,2,2.3428571428571425,0.0,0.0,0.0,20.40714285714286,0.04642857142857143,0.6178571428571429,3.2857142857142856,0.04642857142857143,30.099999999999998,0.0,0.0,0.0,247.45000000000002,0.65,6.8500000000000005,35.650000000000006,0.65,10.35,0.9,2.3428571428571425,37.48571428571428
Anthony McFarlandA. McFarland,TE,2,1.7642857142857145,0.0,0.0,0.0,8.142857142857142,0.0,1.9,10.450000000000001,0.0,1.7642857142857145,0.0,0.0,0.0,8.142857142857142,0.0,1.9,10.450000000000001,0.0,0.95,0.35,1.7642857142857145,28.22857142857143
Jack StollJ. Stoll,TE,3,0.17812499999999998,0.0,0.0,0.0,0.0,0.0,0.9856250000000001,6.151249999999999,0.0,1.1875,0.0,0.0,0.0,0.0,0.0,3.23,24.2725,0.0,2.945,1.0,0.17812499999999998,2.8499999999999996
Adonai MitchellA. Mitchell,WR,1,1.923076923076923,1.8461538461538463,0.0,0.0,0.46153846153846156,0.0,1.6153846153846154,22.307692307692307,0.0,25.0,24.0,0.0,0.0,6.0,0.0,21.0,290.0,0.0,13.000000000000002,0.65,1.923076923076923,30.769230769230766
Chris BlairC. Blair,WR,1,1.0,0.0,0.0,0.0,0.0,0.0,1.0,17.0,0.0,1.0,0.0,0.0,0.0,0.0,0.0,1.0,17.0,0.0,1.0,0.65,1.0,16.0
Blake CorumB. Corum,RB,1,1.2,0.0,0.0,0.0,15.075000000000001,0.0,0.45,3.4499999999999997,0.0,14.4,0.0,0.0,0.0,180.9,0.0,5.4,41.4,0.0,10.8,0.65,1.2,19.2
Keelan ColeK. Cole,WR,1,3.1666666666666665,0.0,0.0,0.0,0.0,0.0,1.5000000000000002,22.666666666666668,0.16666666666666666,19.0,0.0,0.0,0.0,0.0,0.0,9.0,136.0,1.0,6.000000000000001,0.1,3.1666666666666665,50.666666666666664
Ben EllefsonB. Ellefson,TE,1,0.95,0.0,0.0,0.0,0.0,0.0,1.425,12.35,0.0,1.9,0.0,0.0,0.0,0.0,0.0,2.85,24.7,0.0,1.9,0.1,0.95,15.2
Aaron ShampklinA. Shampklin,RB,1,0.3,0.0,0.0,0.0,5.1000000000000005,0.0,0.0,0.0,0.0,0.9,0.0,0.0,0.0,15.3,0.0,0.0,0.0,0.0,2.7,0.65,0.3,4.8
Richard RodgersR. Rodgers,TE,1,0.0,0.0,0.0,0.0,0.0,0.0,0.95,3.8,0.0,0.0,0.0,0.0,0.0,0.0,0.0,0.95,3.8,0.0,0.95,0.1,0.0,0.0
Damiere ByrdD. Byrd,WR,1,5.0,0.0,0.0,0.0,0.0,0.0,1.7142857142857142,38.285714285714285,0.2857142857142857,35.0,0.0,0.0,0.0,0.0,0.0,12.000000000000002,268.0,2.0,7.0,0.1,5.0,80.0
Stefon DiggsS. Diggs,TE,3,8.831041666666668,1.0034375,0.0,0.0,0.6727187499999999,0.07718749999999999,5.751854166666666,62.94541666666667,0.4136458333333333,96.89999999999999,8.0275,0.0,0.0,5.8425,0.6174999999999999,62.3675,692.455,4.7025,10.165,1.0,8.831041666666668,141.29666666666668
Keith KirkwoodK. Kirkwood,TE,2,1.4928571428571429,0.0,0.0,0.0,0.0,0.0,1.1196428571428572,8.719642857142857,0.16964285714285715,5.7,0.0,0.0,0.0,0.0,0.0,3.935714285714286,29.992857142857147,0.6785714285714286,3.257142857142857,0.35,1.4928571428571429,23.885714285714286
Scott MatlockS. Matlock,TE,1,0.2375,0.0,0.0,0.0,0.0,0.0,0.95,6.649999999999999,0.0,0.95,0.0,0.0,0.0,0.0,0.0,3.8,26.599999999999994,0.0,3.8,0.65,0.2375,3.8
Matthew StaffordM. Stafford,QB,3,18.036333333333335,268.51244444444444,1.5155555555555558,0.6807777777777777,2.4933333333333336,0.012222222222222223,0.0,0.0,0.0,261.305,3874.640000000001,22.0,9.625,36.74,0.11000000000000001,0.0,0.0,0.0,15.840000000000002,1.0,18.036333333333335,288.58133333333336
Kristian WilkersonK. Wilkerson,TE,1,6.649999999999999,0.0,0.0,0.0,0.0,0.0,1.9,17.099999999999998,0.95,6.649999999999999,0.0,0.0,0.0,0.0,0.0,1.9,17.099999999999998,0.95,0.95,0.65,6.649999999999999,106.39999999999998
D'Ernest JohnsonD. Johnson,RB,3,1.106142857142857,0.0,0.0,0.0,9.106285714285715,0.0,0.7772142857142859,7.4325,0.0,11.879999999999999,0.0,0.0,0.0,94.5,0.0,7.785,81.855,0.0,9.270000000000001,1.0,1.106142857142857,17.698285714285714
Dwayne WashingtonD. Washington,TE,1,0.6333333333333333,0.0,0.0,0.0,12.033333333333331,0.0,0.31666666666666665,2.216666666666667,0.0,1.9,0.0,0.0,0.0,36.1,0.0,0.95,6.6499999999999995,0.0,2.85,0.1,0.6333333333333333,10.133333333333333
Jeff DriskelJ. Driskel,TE,1,1.9,15.041666666666666,0.15833333333333333,0.0,10.766666666666667,0.0,0.15833333333333333,0.6333333333333333,0.0,11.4,90.25,0.95,0.0,64.6,0.0,0.95,3.8,0.0,5.7,0.1,1.9,30.4
Malachi CorleyM. Corley,TE,1,0.19,0.0,0.0,0.0,4.9399999999999995,0.0,0.57,3.04,0.0,0.95,0.0,0.0,0.0,24.700000000000003,0.0,2.8499999999999996,15.2,0.0,4.75,0.65,0.19,3.04
Amari CooperA. Cooper,TE,3,6.5015624999999995,0.0,0.0,0.0059375,0.0,0.0,3.7010416666666663,51.64239583333333,0.2869791666666667,88.73,0.0,0.0,0.095,0.0,0.0,49.637499999999996,705.4224999999999,3.8949999999999996,12.4925,1.0,6.5015624999999995,104.02499999999999
KaVontae TurpinK. Turpin,WR,3,3.4234848484848484,0.0,0.0,0.0,6.463863636363636,0.022727272727272728,1.7552272727272729,22.078863636363636,0.1765151515151515,40.150000000000006,0.0,0.0,0.0,72.8,0.25,20.650000000000002,260.8,2.05,11.05,1.0,3.4234848484848484,54.775757575757574
Antoine GreenA. Green,TE,1,0.0,0.0,0.0,0.0,0.0,0.0,0.95,1.9,0.0,0.0,0.0,0.0,0.0,0.0,0.0,0.95,1.9,0.0,0.95,0.25,0.0,0.0
Malik HeathM. Heath,TE,2,2.5861111111111112,0.0,0.0,0.0,0.0,0.0,1.8246031746031746,13.749867724867721,0.26640211640211636,9.869444444444445,0.0,0.0,0.0,0.0,0.0,7.283333333333333,58.74166666666667,0.95,3.905555555555556,0.9,2.5861111111111112,41.37777777777778
Kevin WhiteK. White,WR,1,3.5,0.0,0.0,0.0,0.0,0.0,1.0,37.0,0.0,7.0,0.0,0.0,0.0,0.0,0.0,2.0,74.0,0.0,2.0,0.1,3.5,56.0
Khadarel HodgeK. Hodge,WR,3,3.9039682539682543,0.0,0.0,0.0,0.0,0.0,1.657936507936508,30.563492063492063,0.23095238095238096,16.25,0.0,0.0,0.0,0.0,0.0,8.05,141.9,0.75,4.9,1.0,3.9039682539682543,62.46349206349207
Travis KelceT. Kelce,TE,3,6.315916666666666,0.0,0.0,0.0,0.07085416666666666,0.0,5.753833333333333,53.72091666666666,0.23274999999999998,95.9025,0.0,0.0,0.0,1.0924999999999998,0.0,86.925,813.5325,3.5625,14.344999999999999,1.0,6.315916666666666,101.05466666666666
Kyren WilliamsK. Williams,RB,3,12.592500000000001,0.0,0.0,0.0,71.49075,0.732,1.91025,11.191500000000001,0.13425,175.63500000000002,0.0,0.0,0.0,997.0649999999999,10.305000000000001,26.145000000000003,150.3,1.845,12.195,1.0,12.592500000000001,201.48000000000002
Corey DavisC. Davis,WR,1,5.272727272727272,0.0,0.0,0.0,0.0,0.0,2.8181818181818183,47.18181818181817,0.18181818181818182,58.00000000000001,0.0,0.0,0.0,0.0,0.0,31.0,519.0,2.0,11.0,0.1,5.272727272727272,84.36363636363635
Chad HenneC. Henne,RB,1,0.0,0.0,0.0,0.0,-2.7000000000000006,0.0,0.0,0.0,0.0,0.0,0.0,0.0,0.0,-2.7000000000000006,0.0,0.0,0.0,0.0,0.9,0.1,0.0,0.0
Brandon AllenB. Allen,RB,2,2.08,54.38,0.26,0.52,0.9200000000000002,0.0,0.0,0.0,0.0,6.24,157.85999999999999,0.78,1.56,3.0,0.0,0.0,0.0,0.0,2.4600000000000004,0.75,2.08,33.28
Nate AdkinsN. Adkins,TE,2,1.7651234567901235,0.0,0.0,0.0,0.0,0.0,1.1141975308641976,8.262654320987654,0.22870370370370371,15.358333333333334,0.0,0.0,0.0,0.0,0.0,7.916666666666667,62.75277777777777,2.0583333333333336,6.966666666666667,0.9,1.7651234567901235,28.241975308641976
Brandon PowellB. Powell,TE,3,1.2543290043290043,0.0,0.0,0.0,0.8081168831168831,0.0,1.4810335497835498,15.30435606060606,0.02159090909090909,12.065,0.0,0.0,0.0,10.2125,0.0,13.1575,134.9475,0.2375,7.6475,1.0,1.2543290043290043,20.06926406926407
Olamide ZaccheausO. Zaccheaus,TE,3,3.1078571428571427,0.0,0.0,0.0,0.0475,0.0,2.178214285714286,25.826428571428572,0.17642857142857143,36.29,0.0,0.0,0.0,0.665,0.0,26.9325,309.795,1.9,11.020000000000001,1.0,3.1078571428571427,49.72571428571428
Brandin CooksB. Cooks,TE,3,4.653020833333334,0.0,0.0,0.0,0.7164583333333333,0.0,2.6382291666666666,29.299583333333334,0.35822916666666665,50.397499999999994,0.0,0.0,0.0,9.5,0.0,28.072499999999994,321.67,3.705,9.6425,1.0,4.653020833333334,74.44833333333334
Stephen AndersonS. Anderson,TE,1,0.0,0.0,0.0,0.0,0.0,0.0,1.425,4.2749999999999995,0.0,0.0,0.0,0.0,0.0,0.0,0.0,2.85,8.549999999999999,0.0,1.9,0.1,0.0,0.0
Tommy TrembleT. Tremble,TE,3,2.3393750000000004,0.0,0.0,0.0,0.0,0.0,2.027458333333333,19.252541666666666,0.1564861111111111,23.179999999999996,0.0,0.0,0.0,0.0,0.0,19.665,185.7725,1.615,9.357500000000002,1.0,2.3393750000000004,37.43000000000001
Derek WattD. Watt,TE,1,0.6333333333333333,0.0,0.0,0.0,2.111111111111111,0.0,0.5277777777777778,1.1611111111111112,0.10555555555555554,5.7,0.0,0.0,0.0,19.0,0.0,4.75,10.45,0.95,8.549999999999999,0.1,0.6333333333333333,10.133333333333333
Jalen McMillanJ. McMillan,WR,1,6.1,0.0,0.0,0.0,2.8,0.0,2.7,33.6,0.5,60.99999999999999,0.0,0.0,0.0,27.999999999999996,0.0,27.0,336.0,5.0,10.0,0.65,6.1,97.6
Kendall BlantonK. Blanton,WR,1,1.0,0.0,0.0,0.0,0.0,0.0,1.0,17.5,0.0,2.0,0.0,0.0,0.0,0.0,0.0,2.0,35.0,0.0,2.0,0.1,1.0,16.0
Chuba HubbardC. Hubbard,RB,3,9.612375,0.0,0.0,0.0,61.0996875,0.47531249999999997,2.3023125000000007,11.101500000000001,0.039,144.45000000000002,0.0,0.0,0.0,919.08,7.155,34.74,165.82500000000002,0.5850000000000001,13.455,1.0,9.612375,153.798
Lamar JacksonL. Jackson,QB,3,29.84070833333334,264.2809583333334,2.3320000000000003,0.3751458333333334,57.57927083333334,0.25643750000000004,0.0,0.0,0.0,446.87500000000006,3965.7750000000005,34.925000000000004,5.5550000000000015,856.7900000000001,3.8500000000000005,0.0,0.0,0.0,16.445,1.0,29.84070833333334,477.4513333333334
Keelan DossK. Doss,TE,1,1.9,0.0,0.0,0.0,0.0,0.0,4.75,23.75,0.0,1.9,0.0,0.0,0.0,0.0,0.0,4.75,23.75,0.0,0.95,0.25,1.9,30.4
Jaleel McLaughlinJ. McLaughlin,RB,2,3.4142857142857146,0.0,0.0,0.0,24.326785714285716,0.06205357142857144,1.4129464285714286,5.285714285714286,0.12410714285714287,49.800000000000004,0.0,0.0,0.0,353.20000000000005,0.9,20.75,79.0,1.8,13.1,0.9,3.4142857142857146,54.62857142857143
Sammy WatkinsS. Watkins,WR,1,3.0000000000000004,0.0,0.0,0.0,0.0,0.0,2.0,35.142857142857146,0.0,21.0,0.0,0.0,0.0,0.0,0.0,14.0,246.0,0.0,7.0,0.1,3.0000000000000004,48.00000000000001
Trey PalmerT. Palmer,WR,2,2.8110119047619047,0.0,0.0,0.0,0.3819444444444444,0.0,1.8804563492063493,24.256448412698415,0.1552579365079365,27.333333333333336,0.0,0.0,0.0,6.111111111111111,0.0,18.944444444444446,228.38888888888889,1.5555555555555554,9.5,0.9,2.8110119047619047,44.976190476190474
Jermaine JacksonJ. Jackson,RB,1,0.0,0.0,0.0,0.0,-0.9,0.0,0.0,0.0,0.0,0.0,0.0,0.0,0.0,-0.9,0.0,0.0,0.0,0.0,0.9,0.65,0.0,0.0
Mark AndrewsM. Andrews,TE,3,7.6617500000000005,0.0,0.0,0.0,0.2881666666666667,0.0,3.858583333333333,44.45683333333333,0.6016666666666666,94.81,0.0,0.0,0.0,3.8474999999999997,0.0,47.88,549.9075,7.4575000000000005,11.8275,1.0,7.6617500000000005,122.58800000000001
Trestan EbnerT. Ebner,RB,1,0.54,0.0,0.0,0.0,9.72,0.0,0.3600000000000001,1.4400000000000004,0.0,2.7000000000000006,0.0,0.0,0.0,48.6,0.0,1.8,7.2,0.0,4.5,0.1,0.54,8.64
Carson SteeleC. Steele,RB,1,0.7363636363636364,0.0,0.0,0.0,12.927272727272728,0.0,0.40909090909090906,1.9636363636363636,0.0,8.1,0.0,0.0,0.0,142.20000000000002,0.0,4.5,21.6,0.0,9.9,0.65,0.7363636363636364,11.781818181818183
Hunter LuepkeH. Luepke,TE,2,0.9793209876543209,0.0,0.0,0.0,2.7561728395061724,0.05277777777777778,0.9969135802469136,9.335802469135803,0.0,7.336111111111111,0.0,0.0,0.0,20.794444444444448,0.2638888888888889,8.338888888888889,80.22222222222221,0.0,7.4944444444444445,0.9,0.9793209876543209,15.669135802469134
Cedrick WilsonC. Wilson,WR,3,3.0758928571428577,1.70625,0.08125,0.0,0.11428571428571428,0.0,1.7526785714285715,21.661607142857143,0.15625,26.55,13.65,0.65,0.0,0.8,0.0,14.900000000000002,184.95,1.4,8.4,1.0,3.0758928571428577,49.21428571428572
Ronnie BellR. Bell,TE,2,1.8076388888888888,0.0,0.0,0.0,0.0,0.0,1.015972222222222,11.703472222222222,0.13194444444444445,5.8583333333333325,0.0,0.0,0.0,0.0,0.0,2.6916666666666664,31.71944444444444,0.5277777777777778,2.4277777777777776,0.9,1.8076388888888888,28.92222222222222
Cooper KuppC. Kupp,TE,3,9.545652777777777,0.0,0.0,0.0,1.107013888888889,0.010555555555555556,6.0348749999999995,65.20931944444443,0.5327916666666666,98.08749999999999,0.0,0.0,0.0,10.402499999999998,0.095,61.892500000000005,672.6949999999999,5.4624999999999995,9.879999999999999,1.0,9.545652777777777,152.73044444444443
Davis AllenD. Allen,TE,2,2.084722222222222,0.0,0.0,0.0,0.0,0.0,2.5861111111111112,19.53657407407407,0.08796296296296295,5.225,0.0,0.0,0.0,0.0,0.0,5.699999999999999,45.230555555555554,0.2638888888888889,2.1638888888888888,0.9,2.084722222222222,33.355555555555554
Jaylen WarrenJ. Warren,RB,3,4.698375,0.0,0.0,0.0,31.473937500000005,0.10725000000000001,2.4225,18.311062500000002,0.0,66.645,0.0,0.0,0.0,444.96000000000004,1.575,34.155,255.42000000000002,0.0,12.555000000000001,1.0,4.698375,75.174
Randall CobbR. Cobb,TE,2,2.7081168831168836,0.0,0.0,0.0,0.0,0.0,1.4681818181818185,15.95568181818182,0.19431818181818183,17.914285714285718,0.0,0.0,0.0,0.0,0.0,11.4,133.95,0.95,5.7,0.35,2.7081168831168836,43.32987012987014
Ian ThomasI. Thomas,TE,3,0.22836538461538458,0.0,0.0,0.0,0.0,0.0,1.3172115384615384,6.628990384615385,0.0,1.9,0.0,0.0,0.0,0.0,0.0,4.7975,35.15,0.0,3.4199999999999995,1.0,0.22836538461538458,3.6538461538461533
Justin HerbertJ. Herbert,QB,3,19.86994871794872,251.58290384615387,1.4392019230769233,0.3598269230769231,17.852576923076924,0.15879487179487184,0.03490384615384615,0.14278846153846156,0.0,288.915,3671.8550000000005,20.900000000000002,5.170000000000001,259.16,2.255,0.49500000000000005,1.6500000000000001,0.0,16.060000000000002,1.0,19.86994871794872,317.9191794871795
A.J. GreenA. Green,TE,1,2.0055555555555555,0.0,0.0,0.0,0.0,0.0,2.216666666666667,15.305555555555554,0.10555555555555554,18.05,0.0,0.0,0.0,0.0,0.0,19.95,137.75,0.95,8.549999999999999,0.1,2.0055555555555555,32.08888888888889
Malik DavisM. Davis,RB,1,3.9600000000000004,0.0,0.0,0.0,25.56,0.18000000000000005,1.08,11.34,0.0,19.8,0.0,0.0,0.0,127.8,0.9,5.400000000000001,56.70000000000001,0.0,4.5,0.1,3.9600000000000004,63.36000000000001
Tyreek HillT. Hill,TE,3,9.816270833333334,0.0,0.0,0.0,2.6093333333333337,0.0059375,5.3496875,71.53539583333334,0.4785625,148.53250000000003,0.0,0.0,0.0,39.330000000000005,0.095,80.94,1083.0475000000001,7.22,14.344999999999999,1.0,9.816270833333334,157.06033333333335
David NjokuD. Njoku,TE,3,6.680019667832168,0.0,0.0,0.0,-0.05846153846153846,0.0,5.189686407342657,45.72335882867133,0.39166739510489507,82.93499999999999,0.0,0.0,0.0,-0.76,0.0,63.887499999999996,576.9825,4.797499999999999,11.827499999999999,1.0,6.680019667832168,106.88031468531469
A.J. BrownA. Brown,WR,3,11.210416666666667,0.0,0.0,0.0,0.0,0.0,5.632291666666667,87.86145833333333,0.503125,150.55,0.0,0.0,0.0,0.0,0.0,76.25,1179.8000000000002,6.75,13.4,1.0,11.210416666666667,179.36666666666667
Jalen NailorJ. Nailor,WR,3,3.5999999999999996,0.0,0.0,0.0,-0.21666666666666667,0.0,1.6250000000000002,22.691666666666666,0.3041666666666667,35.900000000000006,0.0,0.0,0.0,-2.6,0.0,14.25,200.95,3.35,8.600000000000001,1.0,3.5999999999999996,57.599999999999994
Steven SimsS. Sims,RB,3,-0.25200000000000006,0.0,0.0,0.0,0.5985,0.0,0.4635,3.7485,0.0,0.9450000000000003,0.0,0.0,0.0,5.085000000000001,0.0,1.9350000000000003,14.985,0.0,1.935,1.0,-0.25200000000000006,-4.032000000000001
Brett RypienB. Rypien,RB,2,2.5714285714285716,86.3357142857143,0.1285714285714286,0.5785714285714286,6.557142857142857,0.0,0.0,0.0,0.0,7.714285714285714,234.7714285714286,0.5142857142857143,1.6714285714285717,14.014285714285716,0.0,0.0,0.0,0.0,2.3142857142857145,0.35,2.5714285714285716,41.142857142857146
George HolaniG. Holani,TE,1,0.475,0.0,0.0,0.0,4.75,0.0,0.475,-0.475,0.0,0.95,0.0,0.0,0.0,9.5,0.0,0.95,-0.95,0.0,1.9,0.65,0.475,7.6
Cole FotheringhamC. Fotheringham,TE,1,0.0,0.0,0.0,0.0,0.0,0.0,0.95,5.699999999999999,0.0,0.0,0.0,0.0,0.0,0.0,0.0,0.95,5.699999999999999,0.0,0.95,0.25,0.0,0.0
Michael PenixM. Penix,RB,1,1.8,72.0,0.0,0.3,0.9,0.0,0.0,0.0,0.0,5.4,216.0,0.0,0.9,2.7,0.0,0.0,0.0,0.0,2.7,0.65,1.8,28.8
David SillsD. Sills,TE,1,0.95,0.0,0.0,0.0,0.0,0.0,1.4928571428571427,14.385714285714284,0.0,6.6499999999999995,0.0,0.0,0.0,0.0,0.0,10.45,100.7,0.0,6.6499999999999995,0.1,0.95,15.2
Kyle AllenK. Allen,RB,3,0.9,29.835,0.09000000000000001,0.18000000000000002,0.09750000000000006,0.0,0.0,0.0,0.0,1.8,48.55500000000001,0.18000000000000002,0.36000000000000004,-1.755,0.0,0.0,0.0,0.0,2.115,1.0,0.9,14.4
Isiah PachecoI. Pacheco,RB,3,6.96857142857143,0.0,0.0,0.0,47.80553571428572,0.23249999999999998,1.950267857142857,12.355178571428572,0.03214285714285714,68.265,0.0,0.0,0.0,450.13500000000005,2.52,18.090000000000003,112.815,0.45,8.1,1.0,6.96857142857143,111.49714285714288
Michael CarterM. Carter,TE,3,3.4073333333333333,0.0,0.0,0.0,17.00025,0.019000000000000003,3.7897083333333335,22.302041666666668,0.019791666666666666,15.105,0.0,0.0,0.0,89.30000000000001,0.28500000000000003,12.254999999999999,69.3025,0.2375,4.8925,1.0,3.4073333333333333,54.51733333333333
Britain CoveyB. Covey,TE,2,1.0291666666666668,0.0,0.0,0.0,0.0,0.0,2.6652777777777774,13.511111111111111,0.0,2.0583333333333336,0.0,0.0,0.0,0.0,0.0,5.066666666666666,25.174999999999997,0.0,1.636111111111111,0.9,1.0291666666666668,16.46666666666667
Donald ParhamD. Parham,TE,2,3.5964285714285715,0.0,0.0,0.0,0.0,0.0,2.0357142857142856,20.425,0.3392857142857143,30.264285714285716,0.0,0.0,0.0,0.0,0.0,17.099999999999998,163.94285714285715,2.9857142857142858,7.871428571428572,0.35,3.5964285714285715,57.542857142857144
Ronnie RiversR. Rivers,TE,3,0.9302083333333334,0.0,0.0,0.0,11.918541666666666,0.0,0.5897916666666666,2.248333333333333,0.0,3.8949999999999996,0.0,0.0,0.0,51.775,0.0,2.28,7.9799999999999995,0.0,4.085,1.0,0.9302083333333334,14.883333333333335
Chris ConleyC. Conley,TE,2,0.19000000000000003,0.0,0.0,0.0,0.0,0.0,1.0766666666666669,6.206666666666667,0.0,0.38000000000000006,0.0,0.0,0.0,0.0,0.0,1.33,9.120000000000001,0.0,1.0766666666666669,0.75,0.19000000000000003,3.0400000000000005
Ashton DulinA. Dulin,WR,2,2.4412698412698415,0.0,0.0,0.0,6.652380952380952,0.0,0.5746031746031747,13.62063492063492,0.1634920634920635,15.066666666666668,0.0,0.0,0.0,40.06666666666667,0.0,3.733333333333333,85.66666666666667,1.0,6.133333333333334,0.75,2.4412698412698415,39.060317460317464
Tyler ConklinT. Conklin,TE,3,3.1915476190476184,0.0,0.0,0.0,0.019000000000000003,0.0,3.09722619047619,29.577119047619046,0.10721428571428572,45.9325,0.0,0.0,0.0,0.28500000000000003,0.0,44.65,427.0725,1.52,13.632499999999999,1.0,3.1915476190476184,51.064761904761895
Lawrence CagerL. Cager,TE,2,2.7142857142857144,0.0,0.0,0.0,0.0,0.0,1.3571428571428572,12.576190476190474,0.3166666666666667,8.142857142857142,0.0,0.0,0.0,0.0,0.0,4.071428571428571,37.72857142857143,0.95,2.85,0.35,2.7142857142857144,43.42857142857143
Breshad PerrimanB. Perriman,WR,1,2.7999999999999994,0.0,0.0,0.0,-1.3999999999999997,0.0,1.6000000000000003,20.2,0.20000000000000004,14.0,0.0,0.0,0.0,-7.0,0.0,8.0,101.00000000000001,1.0,5.0,0.1,2.7999999999999994,44.79999999999999
Luke MusgraveL. Musgrave,TE,2,1.1787037037037036,0.0,0.0,0.0,0.0,0.0,2.0143518518518517,14.030092592592592,0.02638888888888889,10.186111111111112,0.0,0.0,0.0,0.0,0.0,12.138888888888888,105.08055555555553,0.2638888888888889,4.697222222222222,0.9,1.1787037037037036,18.859259259259257
Keaton MitchellK. Mitchell,RB,1,7.071428571428571,0.0,0.0,0.0,50.91428571428571,0.2571428571428571,1.1571428571428573,11.957142857142857,0.0,49.5,0.0,0.0,0.0,356.40000000000003,1.8,8.1,83.7,0.0,6.3,0.25,7.071428571428571,113.14285714285714
Ihmir Smith-MarsetteI. Smith-Marsette,TE,2,2.1714285714285717,0.0,0.0,0.0,9.907142857142858,0.13571428571428573,1.0857142857142856,8.142857142857142,0.0,10.857142857142858,0.0,0.0,0.0,49.942857142857136,0.6785714285714286,5.021428571428572,34.607142857142854,0.0,3.935714285714286,0.35,2.1714285714285717,34.74285714285715
Malik WillisM. Willis,RB,3,7.8894642857142845,67.44857142857144,0.43875000000000003,0.038571428571428576,23.98017857142857,0.15910714285714286,0.0,0.0,0.0,31.725,263.79,1.7550000000000001,0.2700000000000001,95.94,0.675,0.0,0.0,0.0,3.4200000000000004,1.0,7.8894642857142845,126.23142857142855
Geoff SwaimG. Swaim,TE,3,0.3856547619047619,0.0,0.0,0.0,0.0,0.0,1.1626190476190477,8.762619047619047,0.013571428571428571,2.4225,0.0,0.0,0.0,0.0,0.0,4.0375,31.6825,0.095,2.7075,1.0,0.3856547619047619,6.17047619047619
Josh DownsJ. Downs,TE,2,6.718171296296296,0.0,0.0,0.0,0.6861111111111111,0.0,4.445428240740741,51.20434027777777,0.31886574074074076,85.76388888888889,0.0,0.0,0.0,8.233333333333334,0.0,57.633333333333326,662.1499999999999,3.9583333333333335,12.455555555555554,0.9,6.718171296296296,107.49074074074073
Blaine GabbertB. Gabbert,RB,1,-2.7,27.900000000000002,0.0,1.8,-0.9,0.0,0.0,0.0,0.0,-2.7,27.900000000000002,0.0,1.8,-0.9,0.0,0.0,0.0,0.0,0.9,0.25,-2.7,-43.2
Jakobi MeyersJ. Meyers,TE,3,7.165192307692307,0.19,0.01583333333333333,0.0,1.3129487179487178,0.01583333333333333,5.011858974358974,57.495705128205124,0.24237179487179483,97.0425,2.8499999999999996,0.2375,0.0,17.67,0.2375,67.30749999999999,771.0675,3.3724999999999996,12.825,1.0,7.165192307692307,114.64307692307692
Jalen VirgilJ. Virgil,WR,1,3.666666666666667,0.0,0.0,0.0,0.0,0.0,0.6666666666666666,25.0,0.3333333333333333,11.0,0.0,0.0,0.0,0.0,0.0,2.0,75.0,1.0,3.0000000000000004,0.1,3.666666666666667,58.66666666666667
Jason MooreJ. Moore,TE,1,0.0,0.0,0.0,0.0,0.0,0.0,0.95,4.75,0.0,0.0,0.0,0.0,0.0,0.0,0.0,0.95,4.75,0.0,0.95,0.1,0.0,0.0
Maxx WilliamsM. Williams,TE,1,0.475,0.0,0.0,0.0,0.0,0.0,1.425,8.549999999999999,0.0,0.95,0.0,0.0,0.0,0.0,0.0,2.85,17.099999999999998,0.0,1.9,0.1,0.475,7.6
Elijah MitchellE. Mitchell,RB,2,3.021428571428572,0.0,0.0,0.0,29.12142857142857,0.0642857142857143,0.4500000000000001,0.3857142857142858,0.0,22.5,0.0,0.0,0.0,204.81428571428575,0.6428571428571429,3.3428571428571434,1.1571428571428575,0.0,7.457142857142858,0.35,3.021428571428572,48.34285714285715
Ezekiel ElliottE. Elliott,RB,3,3.9684375000000007,0.0,0.0,0.0,23.195892857142862,0.24468749999999997,1.2575892857142859,7.496517857142857,0.028125,58.455000000000005,0.0,0.0,0.0,341.28000000000003,3.5100000000000002,18.900000000000002,112.99500000000002,0.45,13.05,1.0,3.9684375000000007,63.49500000000001
Derrick GoreD. Gore,RB,1,1.8,0.0,0.0,0.0,20.7,0.0,0.0,0.0,0.0,1.8,0.0,0.0,0.0,20.7,0.0,0.0,0.0,0.0,0.9,0.25,1.8,28.8
Tyler AllgeierT. Allgeier,RB,3,5.1926250000000005,0.0,0.0,0.0,37.0141875,0.19125000000000003,0.7359374999999999,6.1764375000000005,0.0200625,79.38,0.0,0.0,0.0,564.48,2.9250000000000003,11.25,95.22,0.315,13.725,1.0,5.1926250000000005,83.08200000000001
Tony JonesT. Jones,RB,2,2.721428571428572,0.0,0.0,0.0,12.235714285714288,0.2142857142857143,1.1785714285714288,6.535714285714287,0.0,15.557142857142857,0.0,0.0,0.0,67.24285714285713,1.2857142857142858,5.7857142857142865,31.5,0.0,4.628571428571429,0.35,2.721428571428572,43.54285714285715
Sam LaPortaS. LaPorta,WR,2,6.9523809523809526,0.0,0.0,0.0,0.06944444444444445,0.0,3.830853174603175,45.8313492063492,0.46577380952380953,102.05555555555554,0.0,0.0,0.0,1.1111111111111112,0.0,56.44444444444444,671.5,6.833333333333334,14.555555555555555,0.9,6.9523809523809526,111.23809523809524
John MetchieJ. Metchie,TE,2,2.180224867724868,0.0,0.0,0.0,0.08796296296296295,0.0,1.9961309523809523,21.203472222222224,0.098015873015873,16.36111111111111,0.0,0.0,0.0,1.0555555555555556,0.0,15.622222222222224,165.24722222222223,0.6861111111111111,7.969444444444444,0.9,2.180224867724868,34.883597883597886
J.D. McKissicJ. McKissic,TE,1,2.7312499999999997,0.0,0.0,0.0,11.28125,0.0,3.20625,20.54375,0.0,21.849999999999998,0.0,0.0,0.0,90.25,0.0,25.65,164.35,0.0,7.6,0.1,2.7312499999999997,43.699999999999996
Kenneth WalkerK. Walker,RB,3,10.104837662337664,0.0,0.0,0.0,49.78139610389611,0.5587012987012987,3.0635064935064933,21.01207792207793,0.06925324675324676,121.36500000000002,0.0,0.0,0.0,605.52,6.704999999999999,35.550000000000004,246.46500000000003,0.81,10.845,1.0,10.104837662337664,161.67740259740262
Nick WestbrookN. Westbrook,WR,3,6.702447552447553,0.0,0.0,0.0,0.0,0.0,2.2430069930069934,34.951748251748256,0.6167832167832168,75.65,0.0,0.0,0.0,0.0,0.0,25.75,398.7,6.9,11.5,1.0,6.702447552447553,107.23916083916085
T.Y. HiltonT. Hilton,WR,1,5.0,0.0,0.0,0.0,0.0,0.0,2.5,51.0,0.0,10.0,0.0,0.0,0.0,0.0,0.0,5.0,102.0,0.0,2.0,0.1,5.0,80.0
Trey SermonT. Sermon,RB,3,1.8937500000000003,0.0,0.0,0.0,15.461250000000001,0.0975,0.795,4.5825000000000005,0.0,18.810000000000002,0.0,0.0,0.0,130.725,1.1700000000000002,8.865,52.065000000000005,0.0,8.46,1.0,1.8937500000000003,30.300000000000004
Austin EkelerA. Ekeler,RB,3,7.96381993006993,0.0,0.0,0.0,34.51401660839161,0.37239073426573427,3.0959134615384616,29.14812062937063,0.04543269230769231,98.64,0.0,0.0,0.0,425.79,4.635000000000001,38.475,353.7,0.675,10.8,1.0,7.96381993006993,127.42111888111889
C.J. HamC. Ham,TE,3,1.6172619047619048,0.0,0.0,0.0,2.430416666666667,0.23297619047619048,0.9760119047619046,5.635535714285715,0.0,5.557499999999999,0.0,0.0,0.0,8.5025,0.8075,4.085000000000001,21.992499999999996,0.0,3.9425000000000003,1.0,1.6172619047619048,25.876190476190477
Nate SudfeldN. Sudfeld,RB,1,0.0,0.0,0.0,0.0,-1.8,0.0,0.0,0.0,0.0,0.0,0.0,0.0,0.0,-3.6,0.0,0.0,0.0,0.0,1.8,0.1,0.0,0.0
D'Andre SwiftD. Swift,RB,3,8.46683653846154,0.0,0.0,0.0,51.129793269230774,0.2999278846153846,2.3142836538461538,19.24214423076923,0.034831730769230775,127.39500000000001,0.0,0.0,0.0,774.54,4.5,34.695,287.1,0.49500000000000005,13.545000000000002,1.0,8.46683653846154,135.46938461538463
Shi SmithS. Smith,WR,1,3.272727272727273,0.0,0.0,0.0,0.0,0.0,2.0,26.909090909090914,0.18181818181818182,36.0,0.0,0.0,0.0,0.0,0.0,22.0,296.0,2.0,11.0,0.1,3.272727272727273,52.36363636363637
Daniel BellingerD. Bellinger,TE,3,1.6563825757575759,0.0,0.0,0.0,0.017272727272727273,0.008636363636363636,1.9888825757575759,19.29975378787879,0.017272727272727273,13.965000000000002,0.0,0.0,0.0,0.19,0.095,16.1975,157.65249999999997,0.19,7.6,1.0,1.6563825757575759,26.502121212121214
Malcolm BrownM. Brown,TE,1,2.216666666666667,0.0,0.0,0.0,12.825,0.15833333333333333,0.7916666666666666,5.858333333333333,0.0,13.299999999999999,0.0,0.0,0.0,76.94999999999999,0.95,4.75,35.15,0.0,5.7,0.1,2.216666666666667,35.46666666666667
Tyler LockettT. Lockett,WR,3,5.301755952380953,0.0,0.0,0.0,0.0,0.0,3.779315476190476,45.0146130952381,0.2086904761904762,78.35,0.0,0.0,0.0,0.0,0.0,55.85,662.45,3.1,14.6,1.0,5.301755952380953,84.82809523809524
Evan HullE. Hull,TE,1,0.0,0.0,0.0,0.0,0.95,0.0,0.95,5.699999999999999,0.0,0.0,0.0,0.0,0.0,0.95,0.0,0.95,5.699999999999999,0.0,0.95,0.25,0.0,0.0
Adam TrautmanA. Trautman,WR,3,3.0655681818181817,0.0,0.0,0.0,0.0,0.0,1.6222727272727275,20.91784090909091,0.2406818181818182,26.950000000000003,0.0,0.0,0.0,0.0,0.0,14.75,183.60000000000002,2.15,8.95,1.0,3.0655681818181817,49.04909090909091
Demario DouglasD. Douglas,TE,2,4.024740537240537,0.0,0.0,0.0,1.616391941391941,0.0,3.8455280830280825,37.63722527472528,0.098015873015873,55.31111111111111,0.0,0.0,0.0,21.79722222222222,0.0,52.883333333333326,515.7972222222222,1.3722222222222222,13.03611111111111,0.9,4.024740537240537,64.39584859584859
Dennis HoustonD. Houston,TE,1,0.95,0.0,0.0,0.0,0.0,0.0,1.9,15.2,0.0,0.95,0.0,0.0,0.0,0.0,0.0,1.9,15.2,0.0,0.95,0.1,0.95,15.2
Quentin JohnstonQ. Johnston,WR,2,6.226851851851852,0.0,0.0,0.0,0.41666666666666663,0.0,2.8935185185185186,36.37500000000001,0.5185185185185185,77.33333333333333,0.0,0.0,0.0,5.166666666666667,0.0,36.72222222222222,459.5,6.333333333333333,12.833333333333334,0.9,6.226851851851852,99.62962962962963
O.J. HowardO. Howard,WR,1,3.142857142857143,0.0,0.0,0.0,0.0,0.0,1.4285714285714286,20.714285714285715,0.2857142857142857,22.0,0.0,0.0,0.0,0.0,0.0,10.0,145.0,2.0,7.0,0.1,3.142857142857143,50.285714285714285
Elijah MooreE. Moore,TE,3,3.465125,0.0,0.0,0.0,0.24403125,0.0,3.5072812499999992,33.56825,0.07877083333333333,51.9175,0.0,0.0,0.0,3.7049999999999996,0.0,52.63,502.69250000000005,1.1875,14.202499999999999,1.0,3.465125,55.442
Feleipe FranksF. Franks,RB,1,0.0,0.0,0.0,0.0,0.0,0.0,0.0,0.0,0.0,0.0,0.0,0.0,0.0,0.0,0.0,0.0,0.0,0.0,0.9,0.1,0.0,0.0
Ramel KeytonR. Keyton,TE,1,0.0,0.0,0.0,0.0,0.0,0.0,0.95,6.649999999999999,0.0,0.0,0.0,0.0,0.0,0.0,0.0,0.95,6.649999999999999,0.0,0.95,0.65,0.0,0.0
Tyler HigbeeT. Higbee,TE,3,5.737321428571429,0.0,0.0,0.0,0.0,0.0,1.87625,19.173035714285714,0.6717857142857143,24.130000000000003,0.0,0.0,0.0,0.0,0.0,18.24,180.11999999999998,1.3775000000000002,5.272500000000001,1.0,5.737321428571429,91.79714285714286
Alec PierceA. Pierce,WR,3,6.351136363636364,0.0,0.0,0.0,0.0,0.0,2.449621212121212,48.51325757575758,0.3223484848484849,78.55,0.0,0.0,0.0,0.0,0.0,30.650000000000002,602.85,3.95,12.65,1.0,6.351136363636364,101.61818181818182
Patrick MahomesP. Mahomes,QB,3,22.445958333333337,278.5816458333333,1.8353958333333336,0.8474583333333334,23.009479166666672,0.12283333333333334,0.05454166666666667,0.13658333333333336,0.0,345.45500000000004,4285.325000000001,28.270000000000007,13.035000000000002,354.09000000000003,1.8700000000000003,0.8250000000000001,2.0900000000000003,0.0,16.885,1.0,22.445958333333337,359.1353333333334
Elijah DotsonE. Dotson,TE,1,0.95,0.0,0.0,0.0,5.699999999999999,0.0,1.9,12.35,0.0,0.95,0.0,0.0,0.0,5.699999999999999,0.0,1.9,12.35,0.0,0.95,0.25,0.95,15.2
Marquez CallawayM. Callaway,TE,1,2.25625,0.0,0.0,0.0,0.0,0.0,1.9,18.7625,0.11875,18.05,0.0,0.0,0.0,0.0,0.0,15.2,150.1,0.95,7.6,0.1,2.25625,36.1
Gabriel DavisG. Davis,TE,3,5.156765873015873,0.0,0.0,0.0,-0.03958333333333333,0.0,2.568204365079365,36.57085317460317,0.3232638888888889,57.04749999999999,0.0,0.0,0.0,-0.475,0.0,27.3125,400.4724999999999,3.5625,9.737499999999999,1.0,5.156765873015873,82.50825396825397
Darrell HendersonD. Henderson,RB,2,6.081428571428573,0.0,0.0,0.0,25.27714285714286,0.39857142857142863,2.0442857142857145,19.176428571428573,0.0,31.88571428571429,0.0,0.0,0.0,144.77142857142857,2.0571428571428574,10.800000000000002,92.44285714285715,0.0,5.142857142857143,0.35,6.081428571428573,97.30285714285716
Javonte WilliamsJ. Williams,RB,3,5.5680000000000005,0.0,0.0,0.0,34.635000000000005,0.186,2.793,16.029000000000003,0.03,77.58,0.0,0.0,0.0,469.03499999999997,2.79,37.935,221.625,0.45,12.51,1.0,5.5680000000000005,89.08800000000001
Brevyn Spann-FordB. Spann-Ford,TE,1,1.9,0.0,0.0,0.0,0.0,0.0,2.1374999999999997,20.9,0.0,7.6,0.0,0.0,0.0,0.0,0.0,8.549999999999999,83.6,0.0,3.8,0.65,1.9,30.4
Devaughn VeleD. Vele,TE,1,4.465,0.0,0.0,0.0,0.0,0.0,3.3249999999999993,37.809999999999995,0.19,44.65,0.0,0.0,0.0,0.0,0.0,33.25,378.0999999999999,1.9,9.5,0.65,4.465,71.44
Odell Beckham Jr.O. Beckham,TE,2,1.7717094017094017,0.0,0.0,0.0,0.0,0.0,1.9454700854700857,19.016239316239314,0.0608974358974359,19.738888888888884,0.0,0.0,0.0,0.0,0.0,15.411111111111113,186.83333333333331,0.7916666666666665,6.861111111111111,0.9,1.7717094017094017,28.347350427350428
Sean McKeonS. McKeon,TE,1,0.475,0.0,0.0,0.0,0.0,0.0,0.95,5.225,0.0,0.95,0.0,0.0,0.0,0.0,0.0,1.9,10.45,0.0,1.9,0.1,0.475,7.6
Derius DavisD. Davis,TE,2,1.077207977207977,0.0,0.0,0.0,4.983214624881291,0.0,1.0465337132003798,6.92065527065527,0.07623456790123456,10.344444444444445,0.0,0.0,0.0,51.669444444444444,0.0,10.555555555555555,66.18333333333334,0.6861111111111111,9.605555555555556,0.9,1.077207977207977,17.235327635327632
Case KeenumC. Keenum,QB,2,4.321428571428572,115.57857142857144,0.3928571428571429,1.1785714285714286,0.3928571428571429,0.0,0.0,0.0,0.0,8.642857142857144,231.15714285714287,0.7857142857142858,2.357142857142857,0.7857142857142858,0.0,0.0,0.0,0.0,2.2,0.35,4.321428571428572,69.14285714285715
Dontrell HilliardD. Hilliard,RB,1,4.090909090909092,0.0,0.0,0.0,11.863636363636365,0.0,1.7181818181818183,14.48181818181818,0.32727272727272727,45.0,0.0,0.0,0.0,130.5,0.0,18.900000000000002,159.29999999999998,3.6,9.9,0.1,4.090909090909092,65.45454545454547
Tyrion Davis-PriceT. Davis-Price,RB,2,1.6714285714285717,0.0,0.0,0.0,18.12857142857143,0.0,0.0,0.0,0.0,2.828571428571429,0.0,0.0,0.0,32.01428571428571,0.0,0.0,0.0,0.0,1.6714285714285717,0.35,1.6714285714285717,26.742857142857147
Darnell MooneyD. Mooney,WR,3,6.89258658008658,0.0,0.0,0.0,0.12234848484848486,0.0,3.8880411255411262,57.4461038961039,0.27115800865800865,93.15,0.0,0.0,0.0,1.45,0.0,52.050000000000004,773.55,3.7,13.2,1.0,6.89258658008658,110.28138528138528
Brevin JordanB. Jordan,TE,3,0.8721527777777778,0.0,0.0,0.0,0.0,0.0,1.232361111111111,9.460416666666667,0.05277777777777777,7.7425,0.0,0.0,0.0,0.0,0.0,6.6025,68.49499999999999,0.475,4.132499999999999,1.0,0.8721527777777778,13.954444444444444
Jason CabindaJ. Cabinda,RB,2,0.0,0.0,0.0,0.0,0.5142857142857143,0.0,0.1285714285714286,0.6428571428571429,0.0,0.0,0.0,0.0,0.0,1.0285714285714287,0.0,0.2571428571428572,1.2857142857142858,0.0,1.1571428571428573,0.35,0.0,0.0
Jermaine BurtonJ. Burton,WR,1,2.25,0.0,0.0,0.0,0.0,0.0,1.0,26.749999999999996,0.0,9.0,0.0,0.0,0.0,0.0,0.0,4.0,106.99999999999999,0.0,4.0,0.65,2.25,36.0
Zonovan KnightZ. Knight,TE,2,2.1035714285714286,0.0,0.0,0.0,16.986904761904764,0.04523809523809524,0.9273809523809524,7.238095238095239,0.0,11.264285714285716,0.0,0.0,0.0,84.27857142857144,0.27142857142857146,4.207142857142857,32.57142857142857,0.0,2.9857142857142858,0.35,2.1035714285714286,33.65714285714286
Trenton IrwinT. Irwin,TE,3,1.3022916666666666,0.0,0.0,0.0,0.130625,0.0,1.3906944444444445,13.129791666666666,0.07388888888888889,11.21,0.0,0.0,0.0,1.045,0.0,8.645000000000001,97.0425,0.6174999999999999,4.75,1.0,1.3022916666666666,20.836666666666666
David BloughD. Blough,RB,1,12.6,199.80000000000004,0.9,0.0,6.3,0.0,0.0,0.0,0.0,12.6,199.80000000000004,0.9,0.0,6.3,0.0,0.0,0.0,0.0,0.9,0.1,12.6,201.6
KJ HamlerK. Hamler,WR,1,3.2000000000000006,0.0,0.0,0.0,4.6,0.0,1.3999999999999997,33.0,0.0,16.0,0.0,0.0,0.0,23.0,0.0,7.0,165.0,0.0,5.0,0.1,3.2000000000000006,51.20000000000001
Marlon MackM. Mack,WR,1,5.2,0.0,0.0,0.0,16.8,0.20000000000000004,1.6000000000000003,19.8,0.20000000000000004,26.0,0.0,0.0,0.0,84.0,1.0,8.0,99.0,1.0,5.0,0.1,5.2,83.2
Colton DowellC. Dowell,TE,1,0.0,0.0,0.0,0.0,0.0,0.0,0.95,2.8499999999999996,0.0,0.0,0.0,0.0,0.0,0.0,0.0,0.95,2.8499999999999996,0.0,0.95,0.25,0.0,0.0
Kendre MillerK. Miller,RB,2,3.4291666666666667,0.0,0.0,0.0,24.583333333333332,0.1625,0.7,4.7875,0.0,15.049999999999999,0.0,0.0,0.0,105.25,0.65,3.55,28.4,0.0,4.1,0.9,3.4291666666666667,54.86666666666667
Brandon AiyukB. Aiyuk,WR,3,6.6538690476190485,0.0,0.0,0.0,0.14375000000000002,0.0,3.9839285714285717,62.653571428571425,0.16666666666666669,76.15,0.0,0.0,0.0,2.3000000000000003,0.0,41.65,667.95,2.55,9.899999999999999,1.0,6.6538690476190485,106.46190476190478
Josh OliverJ. Oliver,WR,3,4.081250000000001,0.0,0.0,0.0,0.0,0.0,2.3,26.075000000000003,0.31875000000000003,33.900000000000006,0.0,0.0,0.0,0.0,0.0,19.4,217.70000000000002,2.6500000000000004,8.5,1.0,4.081250000000001,65.30000000000001
Kirk CousinsK. Cousins,QB,3,19.253928571428574,289.0004464285715,1.7305357142857147,1.0852678571428573,1.5262500000000003,0.013750000000000002,0.0,0.0,0.0,236.11500000000004,3624.665000000001,20.900000000000002,14.355000000000002,17.545,0.22000000000000003,0.0,0.0,0.0,13.97,1.0,19.253928571428574,308.0628571428572
Zach DavidsonZ. Davidson,TE,1,0.0,0.0,0.0,0.0,0.0,0.0,0.95,4.75,0.0,0.0,0.0,0.0,0.0,0.0,0.0,0.95,4.75,0.0,0.95,0.65,0.0,0.0
Michael WilsonM. Wilson,WR,2,5.253968253968254,0.0,0.0,0.0,0.0,0.0,3.107142857142857,40.19047619047619,0.2896825396825397,66.77777777777777,0.0,0.0,0.0,0.0,0.0,39.94444444444445,510.44444444444446,3.7222222222222223,12.888888888888888,0.9,5.253968253968254,84.06349206349206
Snoop ConnerS. Conner,RB,1,1.4400000000000004,0.0,0.0,0.0,7.5600000000000005,0.18000000000000005,0.0,0.0,0.0,7.2,0.0,0.0,0.0,37.800000000000004,0.9,0.0,0.0,0.0,4.5,0.1,1.4400000000000004,23.040000000000006
Taylor HeinickeT. Heinicke,RB,3,4.86,64.1,0.345,0.24,8.88,0.05500000000000001,0.0,0.0,0.0,29.429999999999996,383.94,2.205,1.4400000000000002,43.56000000000001,0.315,0.0,0.0,0.0,3.69,1.0,4.86,77.76
Tua TagovailoaT. Tagovailoa,QB,3,21.539663461538463,292.87810096153845,1.9277884615384617,0.7289423076923077,4.928870192307692,0.0,0.0,0.0,0.0,268.18,3664.21,24.035000000000004,9.185,61.160000000000004,0.0,0.0,0.0,0.0,13.695,1.0,21.539663461538463,344.6346153846154
Carson WentzC. Wentz,RB,2,1.92,41.925000000000004,0.165,0.135,1.29,0.015,0.0,0.0,0.0,15.36,226.20000000000002,1.32,1.08,10.32,0.12,0.0,0.0,0.0,1.7400000000000002,0.75,1.92,30.72
Keaontay IngramK. Ingram,RB,2,0.8367346938775512,0.0,0.0,0.0,8.36734693877551,0.028571428571428577,0.4244897959183674,3.044897959183674,0.0,6.428571428571429,0.0,0.0,0.0,61.714285714285715,0.2571428571428572,3.085714285714286,22.628571428571433,0.0,6.814285714285715,0.35,0.8367346938775512,13.387755102040819
Zay FlowersZ. Flowers,WR,2,8.005555555555555,0.0,0.0,0.0,3.235185185185185,0.017361111111111112,4.755324074074074,63.81435185185185,0.2793981481481482,122.16666666666667,0.0,0.0,0.0,49.49999999999999,0.2777777777777778,72.66666666666667,972.1111111111111,4.277777777777778,15.277777777777777,0.9,8.005555555555555,128.08888888888887
Trey McBrideT. McBride,TE,3,6.089754464285714,0.0,0.0,0.0,0.08821428571428572,0.04410714285714286,5.524419642857143,56.65604910714286,0.041562499999999995,86.07,0.0,0.0,0.0,1.2349999999999999,0.6174999999999999,77.805,800.7075,0.57,13.204999999999998,1.0,6.089754464285714,97.43607142857142
Keenan AllenK. Allen,TE,3,8.809423076923077,0.8951923076923076,0.01826923076923077,0.0,0.19405982905982905,0.0,5.5302991452991455,62.534764957264954,0.4814957264957265,111.4825,11.6375,0.2375,0.0,2.1849999999999996,0.0,69.445,785.5074999999999,6.175,11.97,1.0,8.809423076923077,140.95076923076923
British BrooksB. Brooks,RB,1,0.0,0.0,0.0,0.0,1.8,0.0,0.0,0.0,0.0,0.0,0.0,0.0,0.0,1.8,0.0,0.0,0.0,0.0,0.9,0.65,0.0,0.0
Ross DwelleyR. Dwelley,TE,3,0.7124999999999999,0.0,0.0,0.0,0.0,0.0,0.95,9.2625,0.03166666666666666,1.6624999999999999,0.0,0.0,0.0,0.0,0.0,1.1400000000000001,15.9125,0.095,1.1400000000000001,1.0,0.7124999999999999,11.399999999999999
Russell WilsonR. Wilson,QB,3,20.69746031746032,250.88555555555558,1.7704761904761908,0.5430158730158731,14.960000000000003,0.15801587301587303,0.007857142857142858,0.007857142857142858,0.0,227.75500000000002,2722.995,19.305000000000003,6.16,182.32500000000002,1.8700000000000003,0.11000000000000001,0.11000000000000001,0.0,12.100000000000001,1.0,20.69746031746032,331.1593650793651
Lamical PerineL. Perine,RB,1,0.0,0.0,0.0,0.0,0.9,0.0,0.0,0.0,0.0,0.0,0.0,0.0,0.0,0.9,0.0,0.0,0.0,0.0,0.9,0.25,0.0,0.0
Ty ChandlerT. Chandler,RB,2,2.447222222222222,0.0,0.0,0.0,20.805555555555554,0.0625,0.8291666666666666,5.929166666666667,0.0,25.9,0.0,0.0,0.0,211.75,0.75,8.65,62.05,0.0,8.850000000000001,0.9,2.447222222222222,39.15555555555555
Davante AdamsD. Adams,WR,3,10.803125000000001,0.0,0.0,0.0,-0.00625,0.0,6.133333333333334,76.44166666666666,0.5760416666666668,144.25,0.0,0.0,0.0,-0.1,0.0,82.1,1022.0,7.7,13.4,1.0,10.803125000000001,172.85000000000002
Cody ThompsonC. Thompson,TE,1,0.95,0.0,0.0,0.0,0.0,0.0,0.95,9.5,0.0,0.95,0.0,0.0,0.0,0.0,0.0,0.95,9.5,0.0,0.95,0.25,0.95,15.2
Freddie SwainF. Swain,TE,1,0.475,0.0,0.0,0.0,0.0,0.0,0.95,9.5,0.0,0.95,0.0,0.0,0.0,0.0,0.0,1.9,19.0,0.0,1.9,0.1,0.475,7.6
Alexander HorvathA. Horvath,TE,1,1.9,0.0,0.0,0.0,1.2666666666666666,0.0,0.7916666666666666,1.2666666666666666,0.31666666666666665,11.4,0.0,0.0,0.0,7.6,0.0,4.75,7.6,1.9,5.7,0.1,1.9,30.4
Giovani BernardG. Bernard,RB,1,0.0,0.0,0.0,0.0,0.0,0.0,0.0,0.0,0.0,0.0,0.0,0.0,0.0,0.0,0.0,0.0,0.0,0.0,0.9,0.1,0.0,0.0
Trace McSorleyT. McSorley,QB,1,1.6500000000000004,105.325,0.0,1.1,13.200000000000003,0.0,0.0,0.0,0.0,6.600000000000001,421.3,0.0,4.4,52.80000000000001,0.0,0.0,0.0,0.0,4.4,0.1,1.6500000000000004,26.400000000000006
Tre'Quan SmithT. Smith,WR,1,4.142857142857143,0.0,0.0,0.0,0.0,0.0,2.5714285714285716,38.857142857142854,0.14285714285714285,29.000000000000004,0.0,0.0,0.0,0.0,0.0,18.0,272.0,1.0,7.0,0.1,4.142857142857143,66.28571428571429
Alex BachmanA. Bachman,TE,1,2.8499999999999996,0.0,0.0,0.0,0.0,0.0,2.8499999999999996,29.450000000000003,0.0,2.8499999999999996,0.0,0.0,0.0,0.0,0.0,2.8499999999999996,29.450000000000003,0.0,0.95,0.65,2.8499999999999996,45.599999999999994
Patrick RicardP. Ricard,TE,3,3.106931818181818,0.0,0.0,0.0,0.13818181818181818,0.0,0.8035416666666666,5.373257575757576,0.2652083333333333,10.26,0.0,0.0,0.0,1.52,0.0,3.4675000000000002,24.319999999999997,0.855,3.8475000000000006,1.0,3.106931818181818,49.71090909090909
Michael BandyM. Bandy,TE,1,1.3299999999999996,0.0,0.0,0.0,0.0,0.0,1.9,16.91,0.0,6.6499999999999995,0.0,0.0,0.0,0.0,0.0,9.5,84.55,0.0,4.75,0.1,1.3299999999999996,21.279999999999994
Dyami BrownD. Brown,TE,3,2.4657589285714288,0.0,0.0,0.0,1.0789285714285715,0.0,1.6421428571428571,20.583785714285714,0.11179464285714286,26.505000000000003,0.0,0.0,0.0,12.540000000000001,0.0,19.9975,233.79500000000002,1.045,11.02,1.0,2.4657589285714288,39.45214285714286
Najee HarrisN. Harris,RB,3,8.197312499999999,0.022500000000000003,0.0,0.0,54.7329375,0.3271875,1.7325000000000002,13.3111875,0.016875000000000005,125.775,0.36000000000000004,0.0,0.0,839.34,5.04,26.55,202.995,0.2700000000000001,13.815,1.0,8.197312499999999,131.15699999999998
Zach WilsonZ. Wilson,QB,2,12.274603174603177,207.64246031746035,0.7333333333333335,0.702777777777778,17.377380952380957,0.03492063492063493,0.03492063492063493,0.06984126984126986,0.03492063492063493,136.4,2314.871428571429,8.171428571428573,7.700000000000002,197.84285714285718,0.31428571428571433,0.31428571428571433,0.6285714285714287,0.31428571428571433,12.25714285714286,0.35,12.274603174603177,196.39365079365083
DeSean JacksonD. Jackson,WR,1,2.1666666666666665,0.0,0.0,0.0,0.0,0.0,1.5000000000000002,25.5,0.0,13.0,0.0,0.0,0.0,0.0,0.0,9.0,153.0,0.0,6.000000000000001,0.1,2.1666666666666665,34.666666666666664
Kevin RaderK. Rader,TE,1,0.0,0.0,0.0,0.0,0.0,0.0,0.95,5.699999999999999,0.0,0.0,0.0,0.0,0.0,0.0,0.0,0.95,5.699999999999999,0.0,0.95,0.25,0.0,0.0
Rex BurkheadR. Burkhead,TE,1,2.1035714285714286,0.0,0.0,0.0,5.428571428571429,0.0,2.442857142857143,13.775,0.06785714285714285,29.45,0.0,0.0,0.0,76.0,0.0,34.199999999999996,192.85,0.95,13.299999999999999,0.1,2.1035714285714286,33.65714285714286
Royce FreemanR. Freeman,RB,2,4.1571428571428575,0.0,0.0,0.0,34.21607142857143,0.16071428571428573,0.42857142857142866,2.657142857142858,0.0,28.542857142857144,0.0,0.0,0.0,230.01428571428573,1.2857142857142858,1.2857142857142858,7.971428571428572,0.0,5.914285714285715,0.35,4.1571428571428575,66.51428571428572
Mitchell WilcoxM. Wilcox,TE,2,0.8702947845804988,0.0,0.0,0.0,0.0,0.0,1.3851473922902493,9.62063492063492,0.030158730158730163,7.057142857142858,0.0,0.0,0.0,0.0,0.0,10.721428571428572,75.72857142857141,0.27142857142857146,7.192857142857143,0.35,0.8702947845804988,13.92471655328798
Laquon TreadwellL. Treadwell,TE,1,0.95,0.0,0.0,0.0,0.0,0.0,1.9,13.299999999999999,0.0,2.85,0.0,0.0,0.0,0.0,0.0,5.7,39.9,0.0,2.85,0.1,0.95,15.2
Hayden HurstH. Hurst,TE,3,1.4289583333333333,0.0,0.0,0.0,0.0,0.0,1.7377083333333332,16.142083333333332,0.04552083333333333,12.065000000000001,0.0,0.0,0.0,0.0,0.0,13.774999999999999,126.77749999999999,0.4275,6.745,1.0,1.4289583333333333,22.863333333333333
Tim PatrickT. Patrick,WR,1,4.636363636363637,0.0,0.0,0.0,0.0,0.0,2.8181818181818183,34.45454545454545,0.2727272727272727,50.99999999999999,0.0,0.0,0.0,0.0,0.0,31.000000000000004,379.0,3.0,11.0,0.65,4.636363636363637,74.18181818181819
Kenny McIntoshK. McIntosh,TE,1,1.14,0.0,0.0,0.0,14.629999999999997,0.0,0.57,4.18,0.0,5.699999999999999,0.0,0.0,0.0,73.14999999999999,0.0,2.8499999999999996,20.9,0.0,4.75,0.65,1.14,18.24
Jaheim BellJ. Bell,TE,1,0.0,0.0,0.0,0.0,0.0,0.0,0.95,0.95,0.0,0.0,0.0,0.0,0.0,0.0,0.0,0.95,0.95,0.0,0.95,0.65,0.0,0.0
Tyson BagentT. Bagent,RB,2,2.9,44.737500000000004,0.15,0.3,4.3125,0.1,0.0,0.0,0.0,14.5,221.9,0.75,1.5,22.7,0.5,0.0,0.0,0.0,3.85,0.9,2.9,46.4
Keon ColemanK. Coleman,WR,1,6.6,0.0,0.0,0.0,0.0,0.0,2.4,49.8,0.3,66.0,0.0,0.0,0.0,0.0,0.0,24.0,497.99999999999994,3.0,10.0,0.65,6.6,105.6
Brock PurdyB. Purdy,QB,3,20.761026785714286,268.09357142857147,1.5385267857142857,0.7547767857142857,18.44071428571429,0.2524107142857143,0.0,0.0,0.0,294.08500000000004,3801.7650000000003,21.78,10.615000000000002,262.625,3.5200000000000005,0.0,0.0,0.0,15.29,1.0,20.761026785714286,332.1764285714286
Johnny WilsonJ. Wilson,TE,1,2.8499999999999996,0.0,0.0,0.0,0.0,0.0,0.95,6.649999999999999,0.475,5.699999999999999,0.0,0.0,0.0,0.0,0.0,1.9,13.299999999999997,0.95,1.9,0.65,2.8499999999999996,45.599999999999994
Kimani VidalK. Vidal,RB,1,2.3625000000000003,0.0,0.0,0.0,14.7375,0.0,0.5625,6.9750000000000005,0.1125,18.900000000000002,0.0,0.0,0.0,117.9,0.0,4.5,55.800000000000004,0.9,7.2,0.65,2.3625000000000003,37.800000000000004
Bryan EdwardsB. Edwards,TE,1,0.31666666666666665,0.0,0.0,0.0,0.0,0.0,0.95,4.75,0.0,0.95,0.0,0.0,0.0,0.0,0.0,2.85,14.25,0.0,2.85,0.1,0.31666666666666665,5.066666666666666
Dontayvion WicksD. Wicks,TE,2,4.706018518518518,0.30787037037037035,0.0,0.0,0.021990740740740738,0.0,2.5781944444444442,32.70462962962963,0.31842592592592595,49.61111111111111,3.694444444444444,0.0,0.0,0.2638888888888889,0.0,27.233333333333334,349.91666666666663,3.272222222222222,10.027777777777777,0.9,4.706018518518518,75.29629629629629
James MitchellJ. Mitchell,TE,2,0.5428571428571429,0.0,0.0,0.0,0.0,0.0,1.066326530612245,6.824489795918367,0.03877551020408163,3.8000000000000007,0.0,0.0,0.0,0.0,0.0,3.392857142857143,31.485714285714288,0.27142857142857146,2.578571428571429,0.35,0.5428571428571429,8.685714285714287
Casey WashingtonC. Washington,WR,1,1.0,0.0,0.0,0.0,0.0,0.0,1.0,13.999999999999998,0.0,1.0,0.0,0.0,0.0,0.0,0.0,1.0,13.999999999999998,0.0,1.0,0.65,1.0,16.0
Marvin HarrisonM. Harrison,WR,1,7.7142857142857135,0.0,0.0,0.0,0.0,0.0,3.642857142857143,51.857142857142854,0.5,108.0,0.0,0.0,0.0,0.0,0.0,50.99999999999999,726.0,6.999999999999999,13.999999999999998,0.65,7.7142857142857135,123.42857142857142
Jonathan WardJ. Ward,RB,3,0.6975,0.0,0.0,0.0,11.25,0.0,0.09000000000000001,0.36000000000000004,0.0,0.9900000000000001,0.0,0.0,0.0,17.685,0.0,0.09000000000000001,0.36000000000000004,0.0,1.4849999999999999,1.0,0.6975,11.16
Cordarrelle PattersonC. Patterson,RB,3,2.3529545454545455,0.0,0.0,0.0,15.39068181818182,0.052500000000000005,0.9647727272727273,5.939318181818182,0.07363636363636364,26.730000000000004,0.0,0.0,0.0,174.375,0.6300000000000001,10.755,66.24,0.81,9.990000000000002,1.0,2.3529545454545455,37.64727272727273
Phillip LindsayP. Lindsay,TE,1,2.216666666666667,0.0,0.0,0.0,15.516666666666664,0.0,1.9,6.016666666666666,0.0,6.6499999999999995,0.0,0.0,0.0,46.55,0.0,5.7,18.05,0.0,2.85,0.1,2.216666666666667,35.46666666666667
Racey McMathR. McMath,WR,1,1.5000000000000002,0.0,0.0,0.0,0.0,0.0,1.0,20.0,0.0,3.0000000000000004,0.0,0.0,0.0,0.0,0.0,2.0,40.0,0.0,2.0,0.1,1.5000000000000002,24.000000000000004
Tucker FiskT. Fisk,TE,2,0.11435185185185186,0.0,0.0,0.0,0.0,0.0,0.95,5.9199074074074085,0.0,0.6861111111111111,0.0,0.0,0.0,0.0,0.0,4.3805555555555555,23.644444444444442,0.0,4.3805555555555555,0.9,0.11435185185185186,1.8296296296296297
Michael WoodsM. Woods,TE,2,1.403888888888889,0.0,0.0,0.0,-0.15833333333333333,0.0,1.7733333333333334,17.965555555555557,0.0,4.243333333333333,0.0,0.0,0.0,-0.6333333333333333,0.0,5.446666666666667,54.84666666666667,0.0,2.9766666666666666,0.75,1.403888888888889,22.462222222222223
Cody WhiteC. White,WR,2,3.466666666666667,0.0,0.0,0.0,0.0,0.0,1.866666666666667,38.4,0.0,3.466666666666667,0.0,0.0,0.0,0.0,0.0,1.866666666666667,38.4,0.0,1.0,0.75,3.466666666666667,55.46666666666667
Zach PascalZ. Pascal,TE,2,0.7464285714285714,0.0,0.0,0.0,0.0,0.0,1.7642857142857145,10.517857142857144,0.027142857142857146,4.75,0.0,0.0,0.0,0.0,0.0,6.785714285714286,53.607142857142854,0.27142857142857146,4.071428571428571,0.35,0.7464285714285714,11.942857142857143
Luke FarrellL. Farrell,TE,3,0.6182539682539683,0.0,0.0,0.0,0.0,0.0,1.4084126984126983,10.566111111111113,0.0,4.655,0.0,0.0,0.0,0.0,0.0,10.165,78.46999999999998,0.0,6.744999999999999,1.0,0.6182539682539683,9.892063492063492
Cole TurnerC. Turner,TE,2,1.3183673469387753,0.0,0.0,0.0,0.0,0.0,1.6091836734693878,17.875510204081632,0.0,5.9714285714285715,0.0,0.0,0.0,0.0,0.0,8.007142857142856,87.67142857142856,0.0,5.021428571428572,0.35,1.3183673469387753,21.093877551020405
Tyrone TracyT. Tracy,RB,1,7.2,0.0,0.0,0.0,43.260000000000005,0.3,2.04,15.780000000000001,0.06,108.0,0.0,0.0,0.0,648.9,4.5,30.6,236.70000000000002,0.9,13.5,0.65,7.2,115.2
Pharaoh BrownP. Brown,TE,3,1.0469791666666666,0.0,0.0,0.0,0.0,0.0,1.2666666666666668,14.305416666666666,0.0296875,7.6475,0.0,0.0,0.0,0.0,0.0,8.3125,98.18249999999999,0.2375,6.175,1.0,1.0469791666666666,16.751666666666665
Jalen CokerJ. Coker,WR,1,5.875,0.0,0.0,0.0,0.0,0.0,2.875,47.625,0.25,47.0,0.0,0.0,0.0,0.0,0.0,23.0,381.0,2.0,8.0,0.65,5.875,94.0
Skylar ThompsonS. Thompson,RB,2,2.9499999999999997,80.57000000000001,0.02,0.06,1.92,0.0,0.0,0.0,0.0,6.780000000000001,191.70000000000002,0.12,0.3600000000000001,5.28,0.0,0.0,0.0,0.0,2.2800000000000002,0.75,2.9499999999999997,47.199999999999996
Tanner HudsonT. Hudson,TE,3,2.2663051948051947,0.0,0.0,0.0,0.08821428571428572,0.0,2.5767207792207794,22.485142857142858,0.10980519480519481,18.3825,0.0,0.0,0.0,0.6174999999999999,0.0,20.852500000000003,181.82999999999998,0.855,7.409999999999999,1.0,2.2663051948051947,36.260883116883114
Travis EtienneT. Etienne,RB,3,6.845625000000001,0.0,0.0,0.0,41.1159375,0.2728125,2.5059375000000004,16.90875,0.0140625,100.08,0.0,0.0,0.0,593.325,4.095,35.37,243.675,0.225,12.645000000000001,1.0,6.845625000000001,109.53000000000002
Trent SherfieldT. Sherfield,TE,3,1.1423750000000001,0.0,0.0,0.0,0.0,0.0,1.1241666666666665,11.501729166666667,0.08985416666666667,11.020000000000001,0.0,0.0,0.0,0.0,0.0,9.69,105.5925,0.8075,7.789999999999999,1.0,1.1423750000000001,18.278000000000002
Sony MichelS. Michel,RB,1,0.9,0.0,0.0,0.0,9.54,0.0,0.81,4.77,0.0,9.0,0.0,0.0,0.0,95.40000000000002,0.0,8.1,47.70000000000001,0.0,9.0,0.1,0.9,14.4
Curtis SamuelC. Samuel,TE,3,3.1864583333333334,0.0,0.0,0.0,2.2999715909090908,0.021770833333333333,2.6713352272727273,24.658617424242422,0.14321969696969697,43.4625,0.0,0.0,0.0,32.49,0.33249999999999996,35.05500000000001,328.65250000000003,1.9474999999999998,11.875,1.0,3.1864583333333334,50.983333333333334
Devine OzigboD. Ozigbo,TE,2,0.0,0.0,0.0,0.0,3.7547619047619047,0.0,0.769047619047619,5.7,0.0,0.0,0.0,0.0,0.0,4.478571428571429,0.0,0.95,6.242857142857142,0.0,1.4928571428571429,0.35,0.0,0.0
Jameis WinstonJ. Winston,QB,3,12.234166666666667,181.425,1.0833333333333335,1.1008333333333333,5.706666666666668,0.06500000000000002,0.0,0.0,0.0,116.76500000000001,1683.4950000000001,10.285000000000002,9.955000000000002,59.45500000000001,0.7150000000000001,0.0,0.0,0.0,9.845000000000002,1.0,12.234166666666667,195.74666666666667
Mike GesickiM. Gesicki,TE,3,3.8054807692307695,0.0,0.0,0.0,0.0,0.0,2.9912820512820515,31.3119391025641,0.17112179487179485,48.8775,0.0,0.0,0.0,0.0,0.0,38.332499999999996,402.325,2.1849999999999996,12.112499999999999,1.0,3.8054807692307695,60.88769230769231
Nathan PetermanN. Peterman,RB,2,-0.1285714285714286,3.2142857142857144,0.0,0.1285714285714286,-2.5714285714285716,0.0,0.0,0.0,0.0,-0.2571428571428572,6.428571428571429,0.0,0.2571428571428572,-2.5714285714285716,0.0,0.0,0.0,0.0,1.1571428571428573,0.35,-0.1285714285714286,-2.0571428571428574
Erik EzukanmaE. Ezukanma,RB,1,0.45,0.0,0.0,0.0,9.9,0.0,0.0,0.0,0.0,0.9,0.0,0.0,0.0,19.8,0.0,0.0,0.0,0.0,1.8,0.25,0.45,7.2
Diontae JohnsonD. Johnson,TE,3,5.943437499999999,0.0,0.0,0.0,0.6115625,0.0,3.821770833333334,45.45947916666667,0.31072916666666667,57.8075,0.0,0.0,0.0,6.08,0.0,38.285,453.4825,2.8025,9.31,1.0,5.943437499999999,95.09499999999998
Matt RyanM. Ryan,QB,1,16.59166666666667,280.225,1.2833333333333334,1.1916666666666667,6.416666666666667,0.09166666666666667,0.0,0.0,0.0,199.10000000000002,3362.7,15.400000000000002,14.3,77.0,1.1,0.0,0.0,0.0,13.200000000000003,0.1,16.59166666666667,265.4666666666667
Malik WashingtonM. Washington,TE,1,1.5833333333333333,0.0,0.0,0.0,3.8,0.10555555555555553,1.9,14.144444444444444,0.0,14.25,0.0,0.0,0.0,34.199999999999996,0.95,17.099999999999998,127.3,0.0,8.549999999999999,0.65,1.5833333333333333,25.333333333333332
Andrei IosivasA. Iosivas,WR,2,4.523809523809525,0.0,0.0,0.0,0.0,0.0,2.119047619047619,25.84126984126984,0.4126984126984127,55.0,0.0,0.0,0.0,0.0,0.0,25.166666666666668,316.88888888888886,4.888888888888889,11.333333333333334,0.9,4.523809523809525,72.3809523809524
JaMycal HastyJ. Hasty,TE,2,1.8261111111111112,0.0,0.0,0.0,8.307222222222222,0.021111111111111112,1.125925925925926,6.727407407407407,0.10203703703703702,17.796666666666667,0.0,0.0,0.0,80.75,0.2533333333333333,10.766666666666667,64.53666666666666,0.95,8.93,0.75,1.8261111111111112,29.21777777777778
Jacob EasonJ. Eason,RB,1,0.0,53.1,0.0,0.9,0.0,0.0,0.0,0.0,0.0,0.0,53.1,0.0,0.9,0.0,0.0,0.0,0.0,0.0,0.9,0.1,0.0,0.0
Calvin AustinC. Austin,WR,2,3.9685185185185183,0.0,0.0,0.0,1.134259259259259,0.023148148148148147,1.9342592592592593,29.05925925925926,0.21574074074074076,57.44444444444444,0.0,0.0,0.0,13.61111111111111,0.2777777777777778,27.833333333333332,423.3888888888889,3.1666666666666665,14.166666666666666,0.9,3.9685185185185183,63.49629629629629
Collin JohnsonC. Johnson,TE,2,0.2638888888888889,0.0,0.0,0.0,0.0,0.0,0.95,7.019444444444445,0.0,0.2638888888888889,0.0,0.0,0.0,0.0,0.0,0.95,7.019444444444445,0.0,0.95,0.9,0.2638888888888889,4.222222222222222
Malik TaylorM. Taylor,TE,1,0.0,0.0,0.0,0.0,0.0,0.0,0.95,6.175,0.0,0.0,0.0,0.0,0.0,0.0,0.0,1.9,12.35,0.0,1.9,0.25,0.0,0.0
Roschon JohnsonR. Johnson,RB,2,4.445,0.0,0.0,0.0,15.158571428571427,0.4257142857142857,1.322142857142857,9.452142857142858,0.0,48.45,0.0,0.0,0.0,175.3,4.4,15.65,109.45,0.0,10.0,0.9,4.445,71.12
Justin WatsonJ. Watson,TE,3,2.699085081585082,0.0,0.0,0.0,0.0,0.0,1.7076379176379177,23.59616938616939,0.13205516705516707,31.112499999999997,0.0,0.0,0.0,0.0,0.0,19.474999999999998,271.12999999999994,1.52,10.735,1.0,2.699085081585082,43.18536130536131
Duke JohnsonD. Johnson,RB,1,0.0,0.0,0.0,0.0,3.6,0.0,0.0,0.0,0.0,0.0,0.0,0.0,0.0,3.6,0.0,0.0,0.0,0.0,0.9,0.1,0.0,0.0
Tommy SweeneyT. Sweeney,TE,1,0.0,0.0,0.0,0.0,0.0,0.0,0.95,6.6499999999999995,0.0,0.0,0.0,0.0,0.0,0.0,0.0,0.95,6.6499999999999995,0.0,0.95,0.1,0.0,0.0
Jarvis LandryJ. Landry,TE,1,3.8,0.0,0.0,0.0,0.0,0.0,2.96875,32.3,0.11875,30.4,0.0,0.0,0.0,0.0,0.0,23.75,258.4,0.95,7.6,0.1,3.8,60.8
Terry McLaurinT. McLaurin,WR,3,10.1525,0.0,0.0,0.0,0.2679166666666667,0.0,4.842499999999999,67.33791666666667,0.6116666666666667,153.10000000000002,0.0,0.0,0.0,4.2,0.0,73.1,1017.05,9.200000000000001,15.1,1.0,10.1525,162.44
Charlie JonesC. Jones,TE,2,-0.5981481481481481,0.0,0.0,0.0,0.0,0.0,1.037962962962963,4.75,0.0,-0.4222222222222222,0.0,0.0,0.0,0.0,0.0,1.7416666666666665,7.388888888888888,0.0,1.4777777777777774,0.9,-0.5981481481481481,-9.57037037037037
Damien HarrisD. Harris,RB,2,3.068571428571429,0.0,0.0,0.0,20.717142857142857,0.18428571428571427,0.6257142857142858,4.105714285714287,0.0,24.68571428571429,0.0,0.0,0.0,166.8857142857143,1.4142857142857146,5.400000000000001,34.20000000000001,0.0,6.428571428571429,0.35,3.068571428571429,49.09714285714286
Khalil ShakirK. Shakir,TE,3,5.682948717948718,0.0,0.0,0.0,0.3591208791208791,0.0,3.9652060439560444,46.45934981684981,0.2288003663003663,76.09499999999998,0.0,0.0,0.0,4.845,0.0,53.769999999999996,624.34,3.04,12.302499999999998,1.0,5.682948717948718,90.92717948717949
Sam EhlingerS. Ehlinger,QB,1,8.066666666666668,133.46666666666667,0.3666666666666667,0.3666666666666667,24.200000000000003,0.0,0.0,0.0,0.0,24.200000000000003,400.4,1.1,1.1,72.60000000000001,0.0,0.0,0.0,0.0,3.3000000000000007,0.1,8.066666666666668,129.0666666666667
Clayton TuneC. Tune,RB,2,0.18749999999999997,4.4,0.0,0.1,0.4749999999999998,0.05,0.0,0.0,0.0,1.1,20.7,0.0,0.5,3.3499999999999996,0.25,0.0,0.0,0.0,3.85,0.9,0.18749999999999997,2.9999999999999996
Ja'Marr ChaseJ. Chase,WR,3,14.348787878787878,-0.11666666666666667,0.0,0.0,1.3593939393939394,0.0,6.998181818181819,94.11060606060606,0.8827272727272728,210.25,-1.75,0.0,0.0,20.1,0.0,102.1,1376.75,12.95,14.6,1.0,14.348787878787878,229.58060606060604
Rashod BatemanR. Bateman,WR,3,6.427142857142857,0.0,0.0,0.0,0.3,0.0,2.644047619047619,42.83095238095238,0.4280952380952381,84.1,0.0,0.0,0.0,4.5,0.0,34.85,554.45,5.65,13.35,1.0,6.427142857142857,102.83428571428571
Re'Mahn DavisR. Davis,RB,1,4.95,0.0,0.0,0.0,23.721428571428575,0.19285714285714284,0.9,11.82857142857143,0.12857142857142856,69.3,0.0,0.0,0.0,332.1,2.7,12.599999999999998,165.6,1.8,12.599999999999998,0.65,4.95,79.2
Ko KieftK. Kieft,TE,2,4.459183673469388,0.0,0.0,0.0,0.0,0.0,0.95,4.459183673469388,0.7173469387755103,6.785714285714286,0.0,0.0,0.0,0.0,0.0,2.578571428571429,23.071428571428573,0.95,2.578571428571429,0.35,4.459183673469388,71.34693877551021
Kwamie LassiterK. Lassiter,TE,1,0.0,0.0,0.0,0.0,0.0,0.0,0.95,1.9,0.0,0.0,0.0,0.0,0.0,0.0,0.0,0.95,1.9,0.0,0.95,0.25,0.0,0.0
Israel AbanikandaI. Abanikanda,TE,1,1.3299999999999998,0.0,0.0,0.0,12.16,0.0,1.3299999999999998,8.17,0.0,6.6499999999999995,0.0,0.0,0.0,60.8,0.0,6.6499999999999995,40.85,0.0,4.75,0.25,1.3299999999999998,21.279999999999998
Darren WallerD. Waller,TE,2,5.208256029684602,0.0,0.0,0.0,0.0,0.0,3.9075139146567714,44.96372912801485,0.17801484230055656,49.535714285714285,0.0,0.0,0.0,0.0,0.0,38.949999999999996,439.85,1.4928571428571429,9.364285714285714,0.35,5.208256029684602,83.33209647495363
Deebo SamuelD. Samuel,WR,3,8.308333333333334,0.0,0.0,0.0,11.721428571428572,0.1642857142857143,3.9857142857142858,53.903571428571425,0.24166666666666667,110.15,0.0,0.0,0.0,154.3,2.2,52.4,711.2,3.25,13.150000000000002,1.0,8.308333333333334,132.93333333333334
Tre' McKittyT. McKitty,TE,1,0.7916666666666666,0.0,0.0,0.0,0.0,0.0,1.5833333333333333,11.4,0.0,4.75,0.0,0.0,0.0,0.0,0.0,9.5,68.39999999999999,0.0,5.7,0.1,0.7916666666666666,12.666666666666666
Tyler DavisT. Davis,TE,1,0.6333333333333333,0.0,0.0,0.0,0.0,0.0,1.2666666666666666,8.233333333333333,0.0,1.9,0.0,0.0,0.0,0.0,0.0,3.8,24.7,0.0,2.85,0.1,0.6333333333333333,10.133333333333333
David BellD. Bell,TE,3,1.8683333333333334,0.0,0.0,0.0,0.0,0.0,2.4383333333333335,22.285416666666666,0.03958333333333333,5.7475,0.0,0.0,0.0,0.0,0.0,6.5075,60.515,0.2375,3.1825,1.0,1.8683333333333334,29.893333333333334
Jeff SmithJ. Smith,WR,1,2.2,0.0,0.0,0.0,0.0,0.0,1.6000000000000003,26.8,0.0,11.0,0.0,0.0,0.0,0.0,0.0,8.0,134.0,0.0,5.0,0.1,2.2,35.2
Sincere McCormickS. McCormick,RB,1,4.05,0.0,0.0,0.0,41.175000000000004,0.0,1.35,6.525,0.0,16.2,0.0,0.0,0.0,164.70000000000002,0.0,5.4,26.1,0.0,3.6,0.65,4.05,64.8
Jason BrownleeJ. Brownlee,TE,1,3.1666666666666665,0.0,0.0,0.0,0.0,0.0,1.5833333333333333,17.733333333333334,0.31666666666666665,9.5,0.0,0.0,0.0,0.0,0.0,4.75,53.199999999999996,0.95,2.8499999999999996,0.25,3.1666666666666665,50.666666666666664
Aaron JonesA. Jones,RB,3,9.236625,0.0,0.0,0.0,59.092125,0.25125000000000003,2.5155,20.248875,0.128625,130.185,0.0,0.0,0.0,831.105,3.555,35.23500000000001,283.00500000000005,1.845,12.465,1.0,9.236625,147.786
Armani RogersA. Rogers,WR,1,1.75,0.0,0.0,0.0,6.000000000000001,0.0,1.25,16.0,0.0,7.0,0.0,0.0,0.0,24.000000000000004,0.0,5.0,64.0,0.0,4.0,0.1,1.75,28.0
Chris StrevelerC. Streveler,RB,1,7.2,81.0,0.0,0.0,48.6,0.0,0.0,0.0,0.0,7.2,81.0,0.0,0.0,48.6,0.0,0.0,0.0,0.0,0.9,0.1,7.2,115.2
Charlie WoernerC. Woerner,TE,2,0.27444444444444444,0.0,0.0,0.0,0.0,0.0,1.087222222222222,7.072222222222222,0.0,1.3722222222222222,0.0,0.0,0.0,0.0,0.0,4.644444444444445,30.611111111111107,0.0,3.9583333333333335,0.9,0.27444444444444444,4.391111111111111
Drake MayeD. Maye,QB,1,18.900000000000002,215.90000000000003,1.4000000000000001,1.0,38.900000000000006,0.2,0.0,0.0,0.0,207.9,2374.9,15.399999999999999,11.0,427.90000000000003,2.2,0.0,0.0,0.0,12.100000000000001,0.65,18.900000000000002,302.40000000000003
Jaylen WrightJ. Wright,RB,1,1.35,0.0,0.0,0.0,18.974999999999998,0.0,0.225,0.6,0.0,16.2,0.0,0.0,0.0,227.70000000000002,0.0,2.7,7.2,0.0,10.8,0.65,1.35,21.6
Michael BurtonM. Burton,TE,3,0.9856250000000001,0.0,0.0,0.0,0.7089375,0.06175,0.7445625,4.46025,0.06175,9.737499999999999,0.0,0.0,0.0,5.89,0.6174999999999999,7.0775,43.082499999999996,0.6174999999999999,8.549999999999999,1.0,0.9856250000000001,15.770000000000001
Ty MontgomeryT. Montgomery,TE,2,2.035714285714286,0.0,0.0,0.0,0.6785714285714286,0.0,1.4928571428571429,9.5,0.27142857142857146,2.578571428571429,0.0,0.0,0.0,5.564285714285714,0.0,4.207142857142857,31.214285714285715,0.27142857142857146,3.6642857142857146,0.35,2.035714285714286,32.57142857142858
David WellsD. Wells,TE,1,0.0,0.0,0.0,0.0,0.0,0.0,1.9,-9.5,0.0,0.0,0.0,0.0,0.0,0.0,0.0,1.9,-9.5,0.0,0.95,0.25,0.0,0.0
Ryan GriffinR. Griffin,TE,1,0.2375,0.0,0.0,0.0,0.0,0.0,0.95,6.175,0.0,0.95,0.0,0.0,0.0,0.0,0.0,3.8,24.7,0.0,3.8,0.1,0.2375,3.8
Julian HillJ. Hill,TE,2,0.6465277777777778,0.0,0.0,0.0,0.0,0.0,1.3590277777777777,11.611111111111109,0.0,4.644444444444445,0.0,0.0,0.0,0.0,0.0,9.552777777777777,80.75,0.0,6.544444444444444,0.9,0.6465277777777778,10.344444444444445
Parker HesseP. Hesse,TE,1,0.35625,0.0,0.0,0.0,0.0,0.0,0.95,9.85625,0.0,2.85,0.0,0.0,0.0,0.0,0.0,7.6,78.85,0.0,7.6,0.1,0.35625,5.7
Pharoh CooperP. Cooper,RB,1,0.0,0.0,0.0,0.0,7.2,0.0,0.0,0.0,0.0,0.0,0.0,0.0,0.0,7.2,0.0,0.0,0.0,0.0,0.9,0.1,0.0,0.0
Jayden ReedJ. Reed,WR,2,9.11111111111111,0.0,0.0,0.0,10.814814814814815,0.0925925925925926,3.8333333333333335,53.0,0.4814814814814815,123.33333333333333,0.0,0.0,0.0,145.0,1.2777777777777777,52.05555555555556,714.2222222222222,6.555555555555555,13.555555555555557,0.9,9.11111111111111,145.77777777777777
Chris MyarickC. Myarick,TE,1,1.7416666666666667,0.0,0.0,0.0,0.0,0.0,1.1083333333333334,10.291666666666666,0.15833333333333333,10.45,0.0,0.0,0.0,0.0,0.0,6.6499999999999995,61.75,0.95,5.7,0.1,1.7416666666666667,27.866666666666667
Kenny PickettK. Pickett,RB,3,4.6275,77.02499999999999,0.30375,0.28875,4.5375000000000005,0.04125,0.0,0.0,0.0,43.830000000000005,751.14,2.475,2.295,40.410000000000004,0.49500000000000005,0.0,0.0,0.0,6.120000000000001,1.0,4.6275,74.04
Zach ErtzZ. Ertz,TE,3,4.451428571428571,0.0,0.0,0.0,0.0,0.0,3.626738095238095,32.349309523809524,0.2365952380952381,57.7125,0.0,0.0,0.0,0.0,0.0,44.84,415.19749999999993,3.0875,11.875,1.0,4.451428571428571,71.22285714285714
George PickensG. Pickens,WR,3,7.967291666666667,0.0,0.0,0.0,0.06937500000000002,0.006666666666666667,4.290208333333333,68.71416666666667,0.260625,106.05000000000001,0.0,0.0,0.0,2.25,0.1,56.4,910.4,3.5,13.3,1.0,7.967291666666667,127.47666666666667
Kayshon BoutteK. Boutte,WR,2,3.0277777777777777,0.0,0.0,0.0,0.0,0.0,2.055555555555556,27.305555555555554,0.11111111111111112,37.833333333333336,0.0,0.0,0.0,0.0,0.0,23.666666666666668,325.94444444444446,1.4444444444444444,9.944444444444445,0.9,3.0277777777777777,48.44444444444444
Nathaniel DellN. Dell,WR,2,7.666666666666666,0.0,0.0,0.0,3.8055555555555554,0.0,4.138888888888888,56.75,0.3611111111111111,90.33333333333334,0.0,0.0,0.0,45.22222222222222,0.0,49.888888888888886,678.6666666666666,4.111111111111112,12.166666666666668,0.9,7.666666666666666,122.66666666666666
Rome OdunzeR. Odunze,WR,1,5.533333333333333,0.0,0.0,0.0,1.0,0.0,3.4,46.733333333333334,0.2,83.0,0.0,0.0,0.0,15.0,0.0,50.99999999999999,701.0,3.0,15.0,0.65,5.533333333333333,88.53333333333333
Spencer RattlerS. Rattler,QB,1,10.175,194.15,0.55,0.55,16.775,0.0,0.0,0.0,0.0,40.7,776.6,2.2,2.2,67.1,0.0,0.0,0.0,0.0,4.4,0.65,10.175,162.8
Jerry JeudyJ. Jeudy,WR,3,7.558205128205128,0.0,0.0,0.0,0.007692307692307693,0.0,4.446923076923077,64.06230769230768,0.23615384615384616,111.65,0.0,0.0,0.0,0.1,0.0,65.75,948.3500000000001,3.45,14.8,1.0,7.558205128205128,120.93128205128205
Deven ThompkinsD. Thompkins,TE,3,0.4566477272727273,0.0,0.0,0.0,3.1447159090909094,0.0,1.0579545454545456,5.522954545454545,0.02159090909090909,3.9425000000000003,0.0,0.0,0.0,18.4775,0.0,6.364999999999999,32.49,0.2375,5.1775,1.0,0.4566477272727273,7.306363636363637
Bailey ZappeB. Zappe,QB,2,10.563492063492065,164.72936507936512,0.9166666666666666,0.846825396825397,6.1111111111111125,0.08730158730158731,0.07857142857142858,-0.4714285714285716,0.0,75.42857142857143,1175.7428571428572,6.2857142857142865,6.442857142857143,55.00000000000001,0.7857142857142858,0.31428571428571433,-1.8857142857142863,0.0,8.32857142857143,0.35,10.563492063492065,169.01587301587304
Mason KinseyM. Kinsey,TE,3,0.30874999999999997,0.0,0.0,0.0,0.0,0.0,0.95,6.95875,0.0,0.6174999999999999,0.0,0.0,0.0,0.0,0.0,1.5675,12.207500000000001,0.0,1.5675,1.0,0.30874999999999997,4.9399999999999995
Robbie ChosenR. Chosen,TE,3,1.593888888888889,0.0,0.0,0.0,0.0,0.0,1.1452777777777778,16.039166666666667,0.08972222222222222,6.744999999999999,0.0,0.0,0.0,0.0,0.0,3.4675,59.8025,0.33249999999999996,2.1849999999999996,1.0,1.593888888888889,25.502222222222223
Will ShipleyW. Shipley,RB,1,0.9,0.0,0.0,0.0,11.25,0.0,0.0,0.0,0.0,3.6,0.0,0.0,0.0,45.0,0.0,0.0,0.0,0.0,3.6,0.65,0.9,14.4
Irv SmithI. Smith,TE,2,2.1940476190476192,0.0,0.0,0.0,0.0,0.0,2.5220238095238097,17.354464285714286,0.17529761904761904,15.2,0.0,0.0,0.0,0.0,0.0,18.185714285714287,123.63571428571427,1.2214285714285715,7.057142857142858,0.35,2.1940476190476192,35.10476190476191
D.J. TurnerD. Turner,TE,2,2.1026666666666665,0.0,0.0,0.0,4.363666666666667,0.08233333333333333,1.3173333333333332,13.008666666666668,0.08233333333333333,20.013333333333332,0.0,0.0,0.0,30.463333333333335,0.8233333333333334,13.173333333333334,130.08666666666667,0.8233333333333334,8.486666666666666,0.75,2.1026666666666665,33.64266666666666
Gary BrightwellG. Brightwell,TE,2,1.4476190476190476,0.0,0.0,0.0,7.43843537414966,0.03877551020408163,1.2860544217687075,12.02687074829932,0.0,6.514285714285715,0.0,0.0,0.0,34.878571428571426,0.27142857142857146,4.478571428571429,41.66428571428572,0.0,3.935714285714286,0.35,1.4476190476190476,23.16190476190476
Demarcus RobinsonD. Robinson,WR,3,6.458630952380952,0.0,0.0,0.0,0.71875,0.0,2.6577380952380953,38.14791666666667,0.518452380952381,70.8,0.0,0.0,0.0,5.75,0.0,29.3,417.6,5.75,11.200000000000001,1.0,6.458630952380952,103.33809523809524
Jalin HyattJ. Hyatt,TE,2,1.452854938271605,0.0,0.0,0.0,0.0,0.0,2.017283950617284,21.424845679012346,0.0,10.502777777777776,0.0,0.0,0.0,0.0,0.0,11.294444444444443,139.65,0.0,5.119444444444444,0.9,1.452854938271605,23.24567901234568
Justin JeffersonJ. Jefferson,WR,3,12.683194444444446,1.1658333333333333,0.0,0.0,0.28,0.00625,6.317222222222223,95.67208333333335,0.5944444444444444,174.0,17.700000000000003,0.0,0.0,4.3500000000000005,0.1,86.2,1299.15,8.3,13.6,1.0,12.683194444444446,202.93111111111114
Tyquan ThorntonT. Thornton,TE,3,1.7656565656565655,0.0,0.0,0.0,1.4840151515151516,0.008636363636363636,1.759419191919192,18.93354797979798,0.017272727272727273,7.885000000000001,0.0,0.0,0.0,13.632499999999999,0.095,7.552499999999999,72.865,0.19,4.4175,1.0,1.7656565656565655,28.250505050505048
Michael PittmanM. Pittman,TE,3,5.688011904761905,0.0,0.0,0.0,0.19,0.0,4.636452380952381,50.86684523809524,0.17054761904761906,82.365,0.0,0.0,0.0,2.8499999999999996,0.0,67.165,735.3475,2.4699999999999998,13.632499999999999,1.0,5.688011904761905,91.00819047619048
Amon-Ra St. BrownA. St. Brown,TE,3,11.216333333333333,0.2881666666666667,0.041166666666666664,0.0,1.2286666666666666,0.0,6.5645,75.10383333333334,0.6333333333333333,168.245,4.3225,0.6174999999999999,0.0,18.429999999999996,0.0,98.4675,1126.5575,9.5,14.25,1.0,11.216333333333333,179.46133333333333
Aaron RodgersA. Rodgers,QB,3,14.842208333333335,191.3514166666667,1.3158750000000001,0.45695833333333336,5.677833333333334,0.006875000000000001,0.0,0.0,0.0,224.51000000000005,2894.2650000000003,19.910000000000004,6.9300000000000015,85.745,0.11000000000000001,0.0,0.0,0.0,12.76,1.0,14.842208333333335,237.47533333333337
Ben SinnottB. Sinnott,TE,1,1.6624999999999996,0.0,0.0,0.0,0.0,0.0,1.1875,6.649999999999999,0.2375,6.649999999999999,0.0,0.0,0.0,0.0,0.0,4.75,26.599999999999994,0.95,3.8,0.65,1.6624999999999996,26.599999999999994
Jacob CowingJ. Cowing,WR,1,2.0,0.0,0.0,0.0,0.0,0.0,1.0,25.0,0.0,4.0,0.0,0.0,0.0,0.0,0.0,2.0,50.0,0.0,2.0,0.65,2.0,32.0
Tucker KraftT. Kraft,WR,2,6.345679012345678,0.0,0.0,0.0,0.22222222222222224,0.0,3.141975308641975,40.833333333333336,0.4506172839506173,77.55555555555557,0.0,0.0,0.0,2.888888888888889,0.0,37.38888888888889,490.8333333333333,5.611111111111111,11.88888888888889,0.9,6.345679012345678,101.53086419753085
Chase ClaypoolC. Claypool,TE,2,3.042261904761905,0.02261904761904762,0.02261904761904762,0.0,1.3345238095238097,0.0,2.1827380952380953,22.09880952380952,0.19226190476190474,21.57857142857143,0.27142857142857146,0.27142857142857146,0.0,16.014285714285712,0.0,16.692857142857143,164.75714285714287,0.95,5.9714285714285715,0.35,3.042261904761905,48.67619047619048
John WolfordJ. Wolford,QB,1,8.8,214.50000000000003,0.55,1.6500000000000004,17.6,0.0,0.0,0.0,0.0,17.6,429.00000000000006,1.1,3.3000000000000007,35.2,0.0,0.0,0.0,0.0,2.2,0.1,8.8,140.8
Latavius MurrayL. Murray,RB,2,4.457142857142857,0.0,0.0,0.0,26.93571428571429,0.2785714285714286,1.2857142857142858,7.607142857142858,0.0,60.42857142857144,0.0,0.0,0.0,361.8,3.857142857142857,17.614285714285717,106.5857142857143,0.0,12.72857142857143,0.35,4.457142857142857,71.31428571428572
Chase BrownC. Brown,RB,2,8.692222222222222,0.0,0.0,0.0,43.77444444444445,0.30333333333333334,2.527777777777778,18.615555555555552,0.20111111111111113,125.55,0.0,0.0,0.0,633.95,4.55,35.75,254.9,2.85,12.0,0.9,8.692222222222222,139.07555555555555
Brock WrightB. Wright,TE,3,2.1624375,0.0,0.0,0.0,0.0,0.0,1.560375,12.4723125,0.2220625,18.0975,0.0,0.0,0.0,0.0,0.0,12.825,103.8825,1.8525,7.789999999999999,1.0,2.1624375,34.599
Demetric FeltonD. Felton,TE,1,0.0,0.0,0.0,0.0,-1.9,0.0,0.95,3.8,0.0,0.0,0.0,0.0,0.0,-3.8,0.0,1.9,7.6,0.0,1.9,0.1,0.0,0.0
Eric TomlinsonE. Tomlinson,TE,2,0.38000000000000006,0.0,0.0,0.0,0.0,0.0,1.0766666666666669,6.111666666666666,0.03166666666666666,1.5200000000000002,0.0,0.0,0.0,0.0,0.0,2.66,17.036666666666665,0.12666666666666665,2.1533333333333338,0.75,0.38000000000000006,6.080000000000001
Giovanni RicciG. Ricci,TE,2,0.31666666666666676,0.0,0.0,0.0,0.0,0.0,1.0404761904761903,5.880952380952381,0.0,1.9000000000000004,0.0,0.0,0.0,0.0,0.0,2.85,28.500000000000004,0.0,2.3071428571428574,0.35,0.31666666666666676,5.066666666666668
Dante PettisD. Pettis,TE,2,1.3173333333333332,0.0,0.0,0.0,0.46866666666666673,0.0,1.2445,12.331000000000001,0.038,8.233333333333333,0.0,0.0,0.0,4.6866666666666665,0.0,6.2700000000000005,66.5,0.38000000000000006,4.56,0.75,1.3173333333333332,21.077333333333332
Dorian Thompson-RobinsonD. Thompson-Robinson,QB,2,2.5055555555555555,70.24940476190477,0.043650793650793655,1.1676587301587302,24.485912698412704,0.0,0.0,0.0,0.0,12.772222222222222,338.6166666666667,0.3055555555555556,5.194444444444445,106.45555555555558,0.0,0.0,0.0,0.0,5.316666666666666,0.9,2.5055555555555555,40.08888888888889
Miles BoykinM. Boykin,TE,2,0.13571428571428573,0.0,0.0,0.0,0.0,0.0,0.95,5.338095238095239,0.0,0.27142857142857146,0.0,0.0,0.0,0.0,0.0,2.5785714285714287,14.521428571428572,0.0,2.5785714285714287,0.35,0.13571428571428573,2.1714285714285717
John BatesJ. Bates,TE,3,0.7758333333333333,0.0,0.0,0.0,0.0,0.0,1.3933333333333333,12.500416666666666,0.01583333333333333,5.699999999999999,0.0,0.0,0.0,0.0,0.0,10.165,89.3475,0.095,6.6499999999999995,1.0,0.7758333333333333,12.413333333333332
Sterling ShepardS. Shepard,TE,3,2.9466964285714283,0.0,0.0,0.0,3.550625,0.0,2.2443750000000002,22.820922619047618,0.11705357142857142,28.642500000000002,0.0,0.0,0.0,42.6075,0.0,22.040000000000003,223.345,0.95,9.357500000000002,1.0,2.9466964285714283,47.14714285714285
Grant DuBoseG. DuBose,TE,1,0.475,0.0,0.0,0.0,0.0,0.0,0.95,5.225,0.0,0.95,0.0,0.0,0.0,0.0,0.0,1.9,10.45,0.0,1.9,0.65,0.475,7.6
Jonnu SmithJ. Smith,TE,3,6.1752087912087905,0.0,0.0,0.0,0.0033928571428571436,0.0,4.467296703296704,47.80431318681318,0.30118131868131864,84.5025,0.0,0.0,0.0,-0.14250000000000002,0.0,60.65749999999999,649.8475000000001,4.18,12.6825,1.0,6.1752087912087905,98.80334065934065
James CookJ. Cook,RB,3,11.295401785714287,0.0,0.0,0.0,57.019017857142856,0.6259821428571428,2.035848214285714,17.932098214285716,0.14625000000000002,162.94500000000002,0.0,0.0,0.0,828.8100000000001,8.819999999999999,29.655000000000005,263.115,2.1600000000000006,13.05,1.0,11.295401785714287,180.72642857142858
James ProcheJ. Proche,TE,3,-0.19,0.0,0.0,0.02375,0.0,0.0,0.8075,5.794999999999999,0.0,-0.04749999999999999,0.0,0.0,0.095,0.0,0.0,2.6125,18.8575,0.0,2.4699999999999998,1.0,-0.19,-3.04
Jeremy McNicholsJ. McNichols,RB,1,3.3230769230769233,0.0,0.0,0.0,17.723076923076924,0.27692307692307694,0.4846153846153846,1.523076923076923,0.0,43.2,0.0,0.0,0.0,230.4,3.6,6.299999999999999,19.8,0.0,11.700000000000001,0.65,3.3230769230769233,53.16923076923077
J.J. TaylorJ. Taylor,TE,2,0.8233333333333334,0.0,0.0,0.0,13.215555555555556,0.0,0.6755555555555556,1.0133333333333332,0.0,2.4699999999999998,0.0,0.0,0.0,37.36666666666667,0.0,1.7733333333333334,1.0133333333333332,0.0,2.596666666666667,0.75,0.8233333333333334,13.173333333333334
Mitchell TrubiskyM. Trubisky,RB,3,3.3492857142857146,45.41464285714286,0.23142857142857146,0.2892857142857143,1.9435714285714285,0.11571428571428573,0.0,0.0,0.0,18.675,260.14500000000004,1.26,1.575,9.72,0.63,0.0,0.0,0.0,5.265000000000001,1.0,3.3492857142857146,53.588571428571434
Tre TuckerT. Tucker,TE,2,4.041269841269842,0.0,0.0,0.0,3.65297619047619,0.0490079365079365,2.427777777777778,30.71289682539682,0.15079365079365079,52.56666666666667,0.0,0.0,0.0,44.175,0.6861111111111111,32.511111111111106,403.3805555555556,1.9,12.244444444444442,0.9,4.041269841269842,64.66031746031747
Jake BoboJ. Bobo,TE,2,1.1962962962962962,0.0,0.0,0.0,0.06597222222222222,0.021990740740740738,1.4249999999999998,12.945949074074074,0.043981481481481476,12.297222222222222,0.0,0.0,0.0,0.7916666666666665,0.2638888888888889,12.983333333333334,120.01666666666665,0.5277777777777778,8.655555555555555,0.9,1.1962962962962962,19.14074074074074
Velus JonesV. Jones,TE,3,0.26916666666666667,0.0,0.0,0.0,8.782222222222222,0.0,0.7863888888888888,6.301666666666667,0.010555555555555556,2.4225,0.0,0.0,0.0,24.7,0.0,2.1374999999999997,17.195,0.095,3.61,1.0,0.26916666666666667,4.306666666666667
Josh WhyleJ. Whyle,TE,2,1.9493506493506492,0.0,0.0,0.0,0.0,0.0,1.7738816738816736,17.20349927849928,0.10007215007215008,19.633333333333333,0.0,0.0,0.0,0.0,0.0,18.15555555555556,175.06388888888887,0.95,9.394444444444444,0.9,1.9493506493506492,31.189610389610387
Jauan JenningsJ. Jennings,WR,3,6.920634920634921,0.0,0.0,0.0,0.0,0.0,3.9206349206349205,53.06111111111111,0.33492063492063495,87.15,0.0,0.0,0.0,0.0,0.0,49.1,663.25,4.25,12.100000000000001,1.0,6.920634920634921,110.73015873015873
Dawson KnoxD. Knox,WR,3,2.81025641025641,0.0,0.0,0.0,0.0,0.0,1.9594017094017095,23.782478632478636,0.11623931623931624,34.2,0.0,0.0,0.0,0.0,0.0,23.25,290.95000000000005,1.4,12.0,1.0,2.81025641025641,44.96410256410256
Jermar JeffersonJ. Jefferson,TE,1,1.9,0.0,0.0,0.0,12.350000000000001,0.0,0.95,9.5,0.0,1.9,0.0,0.0,0.0,12.350000000000001,0.0,0.95,9.5,0.0,0.95,0.65,1.9,30.4
Zach GentryZ. Gentry,TE,1,0.6909090909090909,0.0,0.0,0.0,0.0,0.0,1.5545454545454547,9.413636363636362,0.0,7.6,0.0,0.0,0.0,0.0,0.0,17.099999999999998,103.55,0.0,10.45,0.1,0.6909090909090909,11.054545454545455
Byron PringleB. Pringle,TE,2,1.8698412698412699,0.0,0.0,0.0,0.0,0.0,1.4626984126984128,18.019841269841272,0.09047619047619047,13.70714285714286,0.0,0.0,0.0,0.0,0.0,11.942857142857143,144.53571428571428,0.5428571428571429,7.735714285714287,0.35,1.8698412698412699,29.917460317460318
Ainias SmithA. Smith,TE,1,0.0,0.0,0.0,0.0,0.95,0.0,1.4249999999999998,2.8499999999999996,0.0,0.0,0.0,0.0,0.0,1.9,0.0,2.8499999999999996,5.699999999999999,0.0,1.9,0.65,0.0,0.0
Jared WileyJ. Wiley,TE,1,0.0,0.0,0.0,0.0,0.0,0.0,0.95,6.649999999999999,0.0,0.0,0.0,0.0,0.0,0.0,0.0,0.95,6.649999999999999,0.0,0.95,0.65,0.0,0.0
Daniel JonesD. Jones,QB,3,15.051666666666668,211.70187500000003,0.7667916666666666,0.809875,33.25666666666667,0.23695833333333335,0.0,0.0,0.0,152.955,2082.5750000000003,7.920000000000001,7.205,324.00500000000005,2.475,0.0,0.0,0.0,10.56,1.0,15.051666666666668,240.82666666666668
Mike DavisM. Davis,TE,1,0.19000000000000003,0.0,0.0,0.0,3.42,0.0,0.38000000000000006,0.7600000000000001,0.0,0.95,0.0,0.0,0.0,17.099999999999998,0.0,1.9,3.8,0.0,4.75,0.1,0.19000000000000003,3.0400000000000005
Skyy MooreS. Moore,TE,2,1.9710884353741498,0.0,0.0,0.0,1.7659013605442178,0.0,1.614030612244898,18.64455782312925,0.05654761904761905,24.428571428571427,0.0,0.0,0.0,22.121428571428574,0.0,20.22142857142857,233.42857142857142,0.6785714285714286,11.942857142857143,0.35,1.9710884353741498,31.537414965986397
Reggie GilliamR. Gilliam,TE,2,0.7464285714285714,0.0,0.0,0.0,0.0,0.0,1.2214285714285715,6.717857142857143,0.06785714285714287,2.9857142857142858,0.0,0.0,0.0,0.0,0.0,2.85,20.764285714285716,0.27142857142857146,1.7642857142857145,0.35,0.7464285714285714,11.942857142857143
Cole BeasleyC. Beasley,TE,1,0.2375,0.0,0.0,0.0,0.0,0.0,1.425,8.3125,0.0,0.95,0.0,0.0,0.0,0.0,0.0,5.7,33.25,0.0,3.8,0.1,0.2375,3.8
Benjamin SnellB. Snell,TE,1,4.75,0.0,0.0,0.0,28.5,0.31666666666666665,0.6333333333333333,5.383333333333334,0.0,14.25,0.0,0.0,0.0,85.5,0.95,1.9,16.15,0.0,2.85,0.1,4.75,76.0
Dare OgunbowaleD. Ogunbowale,RB,3,1.6479642857142858,0.0,0.0,0.0,6.956250000000002,0.009000000000000003,0.9792857142857144,9.562071428571429,0.04875,18.630000000000003,0.0,0.0,0.0,76.23,0.09000000000000001,11.16,110.07000000000001,0.5850000000000001,9.495000000000001,1.0,1.6479642857142858,26.367428571428572
Marcus JohnsonM. Johnson,TE,1,1.5833333333333333,0.0,0.0,0.0,0.0,0.0,1.9,19.95,0.0,4.75,0.0,0.0,0.0,0.0,0.0,5.7,59.85,0.0,2.85,0.1,1.5833333333333333,25.333333333333332
Jahmyr GibbsJ. Gibbs,RB,2,13.280238095238095,0.0,0.0,0.0,66.43261904761906,0.6807142857142857,2.791904761904762,24.70952380952381,0.14785714285714285,196.15,0.0,0.0,0.0,980.1499999999999,10.05,40.95,365.0,2.2,13.25,0.9,13.280238095238095,212.48380952380953
Tim BoyleT. Boyle,RB,2,3.7333333333333334,89.80000000000001,0.3,0.55,2.3666666666666667,0.0,0.0,0.0,0.0,11.200000000000001,269.4,0.9,1.65,7.1000000000000005,0.0,0.0,0.0,0.0,2.7,0.9,3.7333333333333334,59.733333333333334
N'Keal HarryN. Harry,WR,1,2.7999999999999994,0.0,0.0,0.0,0.0,0.0,1.2,21.8,0.20000000000000004,14.0,0.0,0.0,0.0,0.0,0.0,6.000000000000001,109.0,1.0,5.0,0.1,2.7999999999999994,44.79999999999999
Calvin RidleyC. Ridley,WR,2,7.61875,0.0,0.0,0.0,2.854861111111111,0.04814814814814815,3.911574074074074,57.06157407407407,0.3141203703703704,116.55555555555556,0.0,0.0,0.0,43.22222222222222,0.7222222222222222,59.888888888888886,871.7222222222223,4.833333333333333,15.277777777777777,0.9,7.61875,121.9
Kenny GolladayK. Golladay,WR,1,2.0,0.0,0.0,0.0,0.0,0.0,2.0,25.5,0.0,4.0,0.0,0.0,0.0,0.0,0.0,4.0,51.0,0.0,2.0,0.1,2.0,32.0
Josh AllenJ. Allen,QB,3,29.078729166666673,266.5540625,1.9380625000000002,0.6563333333333334,37.82602083333334,0.8334791666666668,0.0,0.3336666666666667,0.04766666666666667,443.24500000000006,4066.1500000000005,29.535000000000004,10.12,575.2450000000001,12.760000000000003,0.0,5.005,0.7150000000000001,16.775000000000002,1.0,29.078729166666673,465.25966666666676
David Martin-RobinsonD. Martin-Robinson,TE,1,0.0,0.0,0.0,0.0,0.0,0.0,0.95,5.699999999999999,0.0,0.0,0.0,0.0,0.0,0.0,0.0,0.95,5.699999999999999,0.0,0.95,0.65,0.0,0.0
Anthony RichardsonA. Richardson,QB,2,18.15555555555556,175.0875,0.8069444444444446,0.9430555555555555,46.42777777777778,0.7388888888888888,0.07222222222222223,-0.07222222222222223,0.0,159.07222222222225,1617.427777777778,7.272222222222222,9.83888888888889,437.9833333333334,5.98888888888889,0.7944444444444445,-0.7944444444444445,0.0,9.961111111111112,0.9,18.15555555555556,290.48888888888894
Austin HooperA. Hooper,TE,3,2.6636233974358974,0.0,0.0,0.0,0.0,0.0,2.1676746794871797,23.674791666666668,0.135375,39.71,0.0,0.0,0.0,0.0,0.0,31.967499999999998,350.4075,2.0425000000000004,13.87,1.0,2.6636233974358974,42.61797435897436
Jacoby BrissettJ. Brissett,QB,3,10.544285714285715,149.96142857142857,0.7451190476190477,0.16630952380952385,11.910119047619048,0.015714285714285715,0.0,0.0,0.0,60.17000000000001,940.5000000000001,3.575,1.375,76.28500000000001,0.22000000000000003,0.0,0.0,0.0,6.380000000000002,1.0,10.544285714285715,168.70857142857145
Joe BurrowJ. Burrow,QB,3,26.367,296.31983333333335,2.520833333333334,0.6343333333333334,12.668333333333335,0.08433333333333333,0.0,0.0,0.0,372.13000000000005,4127.31,35.75,8.690000000000001,177.925,1.265,0.0,0.0,0.0,15.125000000000002,1.0,26.367,421.872
Rachaad WhiteR. White,RB,3,8.732357142857143,0.0,0.0,0.0,40.024258928571435,0.21573214285714284,3.2330357142857147,25.46183035714286,0.3049017857142857,127.89000000000003,0.0,0.0,0.0,588.87,3.1950000000000003,47.25,373.14000000000004,4.365,13.14,1.0,8.732357142857143,139.7177142857143
Gerald EverettG. Everett,TE,3,1.6423168498168499,0.0,0.0,0.0,0.18269230769230768,0.0,2.1100091575091575,14.852362637362637,0.07516483516483516,20.377499999999998,0.0,0.0,0.0,2.375,0.0,22.04,170.8575,0.9974999999999999,8.1225,1.0,1.6423168498168499,26.277069597069598
Alec IngoldA. Ingold,TE,3,1.1861805555555556,0.0,0.0,0.0,1.3966319444444444,0.08774305555555556,1.1617708333333334,9.723645833333332,0.010555555555555556,10.1175,0.0,0.0,0.0,11.2575,0.7124999999999999,10.07,84.55,0.095,8.17,1.0,1.1861805555555556,18.97888888888889
Peyton HendershotP. Hendershot,TE,3,0.5722619047619049,0.0,0.0,0.0,0.027142857142857142,0.013571428571428571,0.9449107142857143,7.580773809523809,0.027142857142857142,3.1825,0.0,0.0,0.0,0.19,0.095,3.61,29.165000000000003,0.19,3.4675000000000002,1.0,0.5722619047619049,9.156190476190478
Xavier SmithX. Smith,TE,1,1.4249999999999998,0.0,0.0,0.0,14.25,0.0,0.95,2.8499999999999996,0.0,2.8499999999999996,0.0,0.0,0.0,28.5,0.0,1.9,5.699999999999999,0.0,1.9,0.65,1.4249999999999998,22.799999999999997
Simi FehokoS. Fehoko,WR,3,3.5500000000000003,0.0,0.0,0.0,0.0,0.0,1.7000000000000002,26.416666666666668,0.25,7.550000000000001,0.0,0.0,0.0,0.0,0.0,4.45,73.55000000000001,0.25,2.4000000000000004,1.0,3.5500000000000003,56.800000000000004
Mark IngramM. Ingram,RB,1,2.7000000000000006,0.0,0.0,0.0,20.970000000000002,0.09000000000000002,1.4400000000000004,6.12,0.0,27.0,0.0,0.0,0.0,209.70000000000002,0.9,14.4,61.2,0.0,9.0,0.1,2.7000000000000006,43.20000000000001
Stone SmarttS. Smartt,WR,3,2.4833333333333334,0.0,0.0,0.0,0.0,0.0,2.0250000000000004,26.483333333333334,0.041666666666666664,14.9,0.0,0.0,0.0,0.0,0.0,11.75,157.2,0.25,5.7,1.0,2.4833333333333334,39.733333333333334
Brian HoyerB. Hoyer,RB,2,1.8642857142857145,83.76428571428573,0.0,0.6428571428571429,-0.9642857142857143,0.0,0.0,0.0,0.0,3.471428571428572,158.01428571428573,0.0,1.2857142857142858,-1.9285714285714286,0.0,0.0,0.0,0.0,1.542857142857143,0.35,1.8642857142857145,29.828571428571433
Parker WashingtonP. Washington,WR,2,4.296296296296296,0.0,0.0,0.0,0.0,0.0,3.0,34.32716049382716,0.19135802469135801,34.0,0.0,0.0,0.0,0.0,0.0,23.666666666666668,282.05555555555554,1.2777777777777777,7.888888888888889,0.9,4.296296296296296,68.74074074074073
Payne DurhamP. Durham,TE,2,1.1787037037037036,0.0,0.0,0.0,0.0,0.0,1.930787037037037,18.23472222222222,0.0,3.8,0.0,0.0,0.0,0.0,0.0,6.122222222222221,58.53055555555556,0.0,3.1138888888888885,0.9,1.1787037037037036,18.859259259259257
Dylan LaubeD. Laube,RB,1,-0.9,0.0,0.0,0.0,0.0,0.0,0.0,0.0,0.0,-0.9,0.0,0.0,0.0,0.0,0.0,0.0,0.0,0.0,0.9,0.65,-0.9,-14.4
Trayveon WilliamsT. Williams,TE,2,0.4123626373626374,0.0,0.0,0.0,5.741758241758242,0.0,0.5010989010989011,2.557692307692308,0.0,3.528571428571429,0.0,0.0,0.0,56.32142857142858,0.0,5.292857142857144,14.928571428571429,0.0,9.907142857142857,0.35,0.4123626373626374,6.597802197802198
Erick AllE. All,TE,1,1.9,0.0,0.0,0.0,0.0,0.0,2.7142857142857144,21.442857142857143,0.0,13.299999999999997,0.0,0.0,0.0,0.0,0.0,19.0,150.1,0.0,6.649999999999999,0.65,1.9,30.4
Chatarius AtwellC. Atwell,WR,3,3.8357142857142854,0.0,0.0,0.0,1.3097222222222222,0.0,2.666468253968254,37.30277777777778,0.07361111111111111,49.2,0.0,0.0,0.0,15.600000000000001,0.0,34.9,487.35,0.85,13.0,1.0,3.8357142857142854,61.37142857142857
Joshua KelleyJ. Kelley,RB,2,2.74310064935065,0.0,0.0,0.0,22.520454545454548,0.12711038961038965,0.6253246753246754,3.506493506493507,0.0,39.21428571428572,0.0,0.0,0.0,328.8857142857143,1.8,8.485714285714286,45.0,0.0,13.114285714285714,0.35,2.74310064935065,43.8896103896104
Charlie KolarC. Kolar,WR,2,2.3452380952380953,0.0,0.0,0.0,0.20634920634920634,0.0,1.2063492063492065,17.96031746031746,0.17261904761904762,14.333333333333334,0.0,0.0,0.0,1.4444444444444444,0.0,7.611111111111112,112.38888888888889,1.0,6.166666666666666,0.9,2.3452380952380953,37.523809523809526
Dezmon PatmonD. Patmon,WR,1,2.0,0.0,0.0,0.0,0.0,0.0,2.0,24.000000000000004,0.0,2.0,0.0,0.0,0.0,0.0,0.0,2.0,24.000000000000004,0.0,1.0,0.1,2.0,32.0
Julio JonesJ. Jones,TE,2,3.121428571428571,0.0,0.0,0.0,1.2214285714285715,0.0,1.5238775510204081,14.028979591836736,0.34510204081632656,25.107142857142858,0.0,0.0,0.0,12.214285714285714,0.0,12.621428571428574,122.55000000000003,2.5785714285714287,7.464285714285714,0.35,3.121428571428571,49.942857142857136
Eno BenjaminE. Benjamin,RB,1,4.5,0.0,0.0,0.0,25.363636363636367,0.16363636363636364,2.045454545454546,15.790909090909093,0.0,49.5,0.0,0.0,0.0,279.0,1.8,22.5,173.70000000000002,0.0,9.9,0.1,4.5,72.0
Greg DortchG. Dortch,TE,3,2.8377857142857144,0.0,0.0,0.0,1.5037142857142856,0.0,2.5256428571428566,25.39417857142857,0.1309642857142857,29.4025,0.0,0.0,0.0,18.7625,0.0,28.31,275.7375,1.2825,11.257499999999999,1.0,2.8377857142857144,45.40457142857143
Devin SingletaryD. Singletary,RB,3,5.376,0.09000000000000001,0.015,0.0,34.995,0.255,1.512,9.702000000000002,0.006,74.88000000000001,1.35,0.225,0.0,489.46500000000003,3.4650000000000003,20.97,135.18,0.09000000000000001,12.330000000000002,1.0,5.376,86.016
David JohnsonD. Johnson,TE,1,0.6333333333333333,0.0,0.0,0.0,7.6,0.0,0.6333333333333333,6.016666666666666,0.0,1.9,0.0,0.0,0.0,22.8,0.0,1.9,18.05,0.0,2.85,0.1,0.6333333333333333,10.133333333333333
Jordan AddisonJ. Addison,WR,2,9.685185185185185,0.0,0.0,0.0,1.1481481481481481,0.05555555555555556,4.333333333333333,60.592592592592595,0.6111111111111112,130.83333333333334,0.0,0.0,0.0,15.0,0.7222222222222222,58.77777777777777,819.3333333333333,8.277777777777779,13.555555555555557,0.9,9.685185185185185,154.96296296296296
Christian McCaffreyC. McCaffrey,RB,3,9.981562499999999,0.19125000000000003,0.005625000000000001,0.0,56.213437500000005,0.241875,3.5971875000000004,33.260625,0.1209375,108.81,3.0600000000000005,0.09000000000000001,0.0,544.9050000000001,3.87,31.230000000000004,275.94000000000005,1.935,7.38,1.0,9.981562499999999,159.70499999999998
Keith SmithK. Smith,TE,2,0.4523809523809524,0.0,0.0,0.0,0.5428571428571429,0.0,0.95,9.635714285714284,0.0,1.3571428571428572,0.0,0.0,0.0,0.5428571428571429,0.0,2.3071428571428574,24.564285714285717,0.0,2.3071428571428574,0.35,0.4523809523809524,7.238095238095238
Jaren HallJ. Hall,RB,1,0.6,50.4,0.0,0.3,4.2,0.0,0.0,0.0,0.0,1.8,151.20000000000002,0.0,0.9,12.6,0.0,0.0,0.0,0.0,2.7,0.25,0.6,9.6
Andrew BeckA. Beck,TE,2,1.3058730158730159,0.0,0.0,0.0,0.2261904761904762,0.07539682539682539,0.95,7.213968253968253,0.07539682539682539,10.450000000000001,0.0,0.0,0.0,2.0357142857142856,0.6785714285714286,7.464285714285714,49.942857142857136,0.6785714285714286,7.464285714285714,0.35,1.3058730158730159,20.893968253968254
Nico CollinsN. Collins,WR,3,11.140714285714285,0.0,0.0,0.0,0.125,0.0,5.537857142857144,83.57357142857143,0.535,122.05,0.0,0.0,0.0,1.75,0.0,60.45,914.45,5.8500000000000005,11.0,1.0,11.140714285714285,178.25142857142856
Kevin AustinK. Austin,WR,1,1.4,0.0,0.0,0.0,1.8000000000000003,0.0,1.6,19.6,0.0,6.999999999999999,0.0,0.0,0.0,9.0,0.0,8.0,98.0,0.0,5.0,0.65,1.4,22.4
Juwann WinfreeJ. Winfree,WR,1,1.0,0.0,0.0,0.0,0.0,0.0,1.0,17.0,0.0,1.0,0.0,0.0,0.0,0.0,0.0,1.0,17.0,0.0,1.0,0.1,1.0,16.0
Sam DarnoldS. Darnold,QB,3,18.147555555555556,207.48933333333335,1.709888888888889,0.5768888888888889,11.277444444444447,0.09166666666666669,0.0,0.0,0.0,249.37000000000003,2850.5400000000004,23.925,8.25,153.615,0.9350000000000002,0.0,0.0,0.0,13.750000000000002,1.0,18.147555555555556,290.3608888888889
Damien WilliamsD. Williams,TE,2,0.6785714285714286,0.0,0.0,0.0,10.26904761904762,0.0,0.4523809523809524,2.7142857142857144,0.0,2.0357142857142856,0.0,0.0,0.0,29.721428571428568,0.0,1.3571428571428572,8.142857142857142,0.0,2.3071428571428574,0.35,0.6785714285714286,10.857142857142858
Mecole HardmanM. Hardman,TE,3,2.2664285714285715,0.0,0.0,0.0,5.979910714285714,0.11196428571428571,1.7829464285714285,13.698660714285714,0.0475,16.435,0.0,0.0,0.0,41.9425,0.8075,11.9225,94.9525,0.38,6.27,1.0,2.2664285714285715,36.26285714285714
Tyler HuntleyT. Huntley,QB,3,8.667083333333334,108.24641666666668,0.4198333333333334,0.30433333333333334,20.013583333333337,0.26033333333333336,0.0,0.0,0.0,29.095000000000002,357.61000000000007,1.4850000000000003,1.0450000000000002,67.10000000000001,0.8250000000000001,0.0,0.0,0.0,3.7950000000000004,1.0,8.667083333333334,138.67333333333335
Noah FantN. Fant,TE,3,2.845798076923077,0.0,0.0,0.0,0.0,0.0,2.882823717948718,30.789378205128205,0.025333333333333333,36.004999999999995,0.0,0.0,0.0,0.0,0.0,36.0525,385.89000000000004,0.38,11.9225,1.0,2.845798076923077,45.53276923076923
AJ DillonA. Dillon,RB,2,5.710714285714285,0.0,0.0,0.0,38.11607142857144,0.19821428571428573,1.392857142857143,12.867857142857144,0.0,87.6857142857143,0.0,0.0,0.0,583.5857142857143,3.0857142857142863,21.34285714285715,196.32857142857142,0.0,13.757142857142858,0.35,5.710714285714285,91.37142857142857
Dak PrescottD. Prescott,QB,3,20.6878125,276.92718750000006,1.753125,0.9925000000000002,10.645625000000003,0.13375,0.0,0.0,0.0,223.08000000000004,2879.965,19.085000000000004,9.460000000000003,123.42,1.375,0.0,0.0,0.0,11.330000000000002,1.0,20.6878125,331.005
C.J. BoardC. Board,TE,1,0.0,0.0,0.0,0.0,0.0,0.0,0.95,5.7,0.0,0.0,0.0,0.0,0.0,0.0,0.0,0.95,5.7,0.0,0.95,0.1,0.0,0.0
Jaxon Smith-NjigbaJ. Smith-Njigba,TE,2,7.677407407407408,1.600925925925926,0.0,0.0,1.006296296296296,0.0,5.2434722222222225,59.938402777777775,0.34041666666666665,116.48055555555555,24.01388888888889,0.0,0.0,15.094444444444445,0.0,79.64166666666665,909.2027777777777,5.1722222222222225,14.513888888888888,0.9,7.677407407407408,122.83851851851853
Jelani WoodsJ. Woods,WR,1,4.3,0.0,0.0,0.0,0.0,0.0,2.4,30.3,0.3,42.99999999999999,0.0,0.0,0.0,0.0,0.0,24.000000000000004,303.0,3.0000000000000004,10.0,0.1,4.3,68.8
Myles GaskinM. Gaskin,TE,2,0.6016666666666667,0.0,0.0,0.0,1.2349999999999999,0.0,0.665,6.301666666666667,0.0,1.2033333333333334,0.0,0.0,0.0,2.4699999999999998,0.0,1.33,12.603333333333333,0.0,1.9,0.75,0.6016666666666667,9.626666666666667
Kameron JohnsonK. Johnson,RB,1,0.0,0.0,0.0,0.0,0.0,0.0,0.0,0.0,0.0,0.0,0.0,0.0,0.0,0.0,0.0,0.0,0.0,0.0,0.9,0.65,0.0,0.0
Richie JamesR. James,WR,2,1.9836734693877551,0.0,0.0,0.0,0.11428571428571431,0.0,1.9020408163265308,20.940136054421767,0.0761904761904762,24.857142857142858,0.0,0.0,0.0,1.7142857142857146,0.0,22.000000000000004,233.2857142857143,1.142857142857143,9.285714285714286,0.35,1.9836734693877551,31.738775510204082
Xavier HutchinsonX. Hutchinson,TE,2,0.822663139329806,0.0,0.0,0.0,1.4367283950617284,0.0,1.0873897707231042,11.382407407407408,0.0,6.227777777777777,0.0,0.0,0.0,12.930555555555555,0.0,8.022222222222222,84.60277777777777,0.0,7.177777777777777,0.9,0.822663139329806,13.162610229276895
Andre BaccelliaA. Baccellia,TE,1,0.475,0.0,0.0,0.0,0.0,0.0,1.425,9.2625,0.0,1.9,0.0,0.0,0.0,0.0,0.0,5.7,37.05,0.0,3.8,0.1,0.475,7.6
John Samuel ShenkerJ. Shenker,TE,1,0.0,0.0,0.0,0.0,0.0,0.0,0.95,6.649999999999999,0.0,0.0,0.0,0.0,0.0,0.0,0.0,0.95,6.649999999999999,0.0,0.95,0.65,0.0,0.0
Devontez WalkerD. Walker,WR,1,8.0,0.0,0.0,0.0,0.0,0.0,1.0,21.0,1.0,8.0,0.0,0.0,0.0,0.0,0.0,1.0,21.0,1.0,1.0,0.65,8.0,128.0
Brian RobinsonB. Robinson,RB,3,9.151607142857143,0.0,0.0,0.0,52.89482142857143,0.4853571428571428,1.426607142857143,13.223571428571429,0.05571428571428571,114.48,0.0,0.0,0.0,657.495,5.985,18.180000000000003,170.19000000000003,0.765,11.25,1.0,9.151607142857143,146.4257142857143
Amari RodgersA. Rodgers,WR,1,2.375,0.0,0.0,0.0,0.875,0.0,1.625,22.749999999999996,0.125,19.0,0.0,0.0,0.0,7.0,0.0,13.0,181.99999999999997,1.0,8.0,0.1,2.375,38.0
Elijah HigginsE. Higgins,TE,2,1.9559193121693117,0.0,0.0,0.0,0.0,0.0,1.481547619047619,13.457705026455026,0.15205026455026452,20.26666666666667,0.0,0.0,0.0,0.0,0.0,15.516666666666667,136.8,1.636111111111111,10.080555555555556,0.9,1.9559193121693117,31.294708994708987
Isaiah HodginsI. Hodgins,TE,3,1.5041666666666667,0.0,0.0,0.0,0.0,0.0,1.4830555555555556,12.962222222222223,0.12138888888888888,13.5375,0.0,0.0,0.0,0.0,0.0,9.025,90.725,1.0924999999999998,4.2275,1.0,1.5041666666666667,24.066666666666666
Jerick McKinnonJ. McKinnon,TE,2,5.061011904761905,0.2261904761904762,0.05654761904761905,0.0,8.227678571428571,0.07351190476190476,2.329761904761905,19.542857142857144,0.3619047619047619,69.21428571428571,2.7142857142857144,0.6785714285714286,0.0,118.07142857142857,0.95,31.621428571428577,269.25714285714287,4.885714285714286,12.485714285714284,0.35,5.061011904761905,80.97619047619048
Ronald Jones IIR. Jones,WR,1,0.7500000000000001,0.0,0.0,0.0,6.25,0.0,0.25,5.5,0.0,3.0000000000000004,0.0,0.0,0.0,25.0,0.0,1.0,22.0,0.0,4.0,0.1,0.7500000000000001,12.000000000000002
Tim JonesT. Jones,WR,3,1.3416666666666668,0.0,0.0,0.0,0.0,0.0,1.25,14.55,0.0,3.6500000000000004,0.0,0.0,0.0,0.0,0.0,4.1,41.5,0.0,2.85,1.0,1.3416666666666668,21.46666666666667
Jordan HowardJ. Howard,RB,1,0.0,0.0,0.0,0.0,0.9,0.0,0.0,0.0,0.0,0.0,0.0,0.0,0.0,0.9,0.0,0.0,0.0,0.0,0.9,0.1,0.0,0.0
Tyreik McAllisterT. McAllister,RB,1,0.9,0.0,0.0,0.0,9.9,0.0,0.0,0.0,0.0,0.9,0.0,0.0,0.0,9.9,0.0,0.0,0.0,0.0,0.9,0.65,0.9,14.4
Jake HaenerJ. Haener,RB,1,1.35,25.425,0.1125,0.1125,2.475,0.0,0.0,0.0,0.0,10.8,203.4,0.9,0.9,19.8,0.0,0.0,0.0,0.0,7.2,0.65,1.35,21.6
Alex ArmahA. Armah,TE,1,0.0,0.0,0.0,0.0,0.0,0.0,0.95,1.4249999999999998,0.0,0.0,0.0,0.0,0.0,0.0,0.0,1.9,2.8499999999999996,0.0,1.9,0.25,0.0,0.0
Dallin HolkerD. Holker,TE,1,0.95,0.0,0.0,0.0,0.0,0.0,0.95,9.5,0.0,0.95,0.0,0.0,0.0,0.0,0.0,0.95,9.5,0.0,0.95,0.65,0.95,15.2
Braylon SandersB. Sanders,TE,1,0.0,0.0,0.0,0.0,0.0,0.0,1.9,16.15,0.0,0.0,0.0,0.0,0.0,0.0,0.0,1.9,16.15,0.0,0.95,0.1,0.0,0.0
Andy DaltonA. Dalton,QB,3,13.440448717948719,190.3394871794872,1.2530128205128206,0.7911538461538462,6.1416666666666675,0.0,0.0,0.0,0.0,77.165,1103.41,7.425000000000001,5.280000000000001,33.330000000000005,0.0,0.0,0.0,0.0,6.2700000000000005,1.0,13.440448717948719,215.0471794871795
Jalen HurtsJ. Hurts,QB,3,26.23097321428572,231.02039583333334,1.426169642857143,0.5182440476190476,46.228973214285716,1.0272886904761906,0.0,0.0,0.0,397.0450000000001,3503.3900000000003,21.615000000000006,7.9750000000000005,697.8950000000001,15.565,0.0,0.0,0.0,16.665000000000003,1.0,26.23097321428572,419.6955714285715
Kenny YeboahK. Yeboah,TE,2,2.357407407407407,0.0,0.0,0.0,0.0,0.0,1.2138888888888888,13.563888888888888,0.22870370370370371,6.016666666666666,0.0,0.0,0.0,0.0,0.0,2.5861111111111112,25.913888888888888,0.6861111111111111,2.3222222222222224,0.9,2.357407407407407,37.718518518518515
Jha'Quan JacksonJ. Jackson,TE,1,-0.6333333333333333,0.0,0.0,0.0,-1.5833333333333333,0.0,0.31666666666666665,2.533333333333333,0.0,-1.9,0.0,0.0,0.0,-4.75,0.0,0.95,7.6,0.0,2.8499999999999996,0.65,-0.6333333333333333,-10.133333333333333
Jalen TolbertJ. Tolbert,TE,3,4.146071428571429,0.0,0.0,0.0,0.0,0.0,2.4225000000000003,28.004642857142855,0.2883928571428572,55.574999999999996,0.0,0.0,0.0,0.0,0.0,30.875,360.525,3.9425000000000003,11.21,1.0,4.146071428571429,66.33714285714287
Austin TrammellA. Trammell,WR,3,2.0333333333333337,0.0,0.0,0.0,0.0,0.0,1.7333333333333334,29.066666666666666,0.0,2.2,0.0,0.0,0.0,0.0,0.0,2.5,34.55,0.0,1.6,1.0,2.0333333333333337,32.53333333333334
Mike EvansM. Evans,WR,3,10.987708333333334,0.0,0.0,0.0,0.0,0.0,4.788333333333333,71.06729166666668,0.7306250000000001,146.9,0.0,0.0,0.0,0.0,0.0,63.75,952.35,9.700000000000001,13.3,1.0,10.987708333333334,175.80333333333334
Jake FergusonJ. Ferguson,TE,3,3.764375,0.0,0.0,0.0,0.0,0.0,3.9145937500000003,35.76354166666666,0.09321875,50.16,0.0,0.0,0.0,0.0,0.0,50.4925,467.02,1.3775,12.16,1.0,3.764375,60.23
Trevon WescoT. Wesco,WR,2,1.8095238095238095,0.0,0.0,0.0,0.0,0.0,0.9047619047619048,17.476190476190478,0.0,2.5714285714285716,0.0,0.0,0.0,0.0,0.0,1.2857142857142858,22.42857142857143,0.0,1.5714285714285716,0.35,1.8095238095238095,28.952380952380953
Sean TuckerS. Tucker,RB,2,3.4055555555555554,0.0,0.0,0.0,20.18888888888889,0.14444444444444443,0.7444444444444444,8.261111111111111,0.07222222222222222,30.150000000000002,0.0,0.0,0.0,170.20000000000002,1.3,5.7,69.85000000000001,0.65,6.6000000000000005,0.9,3.4055555555555554,54.48888888888889
John FitzPatrickJ. FitzPatrick,TE,1,0.0,0.0,0.0,0.0,0.0,0.0,0.95,1.9,0.0,0.0,0.0,0.0,0.0,0.0,0.0,0.95,1.9,0.0,0.95,0.65,0.0,0.0
Brenton StrangeB. Strange,TE,2,3.047916666666666,0.0,0.0,0.0,0.0,0.0,2.498148148148148,23.147453703703704,0.20231481481481478,30.241666666666667,0.0,0.0,0.0,0.0,0.0,26.019444444444442,250.0611111111111,1.636111111111111,9.025,0.9,3.047916666666666,48.76666666666666
D.K. MetcalfD. Metcalf,WR,3,8.466666666666667,0.0,0.0,0.0,0.0,0.0,4.627083333333333,69.55,0.37083333333333335,117.5,0.0,0.0,0.0,0.0,0.0,63.95,959.8500000000001,5.2,13.8,1.0,8.466666666666667,135.46666666666667
Jamison CrowderJ. Crowder,TE,3,4.06125,0.0,0.0,0.0,0.0,0.0,2.09,18.27166666666667,0.45916666666666667,14.06,0.0,0.0,0.0,0.0,0.0,7.8374999999999995,70.585,1.4725,3.42,1.0,4.06125,64.98
Teagan QuitorianoT. Quitoriano,WR,2,2.404761904761905,0.0,0.0,0.0,0.0,0.0,1.0952380952380951,14.642857142857144,0.1904761904761905,6.142857142857144,0.0,0.0,0.0,0.0,0.0,2.5714285714285716,32.142857142857146,0.5714285714285715,2.285714285714286,0.35,2.404761904761905,38.47619047619048
Danny GrayD. Gray,TE,1,0.475,0.0,0.0,0.0,4.2749999999999995,0.0,0.475,4.75,0.0,0.95,0.0,0.0,0.0,8.549999999999999,0.0,0.95,9.5,0.0,1.9,0.1,0.475,7.6
Mason SchreckM. Schreck,TE,1,0.0,0.0,0.0,0.0,0.0,0.0,0.95,2.85,0.0,0.0,0.0,0.0,0.0,0.0,0.0,1.9,5.7,0.0,1.9,0.1,0.0,0.0
Noah BrownN. Brown,WR,3,5.22086038961039,0.0,0.0,0.0,-0.03125,0.0,3.399431818181818,48.37978896103896,0.14301948051948055,52.75,0.0,0.0,0.0,-0.25,0.0,35.2,490.7,1.4500000000000002,10.55,1.0,5.22086038961039,83.53376623376624
DeVante ParkerD. Parker,WR,2,3.4563492063492065,0.0,0.0,0.0,0.0,0.0,2.6984126984126986,37.6984126984127,0.03174603174603175,37.0,0.0,0.0,0.0,0.0,0.0,30.000000000000004,408.5714285714286,0.28571428571428575,11.142857142857144,0.35,3.4563492063492065,55.301587301587304
Kene NwangwuK. Nwangwu,RB,2,0.0,0.0,0.0,0.0,3.042857142857143,0.0,0.2571428571428572,1.2857142857142858,0.0,0.0,0.0,0.0,0.0,8.614285714285716,0.0,0.2571428571428572,1.2857142857142858,0.0,2.185714285714286,0.35,0.0,0.0
Equanimeous St. BrownE. St. Brown,TE,2,1.4302197802197802,0.0,0.0,0.0,1.1274725274725277,0.0,1.3223443223443225,16.445787545787542,0.02087912087912088,11.807142857142857,0.0,0.0,0.0,14.657142857142858,0.0,8.142857142857142,114.27142857142857,0.27142857142857146,5.564285714285714,0.35,1.4302197802197802,22.883516483516484
Eric SaubertE. Saubert,TE,3,1.69575,0.0,0.0,0.0,0.0,0.0,1.280125,12.46875,0.135375,9.120000000000001,0.0,0.0,0.0,0.0,0.0,6.222499999999999,65.12249999999999,0.7124999999999999,4.3225,1.0,1.69575,27.132
Isaiah LikelyI. Likely,TE,3,4.93532196969697,0.0,0.0,0.0,0.0,0.0,2.7816287878787875,32.46912878787879,0.36740530303030305,57.949999999999996,0.0,0.0,0.0,0.0,0.0,32.775,381.42499999999995,4.3225,11.1625,1.0,4.93532196969697,78.96515151515152
Drew SampleD. Sample,TE,3,1.3672443181818181,0.0,0.0,0.0,-0.30874999999999997,0.0,1.6846306818181818,10.374431818181819,0.12036931818181817,12.4925,0.0,0.0,0.0,-2.4699999999999998,0.0,14.202499999999999,93.66999999999999,1.0924999999999998,7.7425,1.0,1.3672443181818181,21.87590909090909
Kyle RudolphK. Rudolph,TE,1,0.475,0.0,0.0,0.0,0.0,0.0,0.95,9.5,0.0,0.95,0.0,0.0,0.0,0.0,0.0,1.9,19.0,0.0,1.9,0.1,0.475,7.6
Tyler ScottT. Scott,TE,2,0.2858796296296296,0.0,0.0,0.0,0.9016203703703702,0.0,1.037962962962963,6.861111111111111,0.0,3.4305555555555554,0.0,0.0,0.0,10.819444444444445,0.0,4.908333333333333,44.59722222222222,0.0,3.8527777777777774,0.9,0.2858796296296296,4.5740740740740735
Salvon AhmedS. Ahmed,RB,2,2.586122448979592,0.0,0.0,0.0,8.533469387755101,0.143265306122449,1.5208163265306123,8.493061224489797,0.09183673469387756,16.97142857142857,0.0,0.0,0.0,53.871428571428574,0.9,10.542857142857143,58.62857142857144,0.6428571428571429,5.7857142857142865,0.35,2.586122448979592,41.377959183673475
Mar'Keise IrvingM. Irving,RB,1,9.3,0.0,0.0,0.0,55.199999999999996,0.42000000000000004,2.46,19.2,0.0,139.5,0.0,0.0,0.0,828.0,6.299999999999999,36.9,288.0,0.0,13.5,0.65,9.3,148.8
Terrace MarshallT. Marshall,TE,3,0.9370454545454545,0.0,0.0,0.0,0.0,0.0,1.6970454545454547,14.411931818181818,0.008636363636363636,7.1725,0.0,0.0,0.0,0.0,0.0,7.9799999999999995,84.2175,0.095,3.4675000000000002,1.0,0.9370454545454545,14.992727272727272
Rakim JarrettR. Jarrett,WR,2,1.5222222222222224,0.0,0.0,0.0,0.0,0.0,1.3777777777777778,19.655555555555555,0.0,7.611111111111112,0.0,0.0,0.0,0.0,0.0,6.888888888888889,98.27777777777777,0.0,5.0,0.9,1.5222222222222224,24.355555555555558
Caleb HuntleyC. Huntley,RB,1,2.85,0.0,0.0,0.0,27.45,0.075,0.15,0.225,0.0,34.2,0.0,0.0,0.0,329.40000000000003,0.9,1.8,2.7000000000000006,0.0,10.800000000000002,0.1,2.85,45.6
Chester RogersC. Rogers,RB,1,-0.9,0.0,0.0,0.0,0.0,0.0,0.0,0.0,0.0,-0.9,0.0,0.0,0.0,0.0,0.0,0.0,0.0,0.0,0.9,0.1,-0.9,-14.4
C.J. UzomahC. Uzomah,TE,2,1.6964285714285714,0.0,0.0,0.0,0.0,0.0,1.3797619047619047,11.807142857142857,0.15833333333333335,14.250000000000002,0.0,0.0,0.0,0.0,0.0,11.128571428571428,102.32857142857144,1.2214285714285715,7.328571428571429,0.35,1.6964285714285714,27.142857142857142
Bryce PerkinsB. Perkins,RB,1,2.7000000000000006,28.980000000000004,0.18000000000000005,0.3600000000000001,16.2,0.0,0.0,0.0,0.0,13.5,144.9,0.9,1.8,81.0,0.0,0.0,0.0,0.0,4.5,0.1,2.7000000000000006,43.20000000000001
Sean CliffordS. Clifford,RB,1,0.45,16.650000000000002,0.0,0.0,-0.9,0.0,0.0,0.0,0.0,0.9,33.300000000000004,0.0,0.0,-1.8,0.0,0.0,0.0,0.0,1.8,0.25,0.45,7.2
Zach EvansZ. Evans,RB,1,0.3,0.0,0.0,0.0,4.8,0.0,0.0,0.0,0.0,0.9,0.0,0.0,0.0,14.4,0.0,0.0,0.0,0.0,2.7,0.25,0.3,4.8
Joe FortsonJ. Fortson,TE,2,0.34380952380952384,0.0,0.0,0.0,0.0,0.0,0.9861904761904762,6.07095238095238,0.03619047619047618,2.4066666666666667,0.0,0.0,0.0,0.0,0.0,1.9633333333333334,17.796666666666667,0.2533333333333333,1.71,0.75,0.34380952380952384,5.5009523809523815
Tyler KroftT. Kroft,WR,1,0.7500000000000001,0.0,0.0,0.0,0.0,0.0,1.0,14.25,0.0,3.0000000000000004,0.0,0.0,0.0,0.0,0.0,4.0,57.0,0.0,4.0,0.1,0.7500000000000001,12.000000000000002
Troy FranklinT. Franklin,TE,1,2.3384615384615386,0.0,0.0,0.0,0.5846153846153846,0.0,1.8269230769230766,18.415384615384614,0.14615384615384616,30.4,0.0,0.0,0.0,7.6,0.0,23.75,239.39999999999998,1.9,12.350000000000001,0.65,2.3384615384615386,37.41538461538462
Kendall HintonK. Hinton,WR,1,2.4545454545454546,0.0,0.0,0.0,1.1818181818181819,0.0,2.1818181818181817,28.272727272727273,0.0,27.0,0.0,0.0,0.0,13.0,0.0,24.000000000000004,311.0,0.0,11.0,0.1,2.4545454545454546,39.27272727272727
Marquez Valdes-ScantlingM. Valdes-Scantling,WR,3,5.748832417582419,0.0,0.0,0.0,0.3035714285714286,0.0,1.9824175824175825,41.48447802197802,0.3585164835164835,52.10000000000001,0.0,0.0,0.0,2.3,0.0,19.55,390.45000000000005,3.0500000000000003,9.850000000000001,1.0,5.748832417582419,91.9813186813187
Jerrod MeansJ. Means,WR,1,5.333333333333333,0.0,0.0,0.0,0.0,0.0,3.0,39.333333333333336,0.3333333333333333,16.0,0.0,0.0,0.0,0.0,0.0,9.0,118.0,1.0,3.0,0.65,5.333333333333333,85.33333333333333
Jamari ThrashJ. Thrash,TE,1,0.95,0.0,0.0,0.0,0.0,0.0,1.4249999999999998,10.45,0.0,1.9,0.0,0.0,0.0,0.0,0.0,2.8499999999999996,20.9,0.0,1.9,0.65,0.95,15.2
Kyle PhilipsK. Philips,WR,2,2.047619047619048,0.0,0.0,0.0,0.0,0.0,2.3095238095238098,27.190476190476193,0.0,11.142857142857144,0.0,0.0,0.0,0.0,0.0,11.571428571428571,140.85714285714286,0.0,5.142857142857143,0.35,2.047619047619048,32.761904761904766
Brock BowersB. Bowers,TE,1,7.789999999999999,0.0,0.0,0.0,0.8866666666666666,0.0,6.3966666666666665,67.57666666666667,0.2533333333333333,116.85,0.0,0.0,0.0,13.299999999999997,0.0,95.94999999999999,1013.65,3.8,14.25,0.65,7.789999999999999,124.63999999999999
Mike WhiteM. White,RB,2,4.392857142857143,84.55714285714286,0.30000000000000004,0.3642857142857143,-0.38571428571428573,0.0642857142857143,0.0,0.0,0.0,18.642857142857146,354.0857142857143,1.4142857142857146,1.6714285714285717,-3.471428571428572,0.2571428571428572,0.0,0.0,0.0,4.885714285714286,0.35,4.392857142857143,70.28571428571429
Troy HairstonT. Hairston,TE,1,0.0,0.0,0.0,0.0,0.0,0.0,1.1875,4.5125,0.0,0.0,0.0,0.0,0.0,0.0,0.0,4.75,18.05,0.0,3.8,0.1,0.0,0.0
Davis MillsD. Mills,RB,3,3.1098214285714287,50.96732142857143,0.2025,0.08357142857142857,1.1619642857142858,0.012857142857142857,0.0,0.0,0.0,22.32,338.94000000000005,1.7100000000000002,1.1700000000000002,11.205000000000002,0.18000000000000002,0.0,0.0,0.0,3.33,1.0,3.1098214285714287,49.75714285714286
Luke McCaffreyL. McCaffrey,TE,1,0.95,0.0,0.0,0.0,0.0,0.0,1.5545454545454547,14.50909090909091,0.0,10.45,0.0,0.0,0.0,0.0,0.0,17.099999999999998,159.6,0.0,10.45,0.65,0.95,15.2
Jase McClellanJ. McClellan,RB,1,0.9,0.0,0.0,0.0,14.4,0.0,0.0,0.0,0.0,1.8,0.0,0.0,0.0,28.8,0.0,0.0,0.0,0.0,1.8,0.65,0.9,14.4
River CracraftR. Cracraft,TE,3,1.3656249999999999,0.0,0.0,0.0,0.0,0.0,1.2825,12.124375,0.106875,5.4624999999999995,0.0,0.0,0.0,0.0,0.0,3.8949999999999996,41.0875,0.4275,2.565,1.0,1.3656249999999999,21.849999999999998
Xavier WorthyX. Worthy,TE,1,6.586666666666667,0.0,0.0,0.0,5.953333333333333,0.19,3.23,35.40333333333333,0.31666666666666665,98.80000000000001,0.0,0.0,0.0,89.3,2.8499999999999996,48.44999999999999,531.05,4.75,14.25,0.65,6.586666666666667,105.38666666666667
K.J. OsbornK. Osborn,TE,3,3.0811666666666664,0.0,0.0,0.0,0.038000000000000006,0.0,2.209315476190476,21.18307738095238,0.2369345238095238,28.167499999999997,0.0,0.0,0.0,0.5700000000000001,0.0,20.4725,211.94500000000002,1.805,7.22,1.0,3.0811666666666664,49.29866666666666
Hunter RenfrowH. Renfrow,TE,2,1.9863636363636366,0.0,0.0,0.0,0.0,0.0,2.416810966810967,23.782900432900433,0.030158730158730163,20.22142857142857,0.0,0.0,0.0,0.0,0.0,24.83571428571429,245.50714285714287,0.27142857142857146,9.907142857142857,0.35,1.9863636363636366,31.781818181818185
Matt BarkleyM. Barkley,RB,1,0.0,0.0,0.0,0.0,-2.7,0.0,0.0,0.0,0.0,0.0,0.0,0.0,0.0,-2.7,0.0,0.0,0.0,0.0,0.9,0.25,0.0,0.0
Dameon PierceD. Pierce,TE,3,3.135,0.0,0.0,0.0,23.63620879120879,0.1539835164835165,0.6331593406593405,3.22739010989011,0.007307692307692308,33.345,0.0,0.0,0.0,252.225,1.4725,7.172499999999999,40.897499999999994,0.095,8.645,1.0,3.135,50.16
Deshaun WatsonD. Watson,QB,3,14.721666666666668,187.54816666666667,0.9415476190476192,0.5557619047619048,24.507476190476194,0.1699761904761905,0.0,0.0,0.0,95.26,1223.3650000000002,6.050000000000001,3.575,159.28000000000003,1.1,0.0,0.0,0.0,7.205,1.0,14.721666666666668,235.54666666666668
Kareem HuntK. Hunt,RB,3,7.4574107142857144,0.0,0.0,0.0,43.67973214285715,0.45401785714285725,1.52625,10.946517857142858,0.005625000000000001,94.23,0.0,0.0,0.0,547.605,5.805000000000001,19.485000000000003,138.285,0.09000000000000001,11.610000000000001,1.0,7.4574107142857144,119.31857142857143
Zay JonesZ. Jones,TE,3,2.098595238095238,0.0,0.0,0.0,0.11399999999999999,0.0,2.0614999999999997,18.286595238095238,0.09952380952380951,19.2375,0.0,0.0,0.0,1.71,0.0,15.9125,152.99749999999997,0.95,4.9399999999999995,1.0,2.098595238095238,33.57752380952381
Rashid ShaheedR. Shaheed,WR,3,8.89,0.0,0.0,0.0,4.930714285714286,0.010000000000000002,3.617857142857143,61.58857142857143,0.48142857142857143,61.10000000000001,0.0,0.0,0.0,33.1,0.1,26.25,435.75,3.1500000000000004,7.75,1.0,8.89,142.24
Mack HollinsM. Hollins,WR,3,4.26,0.02666666666666667,0.0,0.0,0.26666666666666666,0.0,2.3375,29.677083333333336,0.29750000000000004,50.15,0.4,0.0,0.0,4.0,0.0,26.900000000000002,338.25,3.65,11.3,1.0,4.26,68.16
Nick VannettN. Vannett,TE,2,1.8841666666666665,0.0,0.0,0.0,0.0,0.0,1.5675000000000001,11.566250000000002,0.20583333333333334,14.946666666666667,0.0,0.0,0.0,0.0,0.0,12.033333333333331,87.84333333333335,1.6466666666666667,7.093333333333334,0.75,1.8841666666666665,30.146666666666665
Michael MayerM. Mayer,TE,2,1.607523148148148,0.0,0.0,0.0,0.0,0.0,1.9659722222222222,17.06261574074074,0.043981481481481476,16.20277777777778,0.0,0.0,0.0,0.0,0.0,18.102777777777774,163.24166666666667,0.5277777777777778,8.655555555555555,0.9,1.607523148148148,25.720370370370368
Jalen ReagorJ. Reagor,WR,3,1.5023809523809524,0.0,0.0,0.0,-0.03928571428571426,0.0,1.144047619047619,17.326190476190476,0.014285714285714285,8.75,0.0,0.0,0.0,0.04999999999999982,0.0,6.65,99.95,0.1,5.8500000000000005,1.0,1.5023809523809524,24.038095238095238
Jamal AgnewJ. Agnew,WR,2,3.0892857142857144,0.0,0.0,0.0,1.7115384615384617,0.0,1.7335164835164838,24.02335164835165,0.15521978021978022,29.000000000000004,0.0,0.0,0.0,23.142857142857142,0.0,16.28571428571429,211.8571428571429,1.5714285714285716,9.428571428571429,0.35,3.0892857142857144,49.42857142857143
Khalil HerbertK. Herbert,TE,3,3.1940151515151514,0.0,0.0,0.0,21.889583333333334,0.17776515151515151,0.760719696969697,4.203749999999999,0.029507575757575757,32.3,0.0,0.0,0.0,226.6225,1.4725,6.887499999999999,41.03999999999999,0.33249999999999996,7.4575000000000005,1.0,3.1940151515151514,51.10424242424242
Ke'Shawn VaughnK. Vaughn,RB,3,0.09000000000000001,0.0,0.0,0.0,4.8375,0.0,0.1125,0.3375,0.0,0.405,0.0,0.0,0.0,14.219999999999999,0.0,0.54,1.4400000000000002,0.0,2.07,1.0,0.09000000000000001,1.4400000000000002
Trey LanceT. Lance,RB,2,0.2700000000000001,19.830000000000002,0.0,0.45,9.48,0.0,0.0,0.0,0.0,0.5400000000000001,39.660000000000004,0.0,0.9,18.96,0.0,0.0,0.0,0.0,1.8,0.75,0.2700000000000001,4.320000000000001
Ameer AbdullahA. Abdullah,RB,3,3.370568181818182,0.0,0.0,0.0,11.25902097902098,0.0975,2.311652097902098,14.954449300699302,0.1544318181818182,40.5,0.0,0.0,0.0,136.485,1.1700000000000002,27.855000000000004,179.95499999999998,1.8450000000000002,10.935,1.0,3.370568181818182,53.92909090909091
Cam SimsC. Sims,TE,1,0.7125,0.0,0.0,0.0,0.0,0.0,0.95,10.56875,0.0,5.7,0.0,0.0,0.0,0.0,0.0,7.6,84.55,0.0,7.6,0.1,0.7125,11.4
Parris CampbellP. Campbell,TE,3,3.1635,0.0,0.0,0.0,0.20266666666666666,0.0,2.80725,16.029666666666667,0.32775,13.679999999999998,0.0,0.0,0.0,3.04,0.0,13.87,98.41999999999999,0.9025,4.56,1.0,3.1635,50.616
JuJu Smith-SchusterJ. Smith-Schuster,WR,3,4.075411255411256,0.0,0.0,0.0,0.0,0.0,2.5586147186147183,31.302900432900437,0.22844155844155845,36.3,0.0,0.0,0.0,0.0,0.0,24.6,290.65,1.85,8.8,1.0,4.075411255411256,65.20658008658009
Christopher BrooksC. Brooks,RB,2,1.5444444444444445,0.0,0.0,0.0,16.12777777777778,0.0,0.7222222222222223,4.8388888888888895,0.0,9.4,0.0,0.0,0.0,92.15,0.0,6.5,43.550000000000004,0.0,6.6000000000000005,0.9,1.5444444444444445,24.711111111111112
Ja'Lynn PolkJ. Polk,TE,1,2.1374999999999997,0.0,0.0,0.0,0.0,0.0,1.4249999999999998,10.331249999999999,0.2375,17.099999999999998,0.0,0.0,0.0,0.0,0.0,11.399999999999999,82.64999999999999,1.9,7.6,0.65,2.1374999999999997,34.199999999999996
Caleb WilliamsC. Williams,QB,1,19.506666666666668,239.87333333333333,1.3933333333333333,0.3666666666666667,32.413333333333334,0.0,0.0,0.0,0.0,292.6,3598.1000000000004,20.900000000000002,5.5,486.20000000000005,0.0,0.0,0.0,0.0,16.5,0.65,19.506666666666668,312.1066666666667
Allen RobinsonA. Robinson,TE,3,0.8579230769230769,0.0,0.0,0.0,0.0,0.0,1.552153846153846,11.114634615384617,0.028499999999999998,9.785,0.0,0.0,0.0,0.0,0.0,12.445,104.26249999999999,0.28500000000000003,5.2725,1.0,0.8579230769230769,13.72676923076923
Logan ThomasL. Thomas,TE,2,3.841125541125541,0.0,0.0,0.0,0.09047619047619047,0.0,3.355844155844156,29.606277056277058,0.20562770562770563,54.557142857142864,0.0,0.0,0.0,1.3571428571428572,0.0,46.68571428571428,413.7928571428571,2.9857142857142858,13.164285714285715,0.35,3.841125541125541,61.45800865800866
Tyler JohnsonT. Johnson,TE,1,2.6125,0.0,0.0,0.0,0.0,0.0,2.6125,30.4,0.0,20.9,0.0,0.0,0.0,0.0,0.0,20.9,243.2,0.0,7.6,0.65,2.6125,41.8
Dalton SchultzD. Schultz,TE,3,4.289702380952381,0.0,0.0,0.0,0.0,0.0,3.311654761904762,34.208821428571426,0.20673809523809525,61.084999999999994,0.0,0.0,0.0,0.0,0.0,47.5,490.15250000000003,2.8974999999999995,13.7275,1.0,4.289702380952381,68.6352380952381
Tony PollardT. Pollard,RB,3,8.819812500000001,0.0,0.0,0.0,58.7394375,0.3193125,2.5783125000000005,15.656437500000003,0.018000000000000006,134.28,0.0,0.0,0.0,894.2400000000001,4.86,39.42,238.995,0.2700000000000001,13.725,1.0,8.819812500000001,141.11700000000002
Kevin HarrisK. Harris,WR,2,4.3238095238095235,0.0,0.0,0.0,17.495238095238097,0.29523809523809524,0.4761904761904762,12.857142857142858,0.0,14.000000000000002,0.0,0.0,0.0,58.42857142857143,1.0,1.4285714285714286,38.57142857142858,0.0,3.5714285714285716,0.35,4.3238095238095235,69.18095238095238
Laviska ShenaultL. Shenault,TE,3,0.4766193181818182,0.0,0.0,0.0,2.2737540584415585,0.008636363636363636,0.9624918831168832,7.236964285714286,0.008636363636363636,4.7975,0.0,0.0,0.0,19.759999999999998,0.095,7.932499999999999,61.56000000000001,0.095,7.2675,1.0,0.4766193181818182,7.625909090909091
Jordan AkinsJ. Akins,TE,3,1.9948615967365966,0.0,0.0,0.0,0.0,0.0,1.9410780885780885,19.89737907925408,0.07338141025641026,24.224999999999998,0.0,0.0,0.0,0.0,0.0,23.275,239.5425,0.9025,11.2575,1.0,1.9948615967365966,31.917785547785545
Avery WilliamsA. Williams,TE,1,0.95,0.0,0.0,0.0,6.582142857142857,0.06785714285714285,0.8821428571428571,4.139285714285713,0.0,13.299999999999999,0.0,0.0,0.0,92.14999999999999,0.95,12.35,57.949999999999996,0.0,13.299999999999999,0.1,0.95,15.2
Kalif RaymondK. Raymond,WR,3,3.56875,0.0,0.0,0.0,1.4290178571428571,0.0,2.122767857142857,27.362946428571426,0.178125,36.9,0.0,0.0,0.0,22.35,0.0,22.950000000000003,297.35,1.55,10.600000000000001,1.0,3.56875,57.1
Pierre StrongP. Strong,RB,3,1.5772500000000003,0.0,0.0,0.0,10.875,0.04125,0.89475,7.03275,0.0,14.22,0.0,0.0,0.0,103.72500000000001,0.315,8.190000000000001,66.42,0.0,8.91,1.0,1.5772500000000003,25.236000000000004
C.J. BeathardC. Beathard,QB,2,2.5404761904761908,48.45238095238096,0.13095238095238096,0.07857142857142858,4.269047619047619,0.0,0.0,0.0,0.0,15.400000000000004,285.2142857142857,0.7857142857142858,0.31428571428571433,26.242857142857144,0.0,0.0,0.0,0.0,5.971428571428572,0.35,2.5404761904761908,40.64761904761905
Eric GrayE. Gray,TE,2,0.4368827160493826,0.0,0.0,0.0,3.8190586419753085,0.0,1.015972222222222,6.803935185185185,0.0,3.272222222222222,0.0,0.0,0.0,24.805555555555554,0.0,7.4944444444444445,56.947222222222216,0.0,7.230555555555556,0.9,0.4368827160493826,6.990123456790122
Nick ChubbN. Chubb,RB,3,7.385625000000001,0.0,0.0,0.0,51.54750000000001,0.28687500000000005,0.939375,5.720625000000001,0.07312500000000001,57.06,0.0,0.0,0.0,362.79,2.8350000000000004,5.805000000000001,40.32000000000001,0.5850000000000001,6.570000000000001,1.0,7.385625000000001,118.17000000000002
D.J. MontgomeryD. Montgomery,WR,1,5.0,0.0,0.0,0.0,0.0,0.0,1.5,28.0,0.5,10.0,0.0,0.0,0.0,0.0,0.0,3.0,56.0,1.0,2.0,0.25,5.0,80.0
Ja'Tavion SandersJ. Sanders,TE,1,2.8499999999999996,0.0,0.0,0.0,0.0,0.0,2.755,28.689999999999994,0.095,28.5,0.0,0.0,0.0,0.0,0.0,27.549999999999997,286.9,0.95,9.5,0.65,2.8499999999999996,45.599999999999994
Kadarius ToneyK. Toney,RB,3,0.5240109890109891,0.0,0.0,0.0,0.47653846153846147,0.0,0.6473076923076925,4.892142857142858,0.04302197802197802,6.525,0.0,0.0,0.0,9.675000000000002,0.0,7.335000000000001,51.795,0.405,5.3100000000000005,1.0,0.5240109890109891,8.384175824175825
Tylan WallaceT. Wallace,WR,2,3.1777777777777776,0.0,0.0,0.0,0.0,0.0,1.5777777777777782,28.522222222222222,0.14444444444444446,19.066666666666666,0.0,0.0,0.0,0.0,0.0,9.066666666666666,168.33333333333334,0.8666666666666667,5.6000000000000005,0.75,3.1777777777777776,50.84444444444444
Jashaun CorbinJ. Corbin,TE,1,0.95,0.0,0.0,0.0,0.95,0.0,2.8499999999999996,11.399999999999999,0.0,0.95,0.0,0.0,0.0,0.95,0.0,2.8499999999999996,11.399999999999999,0.0,0.95,0.25,0.95,15.2
Jake BrowningJ. Browning,RB,2,4.34375,55.625,0.28125,0.1875,2.75625,0.09375,0.03125,-0.21875,0.0,34.75,445.0,2.25,1.5,25.95,0.75,0.25,-1.75,0.0,3.3,0.9,4.34375,69.5
Alexander MattisonA. Mattison,RB,3,5.8256250000000005,0.0,0.0,0.0,29.368125000000003,0.211875,2.025,16.786875000000002,0.099375,75.06,0.0,0.0,0.0,387.99,2.6100000000000003,25.920000000000005,211.77,1.35,11.835,1.0,5.8256250000000005,93.21000000000001
Puka NacuaP. Nacua,WR,2,10.73125,0.0,0.0,0.0,4.867361111111111,0.07222222222222223,6.736805555555556,87.2701388888889,0.3034722222222222,125.33333333333333,0.0,0.0,0.0,57.94444444444445,0.7222222222222222,77.88888888888889,1023.2222222222222,3.555555555555556,11.666666666666666,0.9,10.73125,171.7
Kylen GransonK. Granson,WR,3,1.9143772893772892,0.0,0.0,0.0,0.041666666666666664,0.0,1.7711996336996338,22.603434065934067,0.020833333333333332,18.05,0.0,0.0,0.0,0.5,0.0,16.85,208.10000000000002,0.25,8.85,1.0,1.9143772893772892,30.630036630036628
Kylin HillK. Hill,RB,1,0.0,0.0,0.0,0.0,6.3,0.0,0.0,0.0,0.0,0.0,0.0,0.0,0.0,6.3,0.0,0.0,0.0,0.0,0.9,0.1,0.0,0.0
James RobinsonJ. Robinson,TE,2,1.927142857142857,0.0,0.0,0.0,12.892857142857144,0.08142857142857142,0.9771428571428572,0.027142857142857166,0.05428571428571429,19.271428571428572,0.0,0.0,0.0,116.71428571428571,0.8142857142857144,3.6642857142857146,12.485714285714288,0.5428571428571429,3.392857142857143,0.35,1.927142857142857,30.834285714285713
Adam PrenticeA. Prentice,TE,2,-0.3392857142857143,0.0,0.0,0.0,4.56,0.0,0.8414285714285714,4.56,0.0,-0.6785714285714286,0.0,0.0,0.0,10.585714285714287,0.0,2.1714285714285717,10.585714285714287,0.0,2.7142857142857144,0.35,-0.3392857142857143,-5.428571428571429
Jalen BrooksJ. Brooks,WR,2,2.0666666666666664,0.0,0.0,0.0,0.0,0.0,1.488888888888889,20.666666666666668,0.07222222222222223,15.11111111111111,0.0,0.0,0.0,0.0,0.0,9.333333333333334,136.66666666666666,0.7222222222222222,7.777777777777778,0.9,2.0666666666666664,33.06666666666666
Audric EstimeA. Estime,RB,1,2.045454545454546,0.0,0.0,0.0,20.61818181818182,0.08181818181818182,0.32727272727272727,1.1454545454545455,0.0,22.5,0.0,0.0,0.0,226.8,0.9,3.6,12.599999999999998,0.0,9.9,0.65,2.045454545454546,32.727272727272734
Chris EvansC. Evans,TE,2,1.4023809523809523,0.0,0.0,0.0,8.142857142857142,0.0,0.95,2.7595238095238095,0.09047619047619047,2.85,0.0,0.0,0.0,8.142857142857142,0.0,1.4928571428571429,9.635714285714286,0.27142857142857146,1.4928571428571429,0.35,1.4023809523809523,22.438095238095237
Drake LondonD. London,TE,3,7.587220238095238,0.37321428571428567,0.0,0.0,-0.1235,0.0,4.911386904761905,59.34751785714286,0.3458452380952381,112.765,5.225,0.0,0.0,-1.8525,0.0,72.96000000000001,879.985,5.1775,14.107499999999998,1.0,7.587220238095238,121.39552380952381
Tommy DeVitoT. DeVito,RB,2,7.15,117.49375,0.25,0.09375,16.49375,0.03125,0.0,0.0,0.0,33.8,438.8,2.0,0.75,69.55,0.25,0.0,0.0,0.0,3.3,0.9,7.15,114.4
Xavier GipsonX. Gipson,TE,2,1.3079415954415954,0.0,0.0,0.0,1.3803418803418803,0.0202991452991453,1.0920940170940172,9.027029914529916,0.11435185185185186,11.399999999999999,0.0,0.0,0.0,17.944444444444443,0.2638888888888889,9.394444444444444,86.13333333333333,0.6861111111111111,7.5472222222222225,0.9,1.3079415954415954,20.927065527065526
Josh JacobsJ. Jacobs,RB,3,12.570391483516483,0.0,0.0,0.0,70.90590659340661,0.6727747252747253,2.2226167582417586,19.96423763736264,0.04178571428571429,176.535,0.0,0.0,0.0,996.8400000000001,9.450000000000001,31.05,278.82,0.5850000000000001,12.555,1.0,12.570391483516483,201.12626373626372
Cartavious BigsbyC. Bigsby,RB,2,5.425,0.0,0.0,0.0,37.11666666666667,0.34166666666666673,0.32083333333333336,2.675,0.0,70.15,0.0,0.0,0.0,480.1,4.4,4.15,34.65,0.0,11.450000000000001,0.9,5.425,86.8
Connor HeywardC. Heyward,TE,3,1.781626984126984,0.0,0.0,0.0,0.28500000000000003,0.0,1.448184523809524,10.679960317460317,0.16794642857142858,9.452499999999999,0.0,0.0,0.0,1.9949999999999999,0.0,8.93,68.5425,0.7124999999999999,5.272500000000001,1.0,1.781626984126984,28.506031746031745
David MontgomeryD. Montgomery,RB,3,11.265873626373628,0.12535714285714286,0.04178571428571429,0.0,53.93892857142857,0.7391208791208791,1.9852087912087917,18.169928571428574,0.006,155.52,1.7550000000000001,0.5850000000000001,0.0,742.95,10.170000000000002,27.720000000000006,254.25,0.09000000000000001,12.465,1.0,11.265873626373628,180.25397802197804
J.K. DobbinsJ. Dobbins,RB,3,9.779318181818182,0.0,0.0,0.0,51.53727272727273,0.6729545454545456,2.0178409090909093,10.973863636363637,0.011250000000000001,84.96000000000001,0.0,0.0,0.0,499.86000000000007,5.085000000000001,17.46,85.54500000000002,0.09000000000000001,7.380000000000001,1.0,9.779318181818182,156.4690909090909
Larry RountreeL. Rountree,WR,1,2.0,0.0,0.0,0.0,15.0,0.0,1.0,13.0,0.0,2.0,0.0,0.0,0.0,15.0,0.0,1.0,13.0,0.0,1.0,0.1,2.0,32.0
Devin DuvernayD. Duvernay,TE,3,1.0641826923076922,0.0,0.0,0.0,1.7360336538461536,0.007307692307692308,1.2797596153846154,9.832043269230768,0.021923076923076924,10.45,0.0,0.0,0.0,13.395000000000001,0.095,10.639999999999999,89.2525,0.28500000000000003,7.125,1.0,1.0641826923076922,17.026923076923076
Rico DowdleR. Dowdle,RB,2,6.670238095238096,0.0,0.0,0.0,47.175000000000004,0.07976190476190476,1.904761904761905,12.317857142857143,0.17261904761904762,94.25,0.0,0.0,0.0,665.7,1.15,26.900000000000002,173.95000000000002,2.45,12.85,0.9,6.670238095238096,106.72380952380954
Raheem BlackshearR. Blackshear,RB,3,1.0657142857142858,0.0,0.0,0.0,9.650714285714288,0.03,0.29285714285714287,2.376428571428572,0.0,4.590000000000001,0.0,0.0,0.0,23.445000000000004,0.2700000000000001,2.25,18.495,0.0,2.9699999999999998,1.0,1.0657142857142858,17.051428571428573
Christian KirkC. Kirk,WR,3,5.933333333333334,-0.020833333333333332,0.0,0.0,0.19375,0.0,3.8687500000000004,53.49583333333334,0.1875,61.6,-0.25,0.0,0.0,2.6,0.0,39.6,544.0,2.1,9.8,1.0,5.933333333333334,94.93333333333334
Adam ThielenA. Thielen,WR,3,7.409375,0.0,0.0,0.0,0.09375,0.0,5.090624999999999,57.53750000000001,0.3375,78.9,0.0,0.0,0.0,1.5,0.0,56.75,620.95,3.45,10.8,1.0,7.409375,118.55
Jordan LoveJ. Love,QB,3,20.76479166666667,247.36364583333338,1.913541666666667,0.8444791666666668,8.70375,0.12833333333333335,0.0,0.0,0.0,270.6,3189.67,24.805000000000003,10.89,121.71500000000002,1.815,0.0,0.0,0.0,13.420000000000002,1.0,20.76479166666667,332.23666666666674
Quintez CephusQ. Cephus,TE,1,0.95,0.0,0.0,0.0,0.0,0.0,1.9,14.25,0.0,0.95,0.0,0.0,0.0,0.0,0.0,1.9,14.25,0.0,0.95,0.1,0.95,15.2
Juwan JohnsonJ. Johnson,TE,3,4.375563811188811,0.0,0.0,0.0,0.0,0.0,2.8862062937062936,29.937539335664333,0.29189248251748257,52.012499999999996,0.0,0.0,0.0,0.0,0.0,34.199999999999996,355.72749999999996,3.4675000000000002,11.2575,1.0,4.375563811188811,70.00902097902097
Rasheen AliR. Ali,RB,1,1.35,0.0,0.0,0.0,15.3,0.0,0.0,0.0,0.0,2.7,0.0,0.0,0.0,30.6,0.0,0.0,0.0,0.0,1.8,0.65,1.35,21.6
Andy IsabellaA. Isabella,TE,1,0.6333333333333333,0.0,0.0,0.0,0.31666666666666665,0.0,0.6333333333333333,6.6499999999999995,0.0,1.9,0.0,0.0,0.0,0.95,0.0,1.9,19.95,0.0,2.85,0.1,0.6333333333333333,10.133333333333333
George KittleG. Kittle,WR,3,9.807142857142857,0.0,0.0,0.0,0.03125,0.0,4.815625000000001,69.54464285714286,0.5580357142857143,134.35000000000002,0.0,0.0,0.0,0.5,0.0,66.05000000000001,957.1500000000001,7.6,13.850000000000001,1.0,9.807142857142857,156.9142857142857
Easton StickE. Stick,QB,1,15.950000000000001,239.525,0.8250000000000001,0.275,18.425,0.275,0.0,0.0,0.0,63.800000000000004,958.1,3.3000000000000003,1.1,73.7,1.1,0.0,0.0,0.0,4.4,0.25,15.950000000000001,255.20000000000002
Brycen HopkinsB. Hopkins,TE,2,0.9409523809523811,0.0,0.0,0.0,0.0,0.0,1.0585714285714285,12.92904761904762,0.0,3.8,0.0,0.0,0.0,0.0,0.0,3.935714285714286,50.62142857142857,0.0,3.392857142857143,0.35,0.9409523809523811,15.055238095238098
Tyjae SpearsT. Spears,RB,2,4.887784090909092,0.0,0.0,0.0,19.51022727272727,0.2519886363636364,2.3610795454545457,18.138636363636365,0.0590909090909091,59.0,0.0,0.0,0.0,248.05000000000004,2.85,29.800000000000004,226.4,0.65,11.15,0.9,4.887784090909092,78.20454545454547
MyCole PruittM. Pruitt,TE,3,1.8494464285714285,0.0,0.0,0.0,0.0,0.0,1.1668035714285714,9.472857142857142,0.19305357142857144,11.020000000000001,0.0,0.0,0.0,0.0,0.0,6.84,57.8075,1.1400000000000001,5.51,1.0,1.8494464285714285,29.591142857142856
Dan ChisenaD. Chisena,WR,1,1.0,0.0,0.0,0.0,0.0,0.0,1.0,14.5,0.0,2.0,0.0,0.0,0.0,0.0,0.0,2.0,29.0,0.0,2.0,0.65,1.0,16.0
Sam HowellS. Howell,RB,2,3.075,74.865625,0.3125,0.9468749999999999,5.425,0.078125,0.0,0.0,0.0,68.7,963.8499999999999,5.0,5.4,67.3,1.25,0.0,0.0,0.0,4.65,0.9,3.075,49.2
Marquise BrownM. Brown,TE,3,4.702140151515151,0.0,0.0,0.0,0.463844696969697,0.0,4.666874999999999,45.21064393939394,0.10507575757575756,28.547500000000003,0.0,0.0,0.0,5.557499999999999,0.0,21.47,230.80249999999998,1.2349999999999999,4.5125,1.0,4.702140151515151,75.23424242424241
Tevin ColemanT. Coleman,WR,1,9.0,0.0,0.0,0.0,13.0,0.5,1.5000000000000002,22.0,0.5,18.0,0.0,0.0,0.0,26.0,1.0,3.0000000000000004,44.0,1.0,2.0,0.1,9.0,144.0
Scott MillerS. Miller,WR,3,2.803571428571429,0.0,0.0,0.0,0.1,0.0,2.2214285714285715,28.03035714285714,0.07142857142857142,10.05,0.0,0.0,0.0,0.8,0.0,7.7,86.30000000000001,0.5,3.8499999999999996,1.0,2.803571428571429,44.85714285714286
Trevor SiemianT. Siemian,QB,2,7.0321428571428575,157.37857142857146,0.55,0.942857142857143,8.917857142857144,0.0,0.0,0.0,0.0,24.671428571428574,571.6857142857144,1.885714285714286,3.4571428571428577,33.157142857142865,0.0,0.0,0.0,0.0,3.771428571428572,0.35,7.0321428571428575,112.51428571428572
Trevor LawrenceT. Lawrence,QB,3,18.667000000000005,241.53020833333338,1.2998333333333334,0.7755,16.56141666666667,0.3222083333333334,0.0,-0.35750000000000004,0.0,225.775,2918.685,15.730000000000002,9.185,207.9,3.7950000000000004,0.0,-3.575,0.0,13.035,1.0,18.667000000000005,298.6720000000001
Isaac GuerendoI. Guerendo,RB,1,5.154545454545455,0.0,0.0,0.0,31.172727272727272,0.32727272727272727,0.9,7.118181818181819,0.0,56.7,0.0,0.0,0.0,342.90000000000003,3.6,9.9,78.3,0.0,9.9,0.65,5.154545454545455,82.47272727272728
Derrick HenryD. Henry,RB,3,14.1748125,0.22087500000000002,0.034125,0.0,86.637375,0.7396875,1.17075,11.211375,0.078,215.28000000000003,3.51,0.54,0.0,1313.8200000000002,11.25,17.955,171.18,1.1700000000000002,13.725,1.0,14.1748125,226.797
Justice HillJ. Hill,RB,3,4.1160000000000005,0.0,0.0,0.0,16.406999999999996,0.084,2.1029999999999998,18.072000000000003,0.132,61.29,0.0,0.0,0.0,240.975,1.26,31.275000000000002,269.77500000000003,1.9800000000000002,13.23,1.0,4.1160000000000005,65.85600000000001
Rashee RiceR. Rice,WR,2,11.851851851851853,0.0,0.0,0.0,0.1886574074074074,0.0,7.149305555555555,85.61805555555556,0.6030092592592593,64.44444444444444,0.0,0.0,0.0,-0.11111111111111108,0.0,39.27777777777778,468.5555555555556,3.3888888888888884,6.611111111111111,0.9,11.851851851851853,189.62962962962965
D'Wayne EskridgeD. Eskridge,WR,3,1.1666666666666667,0.0,0.0,0.0,0.7916666666666667,0.0,0.7666666666666667,12.666666666666668,0.0,2.6,0.0,0.0,0.0,2.25,0.0,2.0,29.200000000000003,0.0,2.4000000000000004,1.0,1.1666666666666667,18.666666666666668
Justin JacksonJ. Jackson,RB,1,2.4545454545454546,0.0,0.0,0.0,13.745454545454546,0.08181818181818182,0.9,7.363636363636363,0.08181818181818182,27.0,0.0,0.0,0.0,151.20000000000002,0.9,9.9,81.0,0.9,9.9,0.1,2.4545454545454546,39.27272727272727
Maurice AlexanderM. Alexander,TE,1,0.0,0.0,0.0,0.0,0.0,0.0,0.95,6.6499999999999995,0.0,0.0,0.0,0.0,0.0,0.0,0.0,0.95,6.6499999999999995,0.0,0.95,0.1,0.0,0.0
Drew LockD. Lock,QB,2,8.717500000000001,140.62583333333333,0.3880555555555556,0.8647222222222223,21.725000000000005,0.1588888888888889,0.0,0.0,0.0,41.06666666666667,661.6500000000001,1.711111111111111,4.094444444444445,107.55555555555556,0.7944444444444445,0.0,0.0,0.0,5.194444444444445,0.9,8.717500000000001,139.48000000000002
Jordan WhittingtonJ. Whittington,TE,1,4.2749999999999995,0.0,0.0,0.0,0.0,0.0,4.2749999999999995,47.7375,0.0,17.099999999999998,0.0,0.0,0.0,0.0,0.0,17.099999999999998,190.95,0.0,3.8,0.65,4.2749999999999995,68.39999999999999
Greg DulcichG. Dulcich,TE,3,1.3299999999999998,0.0,0.0,0.0,0.0,0.0,2.2135,15.51825,0.019000000000000003,6.46,0.0,0.0,0.0,0.0,0.0,6.9350000000000005,62.272499999999994,0.19,2.6599999999999997,1.0,1.3299999999999998,21.279999999999998
Darrel WilliamsD. Williams,RB,1,2.16,0.0,0.0,0.0,18.36,0.18000000000000005,0.7200000000000002,1.62,0.0,10.800000000000002,0.0,0.0,0.0,91.8,0.9,3.6,8.1,0.0,4.5,0.1,2.16,34.56
Jahan DotsonJ. Dotson,TE,3,2.580346153846154,0.0,0.0,0.0,0.7362500000000001,0.0,1.9036538461538461,20.970884615384616,0.13957692307692307,29.639999999999997,0.0,0.0,0.0,7.362500000000001,0.0,21.6125,237.16749999999996,1.615,10.2125,1.0,2.580346153846154,41.285538461538465
Josiah DeguaraJ. Deguara,TE,3,0.33249999999999996,0.0,0.0,0.0,0.0,0.0,1.2689285714285714,8.288184523809523,0.0,1.615,0.0,0.0,0.0,0.0,0.0,4.9875,34.9125,0.0,3.4675000000000002,1.0,0.33249999999999996,5.319999999999999
Mike BooneM. Boone,RB,3,0.4714285714285715,0.0,0.0,0.0,6.340714285714285,0.0,0.3407142857142857,2.52,0.0,2.5200000000000005,0.0,0.0,0.0,27.225,0.0,2.385,17.64,0.0,3.9600000000000004,1.0,0.4714285714285715,7.542857142857144
Aidan O'ConnellA. O'Connell,QB,2,11.362301587301587,191.5134920634921,0.7595238095238096,0.5543650793650794,2.348412698412699,0.14404761904761906,0.0,0.0,0.0,90.81111111111113,1521.5444444444447,6.233333333333333,4.522222222222223,17.355555555555558,1.1,0.0,0.0,0.0,8.616666666666667,0.9,11.362301587301587,181.7968253968254
Jeffery WilsonJ. Wilson,TE,3,1.918208333333333,0.0,0.0,0.0,16.151979166666663,0.03166666666666666,0.9127916666666666,6.0289375,0.006333333333333333,18.8575,0.0,0.0,0.0,143.4025,0.475,7.0775,49.305,0.095,6.4125,1.0,1.918208333333333,30.69133333333333
Tyler GoodsonT. Goodson,RB,2,3.2857142857142856,0.0,0.0,0.0,18.557142857142857,0.09285714285714286,1.2285714285714286,6.9,0.09285714285714286,22.0,0.0,0.0,0.0,121.19999999999999,0.65,8.0,44.9,0.65,5.8,0.9,3.2857142857142856,52.57142857142857
Anthony SchwartzA. Schwartz,WR,1,3.25,0.0,0.0,0.0,14.25,0.25,1.0,12.75,0.0,13.0,0.0,0.0,0.0,57.0,1.0,4.0,51.0,0.0,4.0,0.1,3.25,52.0
Isaiah McKenzieI. McKenzie,TE,2,1.6285714285714286,0.0,0.0,0.0,2.0983516483516484,0.02087912087912088,1.5815934065934067,13.999450549450552,0.08351648351648353,20.357142857142858,0.0,0.0,0.0,24.428571428571427,0.27142857142857146,18.321428571428573,165.3,1.0857142857142859,10.314285714285715,0.35,1.6285714285714286,26.057142857142857
Dallas GoedertD. Goedert,TE,3,6.218001893939395,0.0,0.0,0.0,0.019791666666666666,0.0,4.504223484848485,51.34264204545455,0.23965909090909088,57.57,0.0,0.0,0.0,0.2375,0.0,41.894999999999996,474.2875,2.2325,8.835,1.0,6.218001893939395,99.48803030303031
Mo Alie-CoxM. Alie-Cox,WR,3,3.0233333333333334,0.0,0.0,0.0,0.0,0.0,1.7855555555555558,21.747222222222224,0.21166666666666667,21.6,0.0,0.0,0.0,0.0,0.0,12.350000000000001,149.8,1.6,7.15,1.0,3.0233333333333334,48.373333333333335
Khari BlasingameK. Blasingame,TE,1,0.475,0.0,0.0,0.0,6.175,0.0,0.7124999999999999,0.475,0.0,1.9,0.0,0.0,0.0,24.7,0.0,2.8499999999999996,1.9,0.0,3.8,0.25,0.475,7.6
Jared GoffJ. Goff,QB,3,24.036375000000003,297.29906250000005,2.2536250000000004,0.7310416666666667,3.6407708333333333,0.034375,0.05454166666666667,0.3680416666666667,0.04766666666666667,368.28000000000003,4561.59,34.48500000000001,11.22,55.44000000000001,0.55,0.8250000000000001,5.555000000000001,0.7150000000000001,16.885,1.0,24.036375000000003,384.58200000000005
Cam GrandyC. Grandy,TE,1,0.475,0.0,0.0,0.0,0.0,0.0,1.4249999999999998,5.699999999999999,0.0,0.95,0.0,0.0,0.0,0.0,0.0,2.8499999999999996,11.399999999999999,0.0,1.9,0.65,0.475,7.6
Cedric TillmanC. Tillman,TE,2,4.175308641975309,0.0,0.0,0.0,-0.146604938271605,0.0,2.73858024691358,31.15061728395062,0.22870370370370371,37.577777777777776,0.0,0.0,0.0,-1.3194444444444444,0.0,24.647222222222222,280.35555555555555,2.0583333333333336,8.55,0.9,4.175308641975309,66.80493827160494
Deonte HartyD. Harty,TE,2,0.9952380952380953,0.0,0.0,0.0,0.0,0.0,1.130952380952381,10.540476190476191,0.06785714285714287,10.585714285714287,0.0,0.0,0.0,0.0,0.0,10.042857142857144,97.17142857142856,0.6785714285714286,7.6,0.35,0.9952380952380953,15.923809523809524
Evan EngramE. Engram,TE,3,4.706788194444444,0.0,0.0,0.0,0.07718749999999999,0.0,5.1781597222222215,42.55274305555555,0.13689236111111108,56.0975,0.0,0.0,0.0,1.2349999999999999,0.0,60.2775,505.54249999999996,1.7099999999999997,10.8775,1.0,4.706788194444444,75.3086111111111
Terrell JenningsT. Jennings,RB,1,0.9,0.0,0.0,0.0,11.700000000000001,0.0,0.0,0.0,0.0,0.9,0.0,0.0,0.0,11.700000000000001,0.0,0.0,0.0,0.0,0.9,0.65,0.9,14.4
Brandon JohnsonB. Johnson,TE,3,1.7416666666666667,0.0,0.0,0.0,0.0,0.0,1.3164285714285713,13.5375,0.16738095238095235,10.924999999999999,0.0,0.0,0.0,0.0,0.0,4.75,56.097500000000004,1.045,2.5649999999999995,1.0,1.7416666666666667,27.866666666666667
Travis HomerT. Homer,TE,2,0.7441666666666666,0.0,0.0,0.0,5.905833333333334,0.0,0.8708333333333332,4.75,0.01583333333333333,4.3066666666666675,0.0,0.0,0.0,28.31,0.0,4.496666666666666,28.943333333333335,0.12666666666666665,4.3066666666666675,0.75,0.7441666666666666,11.906666666666666
De'Von AchaneD. Achane,RB,2,11.753333333333334,0.0,0.0,0.0,51.57666666666667,0.39166666666666666,3.9433333333333334,29.890000000000004,0.335,158.05,0.0,0.0,0.0,680.6500000000001,5.0,55.9,424.35,4.65,12.25,0.9,11.753333333333334,188.05333333333334
Josh PalmerJ. Palmer,WR,3,4.987301587301587,0.0,0.0,0.0,0.02857142857142857,0.0,2.9996031746031746,45.34166666666667,0.12341269841269842,61.35,0.0,0.0,0.0,0.4,0.0,37.55,560.2,1.4500000000000002,12.75,1.0,4.987301587301587,79.7968253968254
Deuce VaughnD. Vaughn,TE,2,0.5189814814814815,0.0,0.0,0.0,7.419675925925926,0.0,0.8224537037037037,4.846759259259259,0.0,2.4277777777777776,0.0,0.0,0.0,33.197222222222216,0.0,3.905555555555556,22.90555555555556,0.0,4.3277777777777775,0.9,0.5189814814814815,8.303703703703704
John RossJ. Ross,TE,1,0.0,0.0,0.0,0.0,0.0,0.0,0.95,5.699999999999999,0.0,0.0,0.0,0.0,0.0,0.0,0.0,0.95,5.699999999999999,0.0,0.95,0.65,0.0,0.0
Chigoziem OkonkwoC. Okonkwo,TE,3,3.157166666666667,0.0,0.0,0.0,0.11083333333333333,0.0,2.9877499999999997,29.009833333333333,0.11399999999999999,46.17,0.0,0.0,0.0,1.615,0.0,44.1275,425.4575,1.6624999999999999,13.964999999999998,1.0,3.157166666666667,50.51466666666667
Marvin JonesM. Jones,TE,2,1.5206959706959706,0.0,0.0,0.0,0.0,0.0,2.0496336996336995,18.35622710622711,0.06263736263736264,17.50714285714286,0.0,0.0,0.0,0.0,0.0,15.335714285714287,159.46428571428572,0.8142857142857144,5.564285714285714,0.35,1.5206959706959706,24.33113553113553
Cody HollisterC. Hollister,WR,1,2.5,0.0,0.0,0.0,0.0,0.0,1.5000000000000002,27.0,0.0,5.0,0.0,0.0,0.0,0.0,0.0,3.0000000000000004,54.0,0.0,2.0,0.1,2.5,40.0
Will DisslyW. Dissly,TE,3,2.6700277777777774,0.0,0.0,0.0,0.0,0.0,2.797486111111111,27.044916666666666,0.07045833333333333,32.3,0.0,0.0,0.0,0.0,0.0,33.1075,321.195,0.9025,10.9725,1.0,2.6700277777777774,42.72044444444444
Taysom HillT. Hill,RB,3,7.54125,4.220625,0.027,0.07312500000000001,28.88475,0.5407500000000001,2.164875,18.075375,0.042,75.24,52.56,0.405,0.5850000000000001,290.97,5.040000000000001,20.7,175.41,0.63,9.405,1.0,7.54125,120.66
Desmond RidderD. Ridder,QB,3,8.443809523809525,147.63898809523812,0.5539285714285714,0.5735714285714286,12.242738095238098,0.09821428571428573,0.019642857142857142,-0.11785714285714285,0.0,67.65,1072.72,4.18,4.455,84.86500000000001,1.375,0.275,-1.6500000000000001,0.0,7.040000000000001,1.0,8.443809523809525,135.1009523809524
Julius ChestnutJ. Chestnut,TE,2,1.1568888888888889,0.0,0.0,0.0,12.692,0.0,0.45599999999999996,3.5424444444444445,0.0,5.446666666666667,0.0,0.0,0.0,62.446666666666665,0.0,2.0266666666666664,14.25,0.0,4.496666666666666,0.75,1.1568888888888889,18.51022222222222
Trey BensonT. Benson,RB,1,2.5500000000000003,0.0,0.0,0.0,21.825,0.075,0.45,4.425000000000001,0.0,30.6,0.0,0.0,0.0,261.90000000000003,0.9,5.4,53.1,0.0,10.8,0.65,2.5500000000000003,40.800000000000004
Isaiah SpillerI. Spiller,RB,2,0.8485714285714286,0.0,0.0,0.0,8.965714285714286,0.0,0.5828571428571429,3.0971428571428574,0.0,6.814285714285715,0.0,0.0,0.0,72.25714285714287,0.0,4.628571428571429,25.200000000000003,0.0,7.071428571428572,0.35,0.8485714285714286,13.577142857142858
Corey ClementC. Clement,WR,1,1.6666666666666667,0.0,0.0,0.0,10.666666666666666,0.0,0.6666666666666666,9.666666666666666,0.0,5.0,0.0,0.0,0.0,32.0,0.0,2.0,29.000000000000004,0.0,3.0000000000000004,0.1,1.6666666666666667,26.666666666666668
Josh ReynoldsJ. Reynolds,WR,3,5.44469696969697,0.0,0.0,0.0,0.0,0.0,2.86969696969697,43.34659090909091,0.2731060606060606,40.2,0.0,0.0,0.0,0.0,0.0,20.25,306.25,2.2,7.449999999999999,1.0,5.44469696969697,87.11515151515152
AJ BarnerA. Barner,TE,1,2.4115384615384614,0.0,0.0,0.0,0.0,0.0,1.8269230769230766,15.419230769230767,0.21923076923076923,31.349999999999998,0.0,0.0,0.0,0.0,0.0,23.75,200.45,2.8499999999999996,12.350000000000001,0.65,2.4115384615384614,38.58461538461538
Blake WhiteheartB. Whiteheart,TE,1,4.2749999999999995,0.0,0.0,0.0,0.0,0.0,1.9,19.95,0.475,8.549999999999999,0.0,0.0,0.0,0.0,0.0,3.8,39.9,0.95,1.9,0.65,4.2749999999999995,68.39999999999999
Rondale MooreR. Moore,TE,2,3.879166666666667,0.0,0.0,0.0,7.656547619047619,0.04523809523809524,3.0196428571428573,28.567857142857143,0.07916666666666668,47.5,0.0,0.0,0.0,116.03571428571429,0.6785714285714286,35.557142857142864,330.1928571428572,0.95,12.35,0.35,3.879166666666667,62.06666666666667
Tyler BoydT. Boyd,TE,3,3.0349107142857146,0.15607142857142856,0.0,0.01484375,0.2956026785714286,0.0,2.971294642857143,31.250334821428577,0.06361607142857144,44.50750000000001,2.185,0.0,0.2375,4.465,0.0,43.5575,457.1875,0.95,13.774999999999999,1.0,3.0349107142857146,48.55857142857143
Jake FunkJ. Funk,WR,1,2.0,0.0,0.0,0.0,10.0,0.0,1.0,12.0,0.0,2.0,0.0,0.0,0.0,10.0,0.0,1.0,12.0,0.0,1.0,0.25,2.0,32.0
Wan'Dale RobinsonW. Robinson,TE,3,4.0945,0.0,0.0,0.0,2.2010595238095236,0.016964285714285713,4.5082023809523815,35.140952380952385,0.11513095238095238,56.61999999999999,0.0,0.0,0.0,31.6825,0.2375,63.412499999999994,487.3025,1.5675,13.157499999999999,1.0,4.0945,65.512
Brian ThomasB. Thomas,WR,1,10.8,0.0,0.0,0.0,2.0,0.0,4.866666666666666,72.53333333333333,0.6,162.0,0.0,0.0,0.0,30.0,0.0,73.0,1088.0,9.0,15.0,0.65,10.8,172.8
Jordan WilkinsJ. Wilkins,TE,1,1.425,0.0,0.0,0.0,13.775,0.0,1.425,6.8875,0.0,5.7,0.0,0.0,0.0,55.1,0.0,5.7,27.55,0.0,3.8,0.1,1.425,22.8
Kyle PittsK. Pitts,WR,3,4.881875,0.0,0.0,0.0,-0.0625,0.0,3.126875,40.71,0.21687500000000004,65.75,0.0,0.0,0.0,-1.0,0.0,42.2,548.55,2.9000000000000004,13.450000000000001,1.0,4.881875,78.11
Tyrod TaylorT. Taylor,RB,3,6.505,49.769999999999996,0.73,0.095,11.22,0.0,0.0,0.0,0.0,21.69,261.18,1.575,0.54,46.17,0.0,0.0,0.0,0.0,2.79,1.0,6.505,104.08
Zamir WhiteZ. White,RB,3,2.4135,0.0,0.0,0.0,20.332125,0.091875,0.7012500000000002,3.8625000000000003,0.0,22.455000000000002,0.0,0.0,0.0,189.27,0.81,6.66,37.575,0.0,8.28,1.0,2.4135,38.616
Gardner MinshewG. Minshew,QB,3,12.815,216.5221666666667,0.9845000000000002,0.9460000000000001,5.881333333333334,0.07700000000000001,0.0,0.0,0.0,143.16500000000002,2382.3250000000003,10.89,9.955000000000002,66.825,0.935,0.0,0.0,0.0,11.825000000000001,1.0,12.815,205.04
Isaiah WilliamsI. Williams,TE,1,0.0,0.0,0.0,0.0,0.0,0.0,1.9,5.699999999999999,0.0,0.0,0.0,0.0,0.0,0.0,0.0,1.9,5.699999999999999,0.0,0.95,0.65,0.0,0.0
Mac JonesM. Jones,QB,3,10.694326923076925,190.07745192307692,0.7899519230769231,0.9933173076923077,7.957644230769231,0.09783653846153847,0.0,0.0,0.0,101.69500000000001,1796.1350000000002,7.535,9.185,74.96500000000002,0.8250000000000001,0.0,0.0,0.0,10.175,1.0,10.694326923076925,171.1092307692308
Donovan Peoples-JonesD. Peoples-Jones,TE,2,2.4462500000000005,0.0,0.0,0.0,0.03619047619047619,0.0,2.000654761904762,25.448690476190475,0.05428571428571429,31.350000000000005,0.0,0.0,0.0,0.5428571428571429,0.0,23.478571428571428,304.54285714285714,0.8142857142857144,9.5,0.35,2.4462500000000005,39.14000000000001
Mason TiptonM. Tipton,TE,1,0.95,0.0,0.0,0.0,0.0,0.0,1.9,13.435714285714285,0.0,6.649999999999999,0.0,0.0,0.0,0.0,0.0,13.299999999999997,94.05000000000001,0.0,6.649999999999999,0.65,0.95,15.2
Godwin IgwebuikeG. Igwebuike,TE,1,0.0,0.0,0.0,0.0,3.8,0.0,0.95,2.85,0.0,0.0,0.0,0.0,0.0,3.8,0.0,0.95,2.85,0.0,0.95,0.1,0.0,0.0
Anthony GouldA. Gould,WR,1,2.0,0.0,0.0,0.0,0.0,0.0,1.0,23.0,0.0,2.0,0.0,0.0,0.0,0.0,0.0,1.0,23.0,0.0,1.0,0.65,2.0,32.0
Ryan FlournoyR. Flournoy,WR,1,1.5,0.0,0.0,0.0,0.0,0.0,1.7499999999999998,21.25,0.0,6.0,0.0,0.0,0.0,0.0,0.0,6.999999999999999,85.0,0.0,4.0,0.65,1.5,24.0
Cameron BrateC. Brate,TE,1,1.3722222222222222,0.0,0.0,0.0,0.0,0.0,2.111111111111111,18.366666666666664,0.0,12.35,0.0,0.0,0.0,0.0,0.0,19.0,165.29999999999998,0.0,8.549999999999999,0.1,1.3722222222222222,21.955555555555556
Tyrie ClevelandT. Cleveland,WR,1,2.0,0.0,0.0,0.0,0.0,0.0,2.0,28.0,0.0,2.0,0.0,0.0,0.0,0.0,0.0,2.0,28.0,0.0,1.0,0.1,2.0,32.0
Josh JohnsonJ. Johnson,RB,2,0.0,1.4600000000000002,0.0,0.0,0.6200000000000001,0.0,0.0,0.0,0.0,0.0,1.9799999999999998,0.0,0.0,1.1400000000000001,0.0,0.0,0.0,0.0,2.4600000000000004,0.75,0.0,0.0
Stephen SullivanS. Sullivan,TE,2,1.5122448979591838,0.0,0.0,0.0,0.0,0.0,1.4346938775510205,18.360204081632652,0.0,7.871428571428572,0.0,0.0,0.0,0.0,0.0,8.685714285714287,97.30714285714286,0.0,5.292857142857144,0.35,1.5122448979591838,24.19591836734694
Christian WatsonC. Watson,WR,3,6.814024864024864,0.0,0.0,0.0,0.8286324786324787,0.015384615384615385,2.7683372183372184,52.25858585858586,0.31091686091686094,72.65,0.0,0.0,0.0,9.55,0.2,29.450000000000003,559.2,3.25,10.7,1.0,6.814024864024864,109.02439782439782
Trishton JacksonT. Jackson,TE,1,0.95,0.0,0.0,0.0,0.0,0.0,0.95,4.2749999999999995,0.0,1.9,0.0,0.0,0.0,0.0,0.0,1.9,8.549999999999999,0.0,1.9,0.25,0.95,15.2
Braxton BerriosB. Berrios,TE,2,2.313786213786214,0.04175824175824176,0.02087912087912088,0.0,2.578571428571429,0.04175824175824176,1.9180319680319684,17.154095904095904,0.061688311688311695,26.871428571428574,0.5428571428571429,0.27142857142857146,0.0,32.16428571428572,0.5428571428571429,21.85,194.75,0.6785714285714286,10.992857142857142,0.35,2.313786213786214,37.02057942057942
Mike ThomasM. Thomas,WR,1,2.5,0.0,0.0,0.0,0.0,0.0,1.0,19.0,0.0,5.0,0.0,0.0,0.0,0.0,0.0,2.0,38.0,0.0,2.0,0.1,2.5,40.0
Kyle TraskK. Trask,RB,2,0.0,1.625,0.0,0.0,-0.775,0.0,0.0,0.0,0.0,0.0,3.25,0.0,0.0,-1.55,0.0,0.0,0.0,0.0,1.8,0.9,0.0,0.0
Ladd McConkeyL. McConkey,WR,1,8.5,0.0,0.0,0.0,0.0,0.0,4.928571428571429,68.57142857142857,0.35714285714285715,119.00000000000001,0.0,0.0,0.0,0.0,0.0,69.0,960.0,5.0,13.999999999999998,0.65,8.5,136.0
Xavier LegetteX. Legette,TE,1,4.6038461538461535,0.0,0.0,0.0,1.7538461538461538,0.0,2.9961538461538453,32.08076923076923,0.2923076923076923,59.849999999999994,0.0,0.0,0.0,22.799999999999997,0.0,38.949999999999996,417.04999999999995,3.8,12.350000000000001,0.65,4.6038461538461535,73.66153846153846
Gus EdwardsG. Edwards,RB,3,5.796818181818183,0.0,0.0,0.0,34.81823863636364,0.4292897727272728,0.32829545454545456,2.8503409090909093,0.0,73.44,0.0,0.0,0.0,422.505,5.535,4.455,44.01,0.0,10.754999999999999,1.0,5.796818181818183,92.74909090909092
Darrynton EvansD. Evans,RB,3,0.9149999999999999,0.0,0.0,0.0,8.2125,0.0375,0.29250000000000004,2.8275,0.0,4.77,0.0,0.0,0.0,34.74,0.225,1.665,13.995000000000001,0.0,2.205,1.0,0.9149999999999999,14.639999999999999
Jaylen WaddleJ. Waddle,WR,3,7.223214285714286,0.0,0.0,0.0,0.6205357142857143,0.0,4.423214285714286,61.30714285714286,0.22142857142857142,99.25,0.0,0.0,0.0,8.600000000000001,0.0,60.1,839.7,3.1,13.55,1.0,7.223214285714286,115.57142857142857
A.T. PerryA. Perry,WR,1,4.0,0.0,0.0,0.0,0.0,0.0,1.2857142857142858,27.571428571428573,0.2857142857142857,28.0,0.0,0.0,0.0,0.0,0.0,9.0,193.0,2.0,7.0,0.25,4.0,64.0
Bo MeltonB. Melton,WR,2,2.470899470899471,0.0,0.0,0.0,4.671957671957672,0.0,1.5343915343915344,21.976190476190474,0.09259259259259259,9.88888888888889,0.0,0.0,0.0,30.11111111111111,0.0,6.666666666666666,96.05555555555556,0.2777777777777778,5.888888888888888,0.9,2.470899470899471,39.53439153439154
Brandon BoldenB. Bolden,RB,2,2.592857142857143,0.0,0.0,0.0,8.764285714285716,0.2142857142857143,0.2892857142857143,1.8321428571428575,0.03214285714285715,10.02857142857143,0.0,0.0,0.0,36.900000000000006,0.6428571428571429,2.3142857142857145,14.65714285714286,0.2571428571428572,3.985714285714286,0.35,2.592857142857143,41.48571428571429
Ben SkowronekB. Skowronek,WR,3,1.578525641025641,0.0,0.0,0.0,0.5057692307692307,0.007692307692307693,1.3625,15.938141025641027,0.041666666666666664,10.0,0.0,0.0,0.0,3.95,0.1,8.65,93.45,0.25,5.4,1.0,1.578525641025641,25.256410256410255
Ty JohnsonT. Johnson,RB,3,3.5189285714285714,0.0,0.0,0.0,13.93107142857143,0.05178571428571429,0.9935714285714287,14.22857142857143,0.16285714285714287,42.165,0.0,0.0,0.0,149.535,0.675,11.610000000000001,179.55,1.9800000000000002,10.35,1.0,3.5189285714285714,56.30285714285714
